candidate_id,country,lat,lng,true_label,dist_to_train_m
LBR_cluster_7,LBR,6.213498980992716,-10.579834303563525,0,19174.490549591694
LBR_cluster_0,LBR,5.859194385107051,-10.050011377999615,0,85566.74990977455
ISL_cluster_30,ISL,63.97223388850194,-22.557062288991883,0,1348152.922127338
ISL_cluster_36,ISL,63.96344116598527,-22.53584907738996,0,1346730.0153755741
ISL_cluster_21,ISL,64.0812128326744,-21.96221608944913,0,1334754.315706226
ARM_cluster_139,ARM,40.1356643866496,44.40336954872161,0,25280.12018067409
ARM_cluster_16,ARM,39.82509603627036,44.71368989507637,0,62841.805972036454
ARM_cluster_143,ARM,40.09651193008492,44.32456009493464,0,19350.628110373684
ARM_cluster_330,ARM,40.022935710321455,44.46324237067704,0,33296.762277304115
ARM_cluster_306,ARM,40.15674531906534,44.28322809221997,0,15090.703761980472
ARM_cluster_640,ARM,40.308615682417305,44.47436521003687,0,36121.72734773828
ARM_cluster_597,ARM,40.244775817747495,44.58533160741746,0,42155.42320089413
ARM_cluster_857,ARM,40.775178609625,43.81779945199381,0,74127.65431479955
ARM_cluster_763,ARM,40.85337093317222,44.44975061223064,0,83878.30016940903
ARM_cluster_721,ARM,39.52157883739311,46.10138055699548,0,170923.85581354363
ARM_cluster_152,ARM,40.05808565636023,44.43947818646623,0,29968.62661349712
ESP_cluster_139,ESP,28.0676818642658,-16.52510813825811,0,10115.845110385226
ESP_cluster_94,ESP,28.07236723387296,-16.52596602984699,0,9750.688043993323
ESP_cluster_210,ESP,28.15489710663256,-16.483472310054452,0,2393.3097293736937
ESP_cluster_1029,ESP,42.86852233869437,-8.62984371423718,0,154041.72117010734
ESP_cluster_1054,ESP,42.84202307363399,-8.544764297275643,0,150115.54426988124
ESP_cluster_1123,ESP,42.85666873976661,-8.677955776826478,0,153452.7724693507
ESP_cluster_1041,ESP,42.86340468038354,-8.553674031968463,0,152565.48460865053
ESP_cluster_1304,ESP,42.31246171203375,-7.867130053726336,0,97605.19398745944
ESP_cluster_1060,ESP,42.38818555522524,-8.653027089466073,0,102271.02091066114
ESP_cluster_1475,ESP,42.46123582967461,-6.070146413194636,0,20285.941308366935
ESP_cluster_1166,ESP,42.852134064678495,-8.677983083629213,0,152958.56236642879
ESP_cluster_1523,ESP,43.30026972175308,-8.427822722846882,0,200125.06285500317
ESP_cluster_1533,ESP,43.31512021087556,-8.41994106760193,0,201747.6291682821
ESP_cluster_1388,ESP,42.57844845603168,-6.670191909308198,0,65683.25055602177
ESP_cluster_471,ESP,43.16120783586908,-6.097854722771424,0,67559.13080180825
ESP_cluster_493,ESP,39.49834824892276,-6.35682672443067,0,29116.600068478252
ESP_cluster_495,ESP,39.47393572292954,-6.351491172052293,0,28989.180008530384
ESP_cluster_441,ESP,43.33297039393678,-6.410492185295771,0,95032.10514206851
ESP_cluster_583,ESP,38.92416171250256,-6.366632169831463,0,6598.020895585423
ESP_cluster_560,ESP,38.84309891244476,-6.966737533975016,0,42738.69389369347
ESP_cluster_502,ESP,39.44468773611477,-6.3881203575480345,0,25491.897469229065
ESP_cluster_503,ESP,39.49680360864823,-6.359974729141892,0,28811.501738321942
ESP_cluster_587,ESP,38.91686297382724,-6.368102955631669,0,6242.650258563038
ESP_cluster_649,ESP,37.31971684387103,-6.881736308867574,0,48860.10023565828
ESP_cluster_741,ESP,37.22259886507588,-7.123332026001192,0,26223.711603761112
ESP_cluster_659,ESP,37.22029708223911,-7.121898009159491,0,26349.435847267876
ESP_cluster_782,ESP,37.21960650645824,-7.125331671657634,0,26045.50836073572
ESP_cluster_1522,ESP,43.47366982095232,-8.170146203362918,0,212466.84565152685
ESP_cluster_811,ESP,36.70778270485925,-6.136486473978749,0,4603.432851924089
ESP_cluster_842,ESP,42.10767470112332,-8.455924479019485,0,68245.87682699577
ESP_cluster_814,ESP,36.70505719099847,-6.146670785929479,0,5553.268238942732
ESP_cluster_812,ESP,36.70640727598101,-6.134418359889643,0,4454.409022354952
ESP_cluster_1612,ESP,43.11163399757167,-2.4117032441206865,0,147561.59230272585
ESP_cluster_597,ESP,38.90816304808893,-6.340064846490207,0,8512.880782120277
ESP_cluster_1633,ESP,43.01545555677967,-2.527728028579776,0,141442.40486483576
ESP_cluster_1607,ESP,43.24172428964416,-2.949817176668937,0,171744.9808196427
ESP_cluster_1636,ESP,43.31953215056425,-2.671448908436972,0,148242.07639537254
ESP_cluster_1643,ESP,43.32283580493984,-2.6757418500306343,0,148315.78199377263
ESP_cluster_1724,ESP,43.34574298493168,-5.970622089456678,0,85718.08976457904
ESP_cluster_708,ESP,37.21225318579247,-7.0476904057627685,0,32933.02147454638
ESP_cluster_1617,ESP,43.12008271544156,-2.4137053628924314,0,146986.57962768903
ESP_cluster_1817,ESP,37.60680507557741,-1.0272865556458457,0,47767.14618050104
ESP_cluster_1828,ESP,37.60560160616556,-1.0256083894151298,0,47963.9782440576
ESP_cluster_1818,ESP,37.99259625008774,-1.0294847808255558,0,30139.61408258725
ESP_cluster_1830,ESP,37.95857073783139,-1.0782555823961777,0,25406.826841493534
ESP_cluster_1890,ESP,35.30767610896515,-2.9568314826311823,0,69550.0366437514
ESP_cluster_1915,ESP,41.00492191853634,-5.647357921363638,0,10241.592138644735
ESP_cluster_1916,ESP,40.95125684130129,-5.691410428698883,0,3883.52245322943
ESP_cluster_1918,ESP,40.95976971405732,-5.733225244829518,0,2044.4979457257841
ESP_cluster_1931,ESP,40.93061566273431,-5.693184618049774,0,3778.5773592846235
ESP_cluster_1945,ESP,40.92928163716851,-5.691198544394248,0,3985.0855714733475
ESP_cluster_1958,ESP,40.92879347345965,-5.690070262777011,0,4092.7401692644657
ESP_cluster_1655,ESP,43.32040108890544,-3.074764675170934,0,175853.07850143535
ESP_cluster_1970,ESP,39.05507148710584,-3.5961629090739504,0,30200.897116194843
ESP_cluster_1815,ESP,37.83560142811387,-1.1721019492895246,0,20812.292214426576
ESP_cluster_1991,ESP,39.38678505832654,-3.228427398748975,0,2437.6445470498243
ESP_cluster_1963,ESP,40.95133516081157,-5.639479191845734,0,8163.85170384867
ESP_cluster_2099,ESP,40.41994345169115,-3.522181315034294,0,118877.76973883026
ESP_cluster_2079,ESP,40.60792865502445,-4.0495371676260055,0,146755.27374050624
ESP_cluster_2127,ESP,39.953003097376495,-3.700801669487264,0,76758.00682940875
ESP_cluster_2116,ESP,40.41706515678658,-3.521523408174952,0,118553.5251927171
ESP_cluster_2125,ESP,39.95205631655485,-3.702826441010085,0,76767.43659898565
ESP_cluster_2035,ESP,38.97875830284842,-1.842787524208009,0,122495.60784563259
ESP_cluster_2171,ESP,39.86485187119373,-3.936629903694647,0,82915.5692590041
ESP_cluster_2056,ESP,37.786801988082566,-3.775433916804491,0,159887.0901494005
ESP_cluster_2231,ESP,38.68615403510786,-4.084756551175086,0,88084.70812057593
ESP_cluster_2128,ESP,39.95388590643568,-3.701516499870608,0,76873.46215580047
ESP_cluster_2179,ESP,39.86100838679621,-3.941973393666581,0,82988.53389628438
ESP_cluster_2234,ESP,38.973749335837454,-3.943705144534285,0,61378.02572288016
ESP_cluster_2392,ESP,36.74619257948793,-3.497270777609002,0,147274.1791078348
ESP_cluster_2407,ESP,35.88156384314533,-5.356809701275775,0,95974.31584784141
ESP_cluster_2444,ESP,41.61286851300651,-4.759096631721414,0,57788.793043677666
ESP_cluster_2229,ESP,38.70898317305005,-4.110849668197919,0,88369.53645150771
ESP_cluster_2470,ESP,41.61148164479604,-4.79031925951892,0,56997.58006185776
ESP_cluster_2512,ESP,42.46911904640238,-2.473854764073233,0,80535.97600072899
ESP_cluster_2364,ESP,36.603118761810215,-4.6203028494500336,0,49245.1151361146
ESP_cluster_2518,ESP,42.36465017339961,-3.6178122999616513,0,119746.63236446095
ESP_cluster_2449,ESP,41.61139945030932,-4.786273039786562,0,57121.439838076505
ESP_cluster_2574,ESP,40.65881952630629,-4.665310083531265,0,95431.24044288762
ESP_cluster_2575,ESP,40.639056012462106,-4.693088852789146,0,94002.53766528502
ESP_cluster_2567,ESP,40.67396290371239,-4.682644373807269,0,93496.01287563497
ESP_cluster_2597,ESP,40.935156457554086,-4.164022638936228,0,132027.08508185955
ESP_cluster_2613,ESP,40.52886877254237,-3.383638563554726,0,128740.7854575121
ESP_cluster_2636,ESP,40.62349032292398,-3.201184937124225,0,138324.5984167616
ESP_cluster_2592,ESP,40.966895664078095,-4.094747104727444,0,137839.82703891522
ESP_cluster_2630,ESP,40.53003723623009,-3.387582550406151,0,128910.63896097765
ESP_cluster_2638,ESP,40.601025059294926,-3.2195333017494967,0,135835.08998846653
ESP_cluster_2737,ESP,42.54969258615988,-5.454748909568135,0,33380.6597843601
ESP_cluster_2675,ESP,43.32691139777515,-5.720057961500989,0,83933.99815189227
ESP_cluster_2727,ESP,42.60861647567253,-5.608850952110059,0,20850.013529599746
ESP_cluster_2775,ESP,42.67001419310869,-5.600438159081572,0,23548.719069014012
ESP_cluster_2635,ESP,40.64240466353974,-3.1780224336741507,0,138312.53352399805
ESP_cluster_2559,ESP,42.49662663609536,-2.440146027721995,0,83476.02332136952
ESP_cluster_2872,ESP,42.619828242295846,-5.697608820612496,0,14072.075571743473
ESP_cluster_2901,ESP,42.6184735340375,-5.698628835060515,0,13945.160841329813
ESP_cluster_2873,ESP,42.6173548120866,-5.695632208096806,0,14140.4362775523
ESP_cluster_3300,ESP,40.98001578647208,-0.4510176671366922,0,109156.50786126337
ESP_cluster_2730,ESP,42.602288895236384,-5.611099270493833,0,20569.296921154375
ESP_cluster_3347,ESP,42.84197578236041,-1.6126931804738287,0,125100.1224070859
ESP_cluster_3245,ESP,39.55626668468623,-0.4617747548212336,0,195922.7012504749
ESP_cluster_3298,ESP,40.97747475089347,-0.457209558018584,0,109737.82268585665
ESP_cluster_3353,ESP,42.8378028854172,-1.5779712494844351,0,122598.74960639898
ESP_cluster_3531,ESP,41.92078228537348,2.253471115343635,0,7045.876790944325
ESP_cluster_3526,ESP,41.3386809373581,1.9936135435184004,0,69522.38518939655
ESP_cluster_3568,ESP,42.26538487530587,2.945376954499886,0,5388.561596654149
ESP_cluster_3549,ESP,41.92681716276962,2.2798348611242125,0,8846.613295421845
ESP_cluster_3555,ESP,42.28775212279624,2.9483520357192794,0,7647.0996768999985
ESP_cluster_3559,ESP,42.27389127697853,2.946784334920966,0,6237.844701713087
ESP_cluster_3634,ESP,41.12357128411716,1.1017085916131126,0,69095.24297588509
ESP_cluster_3658,ESP,42.462997287477606,1.9858404902150948,0,59314.689409687155
ESP_cluster_3354,ESP,42.78740119919479,-1.619631782907106,0,121891.58827444552
BEL_cluster_1000,BEL,51.19146380909369,5.244378521708168,0,15000.223669727271
BEL_cluster_1100,BEL,51.17286224145975,4.476185735930423,0,35163.62788279401
BEL_cluster_1114,BEL,51.05857609899776,4.522459271791007,0,38549.262091312754
BEL_cluster_1244,BEL,51.22885176231833,4.509088409789016,0,30976.899128716483
BEL_cluster_1163,BEL,50.78418823235063,4.290643123290231,0,33090.39509493754
BEL_cluster_1271,BEL,51.20783660936088,4.346446881141864,0,25780.70713786954
BEL_cluster_1357,BEL,50.99406200569058,4.475038519235652,0,36877.7238502505
BEL_cluster_1430,BEL,51.02806597748013,4.295301456140873,0,30650.88022525896
BEL_cluster_1412,BEL,50.80889658609888,4.440496541722697,0,24341.670151653056
BEL_cluster_1439,BEL,51.33359386642056,4.95822040008018,0,6345.041403870421
BEL_cluster_1633,BEL,51.32884721314248,4.38283594079926,0,30836.203742564765
BEL_cluster_1284,BEL,50.90749222547021,4.314944481098703,0,37737.87952486493
BEL_cluster_1478,BEL,51.38672085161347,4.729990084645881,0,7708.597564845086
BEL_cluster_1384,BEL,51.22597322967231,4.512560777556093,0,31048.348274785843
BEL_cluster_1783,BEL,50.15573541866582,4.854405133226969,0,61295.52615055426
BEL_cluster_1751,BEL,51.13792784841136,5.769564165350349,0,4992.954675950983
BEL_cluster_1835,BEL,50.39888238068433,4.097933555572594,0,44597.922841041196
BEL_cluster_1837,BEL,50.44215156054283,3.936507857596106,0,41344.06732420355
BEL_cluster_1862,BEL,50.46884196544755,4.056758824589774,0,48515.269443575206
BEL_cluster_1870,BEL,50.47003047925345,4.282249420035039,0,41529.095201740485
BEL_cluster_1939,BEL,50.56752726521622,4.055144057530346,0,50762.70286688344
BEL_cluster_2,BEL,50.77961859177993,3.225309977350338,0,15342.739143235214
BEL_cluster_1990,BEL,50.40997240052097,3.903392408832605,0,37074.225280929655
BEL_cluster_1852,BEL,50.46276501301517,4.164798901152998,0,48736.8908162325
BEL_cluster_2063,BEL,50.68482968277821,4.130311347946231,0,43186.621004913504
BEL_cluster_2059,BEL,50.66975145003494,4.1834947469676775,0,39569.3743815356
BEL_cluster_358,BEL,50.76659700856011,2.896360732792176,0,6247.298018330581
BEL_cluster_1863,BEL,50.48926643836689,4.115858238781828,0,50197.692315034845
BEL_cluster_38,BEL,51.29410054858561,3.193458024523663,0,21040.66125999368
BEL_cluster_53,BEL,51.04081115113676,3.218426919716728,0,3986.2329327722305
BEL_cluster_724,BEL,49.7163778140638,5.174810394164326,0,48711.451046140835
BEL_cluster_512,BEL,50.65481556843012,5.67687328194734,0,49590.25054183263
BEL_cluster_716,BEL,49.98935605315419,4.882749736287006,0,59041.48748833265
BEL_cluster_751,BEL,49.61576272631569,5.718376707084934,0,41331.28663764964
BEL_cluster_733,BEL,49.79658596144869,5.073022731767103,0,50230.827522495405
BEL_cluster_616,BEL,50.59874558356021,5.848814468373069,0,58154.29404958734
BEL_cluster_747,BEL,49.723662132458855,5.535476854474879,0,31845.343015053993
BEL_cluster_741,BEL,49.590862733395326,5.723822223159406,0,44107.623978011536
BEL_cluster_793,BEL,49.72739148164227,5.64276540938436,0,29295.371715996644
BEL_cluster_828,BEL,51.01610870310018,5.525267175549798,0,10437.911709436727
BEL_cluster_840,BEL,51.01568683702161,5.466910445074493,0,7547.473653586547
TJK_cluster_188,TJK,39.95500664323206,68.9988019086192,0,51294.14408038028
TJK_cluster_324,TJK,40.28235385361542,69.58007396362251,0,10834.370653995056
TJK_cluster_413,TJK,38.51958552036314,68.2238723804675,0,7632.10288907612
CHE_cluster_106,CHE,46.23809577324576,6.081248532151144,0,3269.4401215042512
CHE_cluster_114,CHE,46.3902592120747,6.223073171000125,0,18593.63392687697
MNE_cluster_19,MNE,42.451124666165626,18.57419815232057,0,51954.93058388953
CHE_cluster_108,CHE,46.27335990506589,6.16454891147886,0,7853.8641018915705
MNE_cluster_61,MNE,42.38903225951779,19.228470080385488,0,5671.292567845918
CHE_cluster_123,CHE,46.16043208531335,6.072193997794796,0,11614.967386307895
CHE_cluster_126,CHE,46.37442449131018,6.165793337170673,0,14525.868063089149
CHE_cluster_39,CHE,47.46028405727088,8.409908951898556,0,10982.727626954744
CHE_cluster_165,CHE,45.99338955602681,8.912475774369069,0,43080.392615740784
CHE_cluster_6,CHE,46.94913867065211,7.376473031803222,0,86790.14102674082
CHE_cluster_28,CHE,46.91386866391968,7.420179606149114,0,86880.50893688727
CHE_cluster_75,CHE,47.4702884861494,8.395865492318684,0,10218.8705283794
CHE_cluster_48,CHE,47.45849821461138,8.311965744376677,0,3858.867695172641
BWA_cluster_3,BWA,-19.98606893994865,23.46946993549895,0,161867.8941717072
HRV_cluster_391,HRV,45.441080039550656,17.66293009503452,0,34852.50471159774
HRV_cluster_547,HRV,44.815452035329095,13.932552111637715,0,7372.727076550371
HRV_cluster_580,HRV,45.430546521529386,13.52663811446105,0,54500.10794223817
HRV_cluster_631,HRV,44.02562250734008,16.195964752569218,0,171271.9719936442
HRV_cluster_653,HRV,42.9380120005657,16.78328312798641,0,190293.65082724128
HRV_cluster_75,HRV,45.66302220705733,15.643837339139948,0,27065.98826149401
HRV_cluster_666,HRV,43.58959419263879,16.555987516533055,0,194014.80556053793
HRV_cluster_669,HRV,43.6989954592198,16.64758052702371,0,179820.08969560728
HRV_cluster_1012,HRV,45.32481645511447,18.41959220257576,0,20164.506974929653
HRV_cluster_1017,HRV,45.54129459430047,18.672392514250586,0,13812.718062916983
HRV_cluster_1046,HRV,45.56422910755527,18.6371174793911,0,12664.099632355223
HRV_cluster_1087,HRV,42.661756678853706,18.13552471719453,0,91251.55709304856
HRV_cluster_921,HRV,45.26935960276104,18.80414181996628,0,19605.95919099438
TZA_cluster_218,TZA,-3.4283975180903634,37.0697279681962,0,33743.10847342732
TZA_cluster_307,TZA,-6.5707850462473685,39.11792518194593,0,31321.229731136686
TZA_cluster_396,TZA,-3.374792037235393,36.78634714612706,0,39535.62533710396
QAT_cluster_162,QAT,25.39319065262702,51.20960687775535,0,20520.120979248117
QAT_cluster_297,QAT,25.47277176263596,51.46317320211317,0,13816.010913046544
QAT_cluster_183,QAT,25.164092726602703,51.264559561243416,0,45383.492527542745
QAT_cluster_300,QAT,25.2222764736278,51.35199587297366,0,37762.699934849625
QAT_cluster_305,QAT,25.14382382026381,51.5630072133056,0,50462.13755045443
QAT_cluster_2,QAT,24.89347109022258,51.02990792013959,0,77192.6948508577
QAT_cluster_307,QAT,25.17591775906654,51.56329974537335,0,47208.4993868185
QAT_cluster_311,QAT,25.138006196823248,51.56289952438303,0,51054.30935814286
QAT_cluster_375,QAT,25.15068043798005,51.56085060831276,0,49675.503338394126
QAT_cluster_324,QAT,25.27918671383018,51.57758514864668,0,37866.30907970864
QAT_cluster_383,QAT,25.1702548207478,51.53752732809245,0,46771.68540762748
QAT_cluster_392,QAT,25.30743605569076,51.35331657805413,0,28296.611661712235
QAT_cluster_87,QAT,25.763184030160776,51.27468471899078,0,11273.37733135901
MLI_cluster_7,MLI,13.456369643722942,-6.222394479086831,0,63085.99218308196
LKA_cluster_204,LKA,6.81762516045138,80.045389729159,0,19744.000213597115
LKA_cluster_632,LKA,9.303378073029185,80.48525918265871,0,154367.80330786132
ZWE_cluster_16,ZWE,-16.530289603113097,28.81575998835637,0,158061.00437160637
SDN_cluster_953,SDN,21.0401558408492,37.247541606118766,0,248489.28794741083
SYR_cluster_1250,SYR,33.42692617475608,36.39051142312624,0,8393.395112993798
HND_cluster_425,HND,13.29535093153976,-87.14970454385026,0,81721.08663467596
HND_cluster_181,HND,14.392374711559546,-87.61608053607462,0,175835.57433372134
HND_cluster_576,HND,13.516211597256165,-87.5766910020768,0,129099.19819051551
HND_cluster_575,HND,13.525157696894375,-87.54819517088401,0,126204.11560696103
HND_cluster_577,HND,13.51044887677146,-87.55587732279909,0,126779.97403596951
HND_cluster_581,HND,13.509582798506344,-87.55688788684226,0,126874.3703901478
QAT_cluster_20,QAT,25.57380832784767,51.48407843611624,0,9036.398862347758
QAT_cluster_163,QAT,25.321608325579746,51.27633254911962,0,28195.38206447025
SDN_cluster_954,SDN,21.049599570081483,37.24055019599813,0,248830.27531161296
SYR_cluster_815,SYR,36.842687238941885,38.3189642481087,0,90419.98716721353
SYR_cluster_1487,SYR,33.17589707056764,36.29806110500889,0,24608.426106951432
SYR_cluster_899,SYR,35.94348191723899,36.63169540028731,0,95820.45580413412
TZA_cluster_134,TZA,-3.847533799077512,32.69489378182798,0,337688.09775136225
TZA_cluster_312,TZA,-6.31047734171427,39.27124191164248,0,64742.95233372767
TZA_cluster_340,TZA,-6.89991313028208,39.45143083518873,0,56756.521131114954
ZWE_cluster_688,ZWE,-17.91315847233195,31.09438591815712,0,17908.594716284573
DJI_cluster_2,DJI,11.565711845157953,43.056117868286165,0,4589.928381822429
CPV_cluster_7,CPV,14.944375322180806,-23.502830125682323,0,680571.6120782875
SAU_cluster_1016,SAU,21.343943489402463,39.56863567991773,0,46897.02864555172
SAU_cluster_1017,SAU,21.34414595447942,39.57076742897685,0,46899.4406081092
SAU_cluster_1070,SAU,21.97049992626982,39.362579235519206,0,28130.14168365143
SAU_cluster_1186,SAU,21.68713697209775,39.195734833828574,0,34417.4865171942
SAU_cluster_1259,SAU,22.31944573663913,39.144978198156345,0,72872.43636676818
SAU_cluster_1282,SAU,22.32072712610966,39.14531652608402,0,72974.93592641645
SAU_cluster_1273,SAU,22.323265142662,39.14022433173608,0,73491.91880702207
SAU_cluster_1255,SAU,22.322993330730696,39.14613312115118,0,73144.76924547582
SAU_cluster_1247,SAU,22.315917202507915,39.10803433197328,0,74631.78368514028
SAU_cluster_1239,SAU,22.48597355501462,39.137372488541374,0,89461.34701068532
SAU_cluster_1285,SAU,22.325296808556168,39.14140630319535,0,73618.90092916568
SAU_cluster_30,SAU,31.339337806397328,37.39144349604759,0,128955.77098556198
SAU_cluster_1289,SAU,22.321163765233333,39.13906244344168,0,73357.9610208102
SAU_cluster_510,SAU,24.52060924844917,39.53638540042302,0,306622.3259868033
SAU_cluster_592,SAU,23.987205817112475,38.222293623230165,0,279946.7735215926
SAU_cluster_734,SAU,28.20521589070921,36.68533149252309,0,16703.954233632925
SAU_cluster_617,SAU,23.988723634375905,38.22315290431323,0,280032.18839738617
SAU_cluster_539,SAU,24.692383325717547,39.623561282969455,0,325893.465282557
SAU_cluster_757,SAU,28.20521664661205,36.69071351671897,0,16995.138398137897
SAU_cluster_752,SAU,28.418709722273046,36.65717735380179,0,11555.467705120956
SAU_cluster_766,SAU,28.35486025782875,36.590532759433074,0,2608.6979724240055
SAU_cluster_774,SAU,28.195313875705004,36.69071155194128,0,17915.794249515176
SAU_cluster_793,SAU,28.33504434788676,36.54770093412881,0,4446.333329099521
SAU_cluster_778,SAU,28.20805809253589,36.67850764269723,0,16081.015705459395
SAU_cluster_789,SAU,28.20684167889006,36.678067071907314,0,16174.36382477527
SAU_cluster_813,SAU,28.429881722883422,36.5720107947719,0,11130.100230297598
SAU_cluster_1404,SAU,18.22459996082736,42.777456067722426,0,2531.1495286554054
SAU_cluster_735,SAU,28.41558930127838,36.62133429442261,0,9754.33461634115
SAU_cluster_1490,SAU,18.239647159734886,42.83209869644936,0,1854.9730797681764
SAU_cluster_1384,SAU,18.225805530560702,42.778198101468966,0,2580.593732811795
SAU_cluster_1546,SAU,18.19513391334912,42.79640058734786,0,1446.3511733065507
SAU_cluster_1627,SAU,17.48078398422119,47.1622959259518,0,381588.59858038666
SAU_cluster_1559,SAU,18.18886089736924,42.8000504380281,0,2218.9133932982945
SAU_cluster_1552,SAU,18.194993623400663,42.79860833498835,0,1523.9207206798794
SAU_cluster_1871,SAU,20.48816044023686,45.57480587931244,0,379618.51450728736
SAU_cluster_1815,SAU,16.954395291067694,42.6857343869553,0,139851.74006918466
SAU_cluster_1764,SAU,17.559592671161376,44.20517335813648,0,161772.4258799355
SAU_cluster_794,SAU,28.33749938870188,36.54770222827803,0,4478.640657601585
SAU_cluster_2216,SAU,26.336355212570503,43.77776116398096,0,8279.148349629158
SAU_cluster_2205,SAU,26.331552964660915,43.78082559979501,0,8504.80959916362
SAU_cluster_2192,SAU,26.32910889594637,43.77589106101176,0,9019.856608181832
SAU_cluster_2189,SAU,26.32674878151248,43.78296523622371,0,8818.709591226612
SAU_cluster_1628,SAU,17.4846198207322,47.16390836340047,0,381972.34669021016
SAU_cluster_2237,SAU,26.332749445071187,43.77910621214305,0,8503.584653618243
SAU_cluster_2218,SAU,26.327731294735408,43.78263978651335,0,8746.076098902207
SAU_cluster_1496,SAU,18.23707659709674,42.83208846435229,0,2136.0701539635197
SAU_cluster_2211,SAU,26.324261527808165,43.77772139547277,0,9342.471664275938
SAU_cluster_2230,SAU,26.331124561586496,43.77427481484639,0,8947.446306903284
SAU_cluster_1762,SAU,17.559032827591004,44.203331375741634,0,161629.33166741038
SAU_cluster_2313,SAU,26.32992817907707,43.77974993925138,0,8713.729493486157
SAU_cluster_3084,SAU,24.37671471944164,45.937016521022585,0,59206.31967014997
SAU_cluster_3471,SAU,24.47850817529278,46.9548639561818,0,25628.698771069485
SAU_cluster_2749,SAU,26.42172016055364,43.91787239388413,0,9141.899495334555
SAU_cluster_3287,SAU,24.23707281711352,47.36514101020338,0,21782.813816588416
SAU_cluster_3491,SAU,24.74212280797652,46.89096777335987,0,4469.7883949831385
SAU_cluster_3504,SAU,24.74388105492469,46.89287080201891,0,4661.853731380769
SAU_cluster_3508,SAU,24.72090248615116,46.88417409936664,0,2276.3939085009033
SAU_cluster_4098,SAU,24.86803322163617,46.56187968538877,0,38163.72222765014
SAU_cluster_4014,SAU,24.927852946611623,46.82271970529239,0,26092.99050804572
SAU_cluster_4751,SAU,26.312045261053026,49.9944846142692,0,118122.40775084928
SAU_cluster_4755,SAU,26.308525319923422,49.98891991112265,0,117515.31310991412
SAU_cluster_4753,SAU,26.304015465484323,50.00069833868183,0,117633.61945307153
SAU_cluster_4756,SAU,26.31281650824882,49.99571750891341,0,118256.17604173582
SAU_cluster_4784,SAU,26.334792298311783,50.11867755651679,0,126591.3370355301
SAU_cluster_4538,SAU,26.958892857319007,49.68029903265785,0,177726.46019015275
SAU_cluster_4773,SAU,26.304880310638648,50.00206307200181,0,117783.39678891195
SAU_cluster_3932,SAU,24.880754528331146,47.01465190651873,0,23383.707586254994
SAU_cluster_4805,SAU,26.324551877759312,50.108897304620655,0,125106.61743847557
SAU_cluster_4821,SAU,26.330666108445147,50.10526338843742,0,125485.66924961907
SAU_cluster_4852,SAU,26.33121210092826,50.10760182981115,0,125661.6961561387
SAU_cluster_4801,SAU,26.32852409519541,50.105903942115134,0,125318.66708161838
SVN_cluster_172,SVN,45.98723801740632,14.572437109926884,0,48282.15161492478
SVN_cluster_319,SVN,45.77167308299116,14.19335896047339,0,11949.797267886599
SVN_cluster_443,SVN,45.84998857187077,15.417845539757382,0,4538.258732253641
LVA_cluster_112,LVA,56.661564675639625,23.707065140529245,0,17260.14755009589
LVA_cluster_114,LVA,56.62492508670292,23.289370960347423,0,10135.728634933497
LVA_cluster_14,LVA,56.95566494248758,23.1858680429108,0,24452.633776059287
LVA_cluster_18,LVA,56.795821242500026,23.94263621375328,0,17233.01432187049
LVA_cluster_217,LVA,57.37542692890749,21.59172685571337,0,26656.383356658964
LVA_cluster_218,LVA,57.40250196673757,21.58221359541936,0,24727.15654111347
LVA_cluster_231,LVA,57.383947593637366,21.546548059167712,0,27693.825863139642
LVA_cluster_256,LVA,57.39868704771183,21.61556519976692,0,23740.26693514418
LVA_cluster_230,LVA,56.96663700242838,21.94139743888338,0,66686.91369433519
LVA_cluster_28,LVA,56.91869113319448,23.94830106904924,0,19734.25332351918
LVA_cluster_24,LVA,56.78639772182655,23.938315324008897,0,17703.47038572211
LVA_cluster_29,LVA,56.9655191130101,23.768376811922128,0,10892.837134571426
LVA_cluster_3,LVA,56.79246841262229,23.942082946240628,0,17335.38382133149
LVA_cluster_302,LVA,56.555936903188126,21.04155296468968,0,9152.369465580483
LVA_cluster_301,LVA,56.55404949700629,21.0092447091098,0,8827.418788526244
LVA_cluster_292,LVA,56.72547032054712,21.598536828489188,0,45223.449420952995
LVA_cluster_293,LVA,56.54126871452187,21.01533186223189,0,7394.705673534331
LVA_cluster_310,LVA,56.55520498006707,21.01342555664351,0,8946.174436351255
LVA_cluster_305,LVA,56.72616443886792,21.59157230350305,0,44936.26295787604
LVA_cluster_31,LVA,56.99545019912415,23.920851071549496,0,20513.40308345111
LVA_cluster_323,LVA,56.55360550474441,21.02066532808701,0,8769.223902928252
LVA_cluster_324,LVA,56.55480084002492,21.01809499230561,0,8899.253766566182
LVA_cluster_306,LVA,56.553912059419176,21.01868482319717,0,8800.83861059622
LVA_cluster_331,LVA,56.54551393944328,21.066037000222696,0,8427.036732751847
LVA_cluster_339,LVA,56.55701663349755,21.01031647628736,0,9153.833713356158
LVA_cluster_348,LVA,56.55731516318537,21.03447120471961,0,9242.474826176076
LVA_cluster_345,LVA,56.54363630298265,21.00654357134384,0,7683.109212768525
LVA_cluster_352,LVA,56.55713775340729,21.008882979475555,0,9171.507823312537
LVA_cluster_58,LVA,56.95368429561978,23.758559921616648,0,10287.558776806954
LVA_cluster_62,LVA,56.78546871910683,23.93980124758179,0,17639.57916729864
LVA_cluster_63,LVA,56.78325609979807,23.9370829525954,0,17859.823101591588
LVA_cluster_9,LVA,56.7882903145749,23.93697226670219,0,17736.05883042632
LVA_cluster_88,LVA,56.66208838649461,23.700010134557164,0,17040.35935953318
LVA_cluster_1064,LVA,56.535705548543696,27.714783722935664,0,67531.26145995416
LVA_cluster_1096,LVA,56.5205945839002,27.322502192731942,0,45731.22853100137
LVA_cluster_1097,LVA,55.88304962702834,26.57355484538562,0,45188.43240248913
LVA_cluster_48,LVA,56.79252360209975,23.934345013188096,0,17796.535575632188
LVA_cluster_1120,LVA,56.54324880231837,26.92945854577181,0,31893.757105860434
LVA_cluster_1105,LVA,55.87190655909126,26.580606688700826,0,46321.27032463657
LVA_cluster_1218,LVA,55.89015743424365,26.56431136507744,0,44533.10025562258
LVA_cluster_1242,LVA,56.52426610255134,25.86404268972773,0,2799.4363544998187
LVA_cluster_1147,LVA,55.90469187760644,26.534866516040804,0,43397.18499933254
LVA_cluster_1159,LVA,55.88889009586136,26.500315254235584,0,45683.037916879126
LVA_cluster_399,LVA,57.08971424935409,24.54454481354478,0,35569.83687166247
LVA_cluster_415,LVA,56.85943895748704,24.36619810366001,0,9704.672419234274
LVA_cluster_430,LVA,56.851322290042496,24.343825902852743,0,8095.040338536405
LVA_cluster_401,LVA,56.848454440921,24.334109014861173,0,7426.725859639295
LVA_cluster_489,LVA,56.97976232688007,24.032068933308164,0,20909.218273764818
LVA_cluster_492,LVA,56.97736335974093,24.25831888320257,0,17341.465594537814
LVA_cluster_500,LVA,56.9869347214694,24.239476825493995,0,18293.392492097722
LVA_cluster_494,LVA,56.96401042016384,24.30721829124145,0,16552.59866806184
LVA_cluster_497,LVA,56.98264759959957,24.2536651487716,0,17891.17244581782
LVA_cluster_513,LVA,56.98813855113573,24.243166501540586,0,18441.676150275965
LVA_cluster_505,LVA,57.0914334498623,24.359420047207426,0,31029.23102568573
LVA_cluster_527,LVA,56.87551561651728,24.123805325581284,0,8350.131184824917
LVA_cluster_515,LVA,56.976706459184605,24.251175846733723,0,17218.17395036766
LVA_cluster_541,LVA,56.98297302909437,24.246349255509795,0,17884.121023309704
LVA_cluster_501,LVA,56.903104248028654,24.147519243376223,0,10005.028951680695
LVA_cluster_549,LVA,56.90535717671503,24.15064012527825,0,10147.515201319186
LVA_cluster_553,LVA,57.03785008804712,24.02549960916812,0,26713.62579062521
LVA_cluster_570,LVA,57.03517774974952,24.00417675525816,0,26538.153027507484
LVA_cluster_440,LVA,57.09021707096082,24.547412466837063,0,35712.37203823111
LVA_cluster_568,LVA,56.97821125329887,24.246272258130347,0,17356.190796316394
LVA_cluster_524,LVA,56.95890586817189,24.22996437173267,0,15152.778507713778
LVA_cluster_603,LVA,57.10184495620515,24.36551740899409,0,32243.435625396723
LVA_cluster_569,LVA,57.04172914630779,24.033968506486737,0,26878.856905657223
LVA_cluster_609,LVA,57.10281767225589,24.36780009597945,0,32385.17126476949
LVA_cluster_700,LVA,57.42342256223907,25.89097451247953,0,28791.25734890531
LVA_cluster_715,LVA,56.8583219467037,26.23028534167543,0,46134.03723505293
LVA_cluster_646,LVA,56.92844101624933,24.21173464480857,0,11771.216612101678
LVA_cluster_728,LVA,57.16779435582437,26.773866906242667,0,88946.75076505731
LVA_cluster_812,LVA,56.58822970478167,24.19070795092249,0,26140.79023267087
LVA_cluster_921,LVA,56.76552230728095,24.829012329509894,0,37540.530592248506
LVA_cluster_895,LVA,56.51152476838758,24.623063869703955,0,42420.62876109094
LVA_cluster_946,LVA,57.51853701248211,25.444691052713484,0,1609.8912149938114
LVA_cluster_762,LVA,57.31013288662045,25.24800742367046,0,27593.25752566793
LVA_cluster_1091,LVA,57.12377362347574,27.266489651897704,0,83215.31032290155
BLR_cluster_13,BLR,53.6660869235568,23.92622786239976,0,52914.96054664599
BLR_cluster_152,BLR,52.5570474981494,23.79261497588145,0,42624.257243684675
BLR_cluster_167,BLR,52.091067881795205,23.6435700558485,0,54628.747212266404
BLR_cluster_168,BLR,52.051313945900255,23.73662882383645,0,59583.747262770856
BLR_cluster_166,BLR,52.06161848211309,23.760395470005143,0,61422.46590482224
BLR_cluster_171,BLR,52.09019938082447,23.63485558545048,0,54033.63504311306
BLR_cluster_184,BLR,52.05881699942506,23.76665633485395,0,61769.60458207147
BLR_cluster_18,BLR,53.65020554193096,23.764167629825018,0,63341.22292792918
BLR_cluster_188,BLR,52.05921267739254,23.7336242511204,0,59579.639222021426
BLR_cluster_174,BLR,52.05953055346581,23.759856607269164,0,61334.095150941204
BLR_cluster_190,BLR,52.113295840052366,23.840188833981912,0,64122.496826674105
BLR_cluster_189,BLR,52.19321763004637,23.9839889471828,0,51131.58840455388
BLR_cluster_191,BLR,52.07227544405578,23.710002275047945,0,58371.18053892222
BLR_cluster_217,BLR,52.05622024619504,23.7443123037229,0,60215.95173196172
BLR_cluster_2,BLR,53.668201532343325,23.75958126594671,0,63838.38047372709
BLR_cluster_228,BLR,52.06389684916079,23.720911475203508,0,58858.46368921918
BLR_cluster_229,BLR,52.10296350606079,23.772416080588727,0,63161.40712019378
BLR_cluster_233,BLR,52.05654323478593,23.75707469939561,0,61074.86664320587
BLR_cluster_237,BLR,52.05692559449522,23.73186597871076,0,59404.40167063942
BLR_cluster_246,BLR,52.060530433273726,23.71811299215345,0,58582.9183669108
BLR_cluster_245,BLR,52.08208795492896,23.794289265981423,0,64218.44929884935
BLR_cluster_25,BLR,53.66401929289659,23.877799380687247,0,56049.454642009274
BLR_cluster_257,BLR,52.06494745889791,23.7620356858132,0,61616.871529763375
BLR_cluster_264,BLR,52.19473153007864,23.9850962988665,0,50950.705720733655
BLR_cluster_278,BLR,52.38083588353449,23.36619606684114,0,40712.275863659335
BLR_cluster_272,BLR,52.06236914264556,23.72066551098748,0,58801.1670600837
BLR_cluster_218,BLR,52.05910761604965,23.728796182049628,0,59255.80124497596
BLR_cluster_39,BLR,53.6481676690111,23.76789959309888,0,63077.66825262744
BLR_cluster_40,BLR,53.622478279906005,23.8370836825788,0,58355.06069306317
BLR_cluster_5,BLR,53.625448862428414,23.85763651536063,0,57014.55158427759
BLR_cluster_59,BLR,53.63838932117556,23.835319921670944,0,58565.218143856015
BLR_cluster_28,BLR,53.63582550646886,23.835808144462035,0,58514.35760598661
BLR_cluster_62,BLR,53.67351426806934,23.781454654824564,0,62478.414714747945
BLR_cluster_97,BLR,53.838995868885554,23.902622936030188,0,53179.09471882837
BLR_cluster_80,BLR,53.63316402685286,23.7614017015846,0,63394.66113868363
BLR_cluster_76,BLR,53.63211791614897,23.762749890056377,0,63299.8493663264
BLR_cluster_1042,BLR,53.69336732798635,24.017668035262066,0,47513.5984111616
BLR_cluster_1174,BLR,53.6139527690931,24.744082217053183,0,2244.4721162054725
BLR_cluster_1112,BLR,54.23081441961005,25.304870607420217,0,23221.227470882415
BLR_cluster_1121,BLR,53.61402478828137,24.749404565131176,0,2503.059724533953
BLR_cluster_72,BLR,53.61281947971337,23.81693106700926,0,59653.13640315749
BLR_cluster_1057,BLR,53.57215925647133,24.24040008052803,0,31853.40768884711
BLR_cluster_1204,BLR,53.711230833371104,25.49479379677225,0,44884.707644295435
BLR_cluster_1201,BLR,53.87742032943581,25.3446029876071,0,51380.772769392584
BLR_cluster_1332,BLR,54.11531883560524,25.56336298609165,0,37567.39259425482
BLR_cluster_1255,BLR,53.71390049200253,25.504560549585303,0,44392.13311521598
BLR_cluster_1310,BLR,53.87119061802412,25.33968571331728,0,50709.20341458738
BLR_cluster_1362,BLR,53.71372290795537,25.4982569400382,0,44771.32020792652
BLR_cluster_1344,BLR,53.58082872913348,25.79228676635684,0,22370.738292197006
BLR_cluster_1373,BLR,53.93541625364946,25.75489594674992,0,47286.766776778524
BLR_cluster_1374,BLR,53.71526446182065,25.501031490715484,0,44663.782739376875
BLR_cluster_1458,BLR,53.31125835142424,28.65460430902096,0,61113.65058696877
BLR_cluster_1476,BLR,53.14716016091538,29.14288218579278,0,97846.69624314293
BLR_cluster_1421,BLR,53.27603843657295,29.484781297705776,0,110177.11299250888
BLR_cluster_1477,BLR,53.20504819552411,29.204173272834648,0,97501.4644714917
BLR_cluster_1496,BLR,53.425460863204414,28.502720430702848,0,45245.24352870897
BLR_cluster_1495,BLR,53.49956671459751,28.17529631347942,0,24003.828354200796
BLR_cluster_1266,BLR,53.90610523303105,25.307732491541937,0,51511.01425603723
BLR_cluster_1497,BLR,53.50358343178308,28.163411445772493,0,23181.57507314749
BLR_cluster_1503,BLR,53.5034123468861,28.16866922086832,0,23399.966830054494
BLR_cluster_1515,BLR,53.7002605366592,28.41420866815272,0,30079.226888891837
BLR_cluster_1573,BLR,53.02907996135605,28.227283063672854,0,41341.54168559727
BLR_cluster_1572,BLR,53.02542142221241,28.23156640601329,0,41646.00755731645
BLR_cluster_1483,BLR,53.5101178417645,28.18441962595708,0,23444.68291112557
BLR_cluster_1594,BLR,52.81251130013365,28.00626568234708,0,35009.03789411075
BLR_cluster_1571,BLR,53.030392750975416,28.23077615304284,0,41569.36149044965
BLR_cluster_1596,BLR,53.03602533287234,28.237960953846844,0,42031.48544452973
BLR_cluster_1569,BLR,53.02330399135887,28.230351242831443,0,41577.23487181451
BLR_cluster_1650,BLR,53.03175961413131,28.22350115240713,0,41077.87667860762
BLR_cluster_1646,BLR,53.02597360468065,28.226956374453163,0,41335.04803241613
BLR_cluster_1654,BLR,52.80647959792567,27.56745543302572,0,21100.59165881966
BLR_cluster_1613,BLR,52.62730475502855,27.251503646626176,0,46635.05754700367
BLR_cluster_1658,BLR,52.78427031301052,27.52861103776508,0,23819.26861580785
BLR_cluster_1662,BLR,52.79884115165056,27.55012207491804,0,22031.80121666957
BLR_cluster_1664,BLR,52.80463338526844,27.56697244371566,0,21307.18108246675
BLR_cluster_1611,BLR,52.80726252801245,28.0045886682894,0,35263.36277908503
BLR_cluster_1652,BLR,52.79586735217442,27.50450372439626,0,22858.490528373623
BLR_cluster_1685,BLR,52.73717301268474,27.45287497702349,0,30063.153469632904
BLR_cluster_1692,BLR,52.73705230761758,27.45434415784893,0,30047.709738628284
BLR_cluster_1667,BLR,52.74261924180374,27.461632600928333,0,29316.11377370148
BLR_cluster_1738,BLR,53.02993766457282,27.592396393482364,0,1794.1454935136571
BLR_cluster_1725,BLR,53.04949679073417,27.58780809486005,0,1642.316453450136
BLR_cluster_1783,BLR,53.02923467309339,27.585786191476505,0,2154.4004607967354
BLR_cluster_1803,BLR,53.00869515089539,27.542461010403684,0,1694.9161623875443
BLR_cluster_1856,BLR,53.02003785993752,27.554820468429025,0,1851.0025306181494
BLR_cluster_1805,BLR,52.9351575956824,27.89697764276283,0,22146.715670431226
BLR_cluster_1851,BLR,53.00701523897387,27.540514933476587,0,1778.6353284362176
BLR_cluster_1878,BLR,53.01843810577259,27.553154290362126,0,1758.0044272080183
BLR_cluster_1948,BLR,53.08419156269674,29.24669637760313,0,107608.630390759
BLR_cluster_2014,BLR,52.62867835835849,29.74057562058385,0,142242.5548688493
BLR_cluster_1793,BLR,52.93351671235777,27.89488654973448,0,22070.58245499193
BLR_cluster_2040,BLR,53.127080428910745,29.250284957100067,0,104932.4860042641
BLR_cluster_2037,BLR,53.14135185328602,29.156397379853864,0,98955.16856112827
BLR_cluster_2074,BLR,54.184767876276126,28.468294114246653,0,25420.80277853226
BLR_cluster_2029,BLR,52.62884798386918,29.73582146291583,0,142420.13760686564
BLR_cluster_2076,BLR,54.179934315890485,28.483681700354097,0,26163.669758732278
BLR_cluster_2079,BLR,54.178619988708974,28.45886976257643,0,24599.95313502635
BLR_cluster_2090,BLR,54.17567482816744,28.47938223331328,0,25741.10680715796
BLR_cluster_2092,BLR,54.174450169402085,28.48168756044941,0,25838.552353994826
BLR_cluster_2094,BLR,54.18219644945254,28.490360297333368,0,26658.23487063756
BLR_cluster_2096,BLR,54.21754200915475,28.47256556167723,0,27236.95260990939
BLR_cluster_2097,BLR,54.18216630261402,28.47287753699204,0,25592.302889920673
BLR_cluster_2100,BLR,54.19042282834538,28.482471765025988,0,26512.373126740702
BLR_cluster_2105,BLR,54.32994481533451,29.134874189860504,0,63025.66193775016
BLR_cluster_2108,BLR,54.17950115030903,28.469375936769463,0,25273.8788416295
BLR_cluster_2114,BLR,54.17212834008045,28.472716330221964,0,25202.62802399886
BLR_cluster_2129,BLR,54.21415948953911,28.472061403769377,0,27028.68518309157
BLR_cluster_2122,BLR,54.17758263544632,28.484872922533413,0,26148.500228183053
BLR_cluster_2132,BLR,54.182711841645805,28.493434729853192,0,26865.786974814724
BLR_cluster_2138,BLR,54.175976158526886,28.48356642468182,0,26009.336195416498
BLR_cluster_2154,BLR,54.279289804761234,28.77183196485145,0,47703.30598929868
BLR_cluster_2146,BLR,54.26658781247456,28.76538816489186,0,46748.07353253321
BLR_cluster_2142,BLR,54.08925058145507,28.29226931087133,0,12153.746977949408
BLR_cluster_2162,BLR,54.28054933596704,28.76917327930298,0,47605.09412808097
BLR_cluster_2188,BLR,54.1699620398198,28.47560094291833,0,25304.84720964536
BLR_cluster_2171,BLR,54.27832465258679,28.76969659227752,0,47532.600838168546
BLR_cluster_2198,BLR,54.241191652413,28.45695692347089,0,27757.43362985464
BLR_cluster_2230,BLR,54.26186924458756,28.518408413204018,0,32351.280922338152
BLR_cluster_2158,BLR,54.3208883403274,29.12030141182646,0,63810.72354548208
BLR_cluster_2238,BLR,54.24230780761424,28.470041811985887,0,28530.230718340146
BLR_cluster_2225,BLR,54.41586900856864,27.8115099573356,0,40123.48733863994
BLR_cluster_2239,BLR,54.24775328528965,28.54068479464136,0,32745.043836569406
BLR_cluster_2240,BLR,54.23539712668247,28.465312212957663,0,27850.913480481733
BLR_cluster_2038,BLR,53.12170439157856,29.250792649451657,0,105311.40457787507
BLR_cluster_2283,BLR,54.88016738492991,28.713735753687445,0,13101.877708259051
BLR_cluster_2268,BLR,54.24399199087553,28.459047774072825,0,28046.704227318325
BLR_cluster_2286,BLR,54.28060297629971,28.49185950910708,0,32195.678102308484
BLR_cluster_2329,BLR,54.815826530193206,29.69538545970664,0,50287.08835156283
BLR_cluster_2294,BLR,54.2373055506931,28.466418770239883,0,28026.865929308136
BLR_cluster_2330,BLR,54.81793236145547,29.69658386353828,0,50327.62719372939
BLR_cluster_2205,BLR,54.237469996852376,28.457603246038264,0,27559.314152335282
BLR_cluster_2370,BLR,54.4080611124498,29.6991867022632,0,72860.2847859451
BLR_cluster_2312,BLR,54.19921008208455,27.833015328941844,0,21023.147936335787
BLR_cluster_2335,BLR,54.81463614585275,29.698658341147446,0,50514.710048201356
BLR_cluster_2400,BLR,53.48609320613544,26.7239553039158,0,39917.85285087483
BLR_cluster_2407,BLR,53.5186681818187,26.92163355860633,0,52083.25085607582
BLR_cluster_2422,BLR,53.51092961971649,26.92353660049103,0,52324.668581388505
BLR_cluster_2393,BLR,53.592043400676665,27.053920785961903,0,54078.21478288821
BLR_cluster_2460,BLR,53.6410895952388,27.220437991266348,0,42187.258425863365
BLR_cluster_2506,BLR,53.64231626577252,27.222840196822062,0,41978.346731151236
BLR_cluster_2477,BLR,53.638735126235005,27.204876548535,0,43124.21418403289
BLR_cluster_2545,BLR,53.50122504686497,28.15534725704905,0,23094.064651987585
BLR_cluster_2450,BLR,53.587240385970176,27.053287177526222,0,54447.75431687276
BLR_cluster_2444,BLR,53.50939006415701,26.929955350556863,0,52769.41284801701
BLR_cluster_2585,BLR,53.64118389562769,27.92624856093888,0,4205.456150749001
BLR_cluster_2591,BLR,53.816998027747005,27.75998871840316,0,9732.651890257093
BLR_cluster_2581,BLR,53.79564029607464,27.800971956997387,0,13110.808456649484
BLR_cluster_2598,BLR,53.79798216015817,27.790169673194043,0,12525.457174348625
BLR_cluster_2642,BLR,53.64274513016956,27.90958701245644,0,4744.919631598553
BLR_cluster_2549,BLR,53.50112292574702,28.158937668907587,0,23236.796315413616
BLR_cluster_2651,BLR,53.87217183525964,27.899622784964205,0,13608.570278864863
BLR_cluster_2623,BLR,53.74230382746559,27.69414758970848,0,17085.711877280806
BLR_cluster_2609,BLR,53.64441565000144,27.9188181665345,0,4199.5974709447055
BLR_cluster_2628,BLR,53.74117155091417,27.70132989220877,0,17214.83619623178
BLR_cluster_2652,BLR,53.87669940618522,27.9038993507872,0,13795.849007601439
BLR_cluster_2703,BLR,53.961745045320384,27.54711827576487,0,12184.295444680525
BLR_cluster_2705,BLR,54.07136052143164,27.669116356481293,0,19582.85937270545
BLR_cluster_2707,BLR,54.00261553590972,27.575115246519363,0,14254.124734558618
BLR_cluster_2706,BLR,53.96131384291008,27.53884329513864,0,12594.051753210271
BLR_cluster_2709,BLR,53.93920049401209,27.529753148601188,0,11898.570182509739
BLR_cluster_2711,BLR,53.93808062366652,27.424965233056664,0,18353.98266035424
BLR_cluster_2717,BLR,53.94052026421399,27.52557574988824,0,12207.97327580433
BLR_cluster_2721,BLR,53.96385193632669,27.545976804867564,0,12385.340910990493
BLR_cluster_2734,BLR,53.94293181583615,27.530211566883924,0,12044.718057715067
BLR_cluster_2736,BLR,53.95689041001204,27.54601666650685,0,11927.801687950598
BLR_cluster_2728,BLR,54.0402780507731,27.77571508132605,0,16874.80757865216
BLR_cluster_2749,BLR,54.04269496693035,27.78067361596151,0,17232.09063609416
BLR_cluster_2784,BLR,53.95599610056421,27.75861502521506,0,7836.3488675943045
BLR_cluster_2758,BLR,54.007924891639625,27.872098258794008,0,16966.739586140477
BLR_cluster_2778,BLR,53.95679886659735,27.53672214095217,0,12427.905914556022
BLR_cluster_2790,BLR,53.94600763797838,27.72608800668928,0,5905.165353393529
BLR_cluster_2791,BLR,53.7799697860086,27.63044312348893,0,13594.292666683234
BLR_cluster_2613,BLR,53.625177791113,27.90709227903881,0,6384.721243302415
BLR_cluster_2794,BLR,53.97366276828238,27.65951872075773,0,8963.62920205312
BLR_cluster_2786,BLR,53.785524237403095,27.6342416329261,0,12929.531831026054
BLR_cluster_2785,BLR,54.00167926657233,27.70187129063025,0,11762.322207556954
BLR_cluster_2792,BLR,53.949532080752576,27.728952824954924,0,6337.363624930554
BLR_cluster_2795,BLR,53.9572301431447,27.740795735941457,0,7419.276884326714
BLR_cluster_2812,BLR,53.87694420466203,27.400649982301346,0,19467.863177302796
BLR_cluster_2808,BLR,53.95336960445917,27.79032643990466,0,8885.197132720015
BLR_cluster_2814,BLR,53.9643503792595,27.630352643130166,0,8733.782552078535
BLR_cluster_2823,BLR,53.78626164506091,27.587498847449755,0,14120.897559201352
BLR_cluster_2824,BLR,54.00647405658761,27.72899864686938,0,12477.958361949868
BLR_cluster_2828,BLR,54.00630156033597,27.68072999120795,0,12310.233885561138
BLR_cluster_2800,BLR,53.78808534175536,27.58942110625365,0,13882.114815895844
BLR_cluster_2815,BLR,53.86679430929286,27.43038940268265,0,17705.29442413621
BLR_cluster_2833,BLR,53.945574742770425,27.766426088605403,0,7193.215639828269
BLR_cluster_2832,BLR,53.96491427694025,27.63325486592688,0,8697.162461776064
BLR_cluster_2834,BLR,53.824688167530674,27.576652147213206,0,11135.460340192907
BLR_cluster_2858,BLR,53.970531733870175,27.61741760335721,0,9756.651062627136
BLR_cluster_2844,BLR,53.86940131116014,27.407096757900963,0,19160.828216379025
BLR_cluster_2860,BLR,53.81159781964515,27.660831358723392,0,9658.760161344127
BLR_cluster_2864,BLR,53.83466969219302,27.62590775193068,0,8217.663373618198
BLR_cluster_2888,BLR,53.96009331580059,27.75883571321204,0,8235.06259605486
BLR_cluster_2869,BLR,53.83484319662853,27.61530188550834,0,8610.357247188409
BLR_cluster_2879,BLR,53.94619635143566,27.729967953498267,0,6014.356733701333
BLR_cluster_2892,BLR,53.959993762172616,27.752258720255423,0,8018.595717545642
BLR_cluster_2902,BLR,53.815294901082936,27.520718625669183,0,14577.961375800822
BLR_cluster_2886,BLR,53.83511769598975,27.63460970613592,0,7870.082536737236
BLR_cluster_2948,BLR,53.944373336828654,27.731874081660536,0,5875.429664929435
BLR_cluster_2926,BLR,53.95976010991347,27.76129461900414,0,8284.984168944147
BLR_cluster_2841,BLR,53.783974439528336,27.58655007165279,0,14372.234308626716
BLR_cluster_2924,BLR,53.98637831891722,27.67076902218362,0,10188.678107557145
BLR_cluster_2966,BLR,53.83482747214662,27.639820726795133,0,7729.4467220596525
BLR_cluster_2955,BLR,53.786155899275485,27.579318873088045,0,14408.736278344253
BLR_cluster_2972,BLR,54.00442933596265,27.70264761276553,0,12069.69260389565
BLR_cluster_2938,BLR,53.944429275381296,27.723930259448384,0,5693.024545963407
BLR_cluster_2811,BLR,53.95823402005382,27.7087697955256,0,6975.753454444593
BLR_cluster_2997,BLR,54.00933392022846,27.26471704874978,0,17546.55908045571
BLR_cluster_3068,BLR,54.09037691381222,26.553212774048585,0,45632.15578484523
BLR_cluster_3012,BLR,53.99777358795787,27.268546690642776,0,18849.347950621715
BLR_cluster_3088,BLR,52.54246368334741,24.9842570733812,0,15001.091414345101
BLR_cluster_3098,BLR,52.7184951609577,25.335601041295003,0,23568.70853959027
BLR_cluster_3003,BLR,54.08826546631316,26.50852039056585,0,48067.64058932118
BLR_cluster_3162,BLR,52.71768568509337,25.33347599020654,0,23736.18370562185
BLR_cluster_3142,BLR,52.51861427355045,24.96938382982702,0,15034.716369064015
BLR_cluster_3305,BLR,52.47626971597865,25.16996158034458,0,1302.4902456791688
BLR_cluster_3351,BLR,52.462770395846064,25.17264518302128,0,2503.778286830958
BLR_cluster_3106,BLR,52.5279167648383,24.945881902071,0,16834.529678817715
BLR_cluster_3399,BLR,52.14068919779706,26.16854934574238,0,68456.38236523747
BLR_cluster_3261,BLR,51.98412950262484,24.670984807860265,0,56525.76735214735
BLR_cluster_3433,BLR,52.461696785941285,25.188906127162955,0,2518.9233838276623
BLR_cluster_3471,BLR,52.2035855984877,27.86815803797119,0,90209.01983386815
BLR_cluster_3409,BLR,52.47491112031839,25.17194136678682,0,1320.8242120265304
BLR_cluster_3499,BLR,52.2623610264474,26.795780752184413,0,78754.17451692095
BLR_cluster_3504,BLR,52.26138056116904,26.790955011048418,0,78576.49991570986
BLR_cluster_3303,BLR,52.12163616289501,26.022898500143413,0,69836.91643171942
BLR_cluster_3462,BLR,52.2039783448024,27.86417012241695,0,90109.02838830397
BLR_cluster_3505,BLR,52.262135805713534,26.786116600427054,0,78588.44191332844
BLR_cluster_3615,BLR,51.78775761780082,24.055896771870387,0,81797.71771725852
BLR_cluster_3676,BLR,53.1421642461756,24.80837148199042,0,34979.616872495564
BLR_cluster_3692,BLR,53.075154865793714,25.29983364087829,0,1412.6649574255239
BLR_cluster_3718,BLR,53.28734475127048,24.395110882837937,0,40841.090242839535
BLR_cluster_3716,BLR,53.284934668944224,24.40069169131825,0,40876.27940836666
BLR_cluster_3666,BLR,53.29120796843972,24.39353956131514,0,40531.99220863745
BLR_cluster_3753,BLR,53.17047002749936,24.436152910221114,0,51277.36631690224
BLR_cluster_378,BLR,52.03670092388517,29.20533189950665,0,122267.79426385213
BLR_cluster_380,BLR,52.0455773619676,29.23670212257096,0,120836.94582281586
BLR_cluster_377,BLR,52.13666798376736,29.346673453352725,0,119721.56042112618
BLR_cluster_3760,BLR,53.09424423200719,25.39194785945592,0,5610.8404821335225
BLR_cluster_3824,BLR,53.1737038679048,24.34670796751132,0,52342.19633454313
BLR_cluster_3834,BLR,53.02709936304228,24.08888838419241,0,33031.23494449273
BLR_cluster_3867,BLR,53.0428109815154,24.106975737448657,0,34209.71006430673
BLR_cluster_3935,BLR,53.3646391743154,24.369493548390206,0,34940.37811477479
BLR_cluster_386,BLR,52.03800480745844,29.208449707900808,0,122145.99995309042
BLR_cluster_3881,BLR,53.42702297854949,24.551191774298324,0,22191.058974568725
BLR_cluster_3960,BLR,52.54906948396523,24.45503489003948,0,2937.3577718595943
BLR_cluster_3879,BLR,53.421240764243066,24.52825902162672,0,23533.242418649585
BLR_cluster_382,BLR,52.12101171921604,29.31079947660194,0,120785.53920691046
BLR_cluster_3972,BLR,52.565706179673136,24.47899480736028,0,3788.0212666663065
BLR_cluster_3975,BLR,52.75758162530433,25.143884132143057,0,30523.86935934353
BLR_cluster_3987,BLR,52.55829295906516,24.47220072498316,0,3461.8665608648953
BLR_cluster_4036,BLR,53.03563321583159,26.27469394422665,0,48670.482212111216
BLR_cluster_4035,BLR,53.03183403264751,25.833284041887325,0,27896.81368440184
BLR_cluster_4039,BLR,53.083852468919495,26.09579542319182,0,42769.885351306875
BLR_cluster_4069,BLR,53.14027787434087,25.876915644492467,0,38011.17599928903
BLR_cluster_4071,BLR,53.13422152929769,25.869212904906792,0,37372.27950938371
BLR_cluster_409,BLR,52.08942509833926,29.22932796040352,0,123669.76158427855
BLR_cluster_4124,BLR,53.14062571847396,25.88150233610772,0,38318.4627589497
BLR_cluster_418,BLR,51.80919991832204,29.17301805701532,0,114610.4801987271
BLR_cluster_4213,BLR,53.30391405730477,26.517886590708105,0,38863.27232237494
BLR_cluster_4222,BLR,52.85032920579446,26.48704709835012,0,55823.93600494015
BLR_cluster_4225,BLR,53.15157402901041,26.06422678499061,0,46316.48460203957
BLR_cluster_4247,BLR,53.15000803992478,26.05796702307402,0,46530.80903909644
BLR_cluster_4284,BLR,53.1598949474927,26.01215298450519,0,45857.82512807209
BLR_cluster_4261,BLR,53.22570793333968,26.658427656400544,0,51578.78589029277
BLR_cluster_4355,BLR,53.14726743316939,27.10969604129589,0,31225.800555522317
BLR_cluster_4341,BLR,53.14706113900746,27.0855538155544,0,32663.866281000326
BLR_cluster_4396,BLR,52.23402665549431,24.381191106160973,0,36115.823211053896
BLR_cluster_4414,BLR,52.19071663117337,24.03240409214284,0,49524.05722209842
BLR_cluster_4340,BLR,53.1470905417659,27.11566533493121,0,30861.422815172686
BLR_cluster_4420,BLR,52.19560591040101,24.32840477787944,0,41694.21647577568
BLR_cluster_4415,BLR,52.18553215090415,24.35126890566281,0,41674.428248139244
BLR_cluster_444,BLR,52.18114437005665,28.96771818203775,0,130272.76862561656
BLR_cluster_447,BLR,52.13334690991743,29.34535701961148,0,119586.75071933803
BLR_cluster_4488,BLR,55.76171679901181,27.94079277103012,0,77065.79653760025
BLR_cluster_4513,BLR,55.76174610590298,27.935587865733364,0,77251.01448942158
BLR_cluster_4514,BLR,55.83856889105934,27.73637097476487,0,80135.01128811912
BLR_cluster_456,BLR,51.78389682604764,29.505918214308988,0,92233.91667233923
BLR_cluster_4594,BLR,55.55301482859748,28.565083028789708,0,41046.16761927862
BLR_cluster_4597,BLR,55.5940953076684,28.58179822065541,0,45532.26096759695
BLR_cluster_458,BLR,52.04035341100182,29.2812246404516,0,117887.20208378717
BLR_cluster_4393,BLR,52.23403488984592,24.377635980204555,0,36262.20402645605
BLR_cluster_4614,BLR,55.53155314513297,28.59330760660476,0,38551.19038784989
BLR_cluster_4606,BLR,55.48275193219601,28.79919977937784,0,34988.1958773511
BLR_cluster_4613,BLR,55.5157932985104,28.78116762349179,0,38158.810877515585
BLR_cluster_4623,BLR,55.50667130749322,28.77443158169964,0,37068.03354552159
BLR_cluster_4686,BLR,55.03872746159388,29.449322387025266,0,38069.48579311763
BLR_cluster_4692,BLR,55.290789435172286,29.608162043208488,0,32254.400937263006
BLR_cluster_3963,BLR,52.601665947717386,24.392245514769098,0,4387.718530939321
BLR_cluster_4664,BLR,55.472338028381735,28.792046621097978,0,33746.55893805325
BLR_cluster_4693,BLR,54.95810130298556,28.7976861257322,0,11396.143753484148
BLR_cluster_4691,BLR,54.95949601537209,28.79704743345286,0,11538.015138849845
BLR_cluster_4402,BLR,52.23611276127448,24.369693589155915,0,36413.26708293601
BLR_cluster_4727,BLR,54.9687531148908,28.82327748861154,0,11337.54626345086
BLR_cluster_4704,BLR,54.9667901419873,28.819967406341988,0,11270.856013393222
BLR_cluster_4735,BLR,55.47138485650704,28.78257804381816,0,33456.764108031864
BLR_cluster_4699,BLR,55.350902862140096,29.29517783862735,0,46607.53575532424
BLR_cluster_4770,BLR,55.46819082094959,29.95924117160304,0,16962.836473225834
BLR_cluster_676,BLR,51.9069050595441,29.994275768550573,0,68887.81870953765
BLR_cluster_693,BLR,51.91527274536943,29.98025681123632,0,70219.9915363605
BLR_cluster_695,BLR,54.26046632114968,27.066641318773065,0,15433.520417935773
BLR_cluster_684,BLR,51.91289323871103,29.979422642656218,0,70099.55113432468
BLR_cluster_706,BLR,54.2678924900091,27.06163562858804,0,16235.830058605181
BLR_cluster_712,BLR,54.262562675988576,27.06809290067825,0,15523.353929246972
BLR_cluster_702,BLR,54.26088134640904,27.07527114562505,0,15057.26360144322
BLR_cluster_730,BLR,54.22048859645532,26.61706574415204,0,36352.333893088005
BLR_cluster_754,BLR,54.33413558076485,26.82790212177149,0,32693.654434144006
BLR_cluster_762,BLR,54.31019591998267,26.821425640475056,0,31622.13545885094
BLR_cluster_776,BLR,54.43671161400575,25.944966030500343,0,19832.48880370809
BLR_cluster_766,BLR,54.30990943430807,26.789969357820112,0,33387.126697089814
BLR_cluster_774,BLR,54.470939857270864,26.41858460716404,0,5795.871184897199
BLR_cluster_772,BLR,54.47208214860775,26.415229935218267,0,5563.753212786922
BLR_cluster_777,BLR,54.41980402961176,25.953551647625257,0,21731.483941742743
BLR_cluster_799,BLR,54.47702933488922,26.42062085864276,0,5364.788586432779
BLR_cluster_800,BLR,54.48355092775715,26.893096188145613,0,34328.14523812396
BLR_cluster_850,BLR,54.47413555919537,26.419237797512704,0,5545.789153199416
BLR_cluster_4723,BLR,55.4717614427711,28.75561538000983,0,33011.03863900657
BLR_cluster_927,BLR,54.48725852937416,26.884626641316995,0,33745.71031113748
BLR_cluster_825,BLR,54.4817534138905,26.88483301703931,0,33817.07267922655
BLR_cluster_890,BLR,54.47938921057247,26.891761674214862,0,34290.2426003287
BLR_cluster_862,BLR,54.86897947835853,26.934434143548525,0,54025.54626452774
BLR_cluster_4782,BLR,55.20971528318066,30.28572258402912,0,18438.737437552445
BLR_cluster_895,BLR,54.33338625586919,26.829745503612205,0,32547.965703044087
BLR_cluster_4784,BLR,55.150241393048056,30.237528522811026,0,22793.844645593126
BLR_cluster_4790,BLR,55.30409778083898,30.30521370756428,0,13049.196257353988
BLR_cluster_4789,BLR,55.15431035069211,30.24359578566212,0,22513.133080692005
BLR_cluster_4831,BLR,55.29681316661824,30.314009512063944,0,13850.465982612315
BLR_cluster_4840,BLR,55.06747734974339,30.35333011252006,0,29184.34304193125
BLR_cluster_4838,BLR,55.24815320505102,30.327188588412923,0,17257.37310109756
BLR_cluster_4841,BLR,55.16340197902268,30.25201793116633,0,21794.518061294813
BLR_cluster_4798,BLR,55.15050877800928,30.229253457916816,0,22585.029453553125
BLR_cluster_4907,BLR,53.73824307281984,31.83715292990378,0,157512.24553735985
BLR_cluster_4976,BLR,52.38615041616495,30.913748348445257,0,97066.2503529782
BLR_cluster_4980,BLR,52.42676390450483,31.30163392788873,0,107406.16547362375
BLR_cluster_4996,BLR,52.295423990545935,31.18618296890494,0,91036.93704164392
BLR_cluster_4604,BLR,55.48230003323906,28.802392011601142,0,35006.916984574906
BLR_cluster_5017,BLR,52.396910292910505,31.340021483777697,0,105235.97111570583
BLR_cluster_5021,BLR,52.39625818261524,30.90198961678204,0,98108.1074320672
BLR_cluster_4994,BLR,52.39628196444604,31.084171646160414,0,100019.081098362
BLR_cluster_5026,BLR,52.35083358694767,31.05224022029254,0,94622.40072098788
BLR_cluster_5020,BLR,52.3971352965986,31.05286909807831,0,99675.57972092232
BLR_cluster_5045,BLR,52.53789308758817,30.910890283309865,0,113849.25012067496
BLR_cluster_5047,BLR,52.43406283137999,30.892143557892663,0,102238.37115279974
BLR_cluster_5069,BLR,52.48413431113976,30.97258657192223,0,108347.72644179243
BLR_cluster_5028,BLR,52.35317142874975,31.04874874178289,0,94828.69062339434
BLR_cluster_5152,BLR,52.538133058570686,30.91325441749377,0,113889.44122625877
BLR_cluster_5151,BLR,52.53960271668155,30.91569457949682,0,114066.51658347975
BLR_cluster_5143,BLR,52.4431801637942,31.02501561092208,0,104368.55143664435
BLR_cluster_5163,BLR,53.35800328332228,32.04548734831936,0,201746.93024609226
BLR_cluster_5186,BLR,53.59568710922531,31.96145529544907,0,175336.86104122255
BLR_cluster_5189,BLR,53.62496576634,31.93874465913845,0,171753.05786412657
BLR_cluster_5241,BLR,52.10393194287228,30.986472171621788,0,66843.55932889899
BLR_cluster_5245,BLR,52.35287617946091,30.38440506024012,0,96606.62048444184
BLR_cluster_5242,BLR,52.350452757082095,30.438643660896364,0,95389.10790361784
BLR_cluster_5264,BLR,52.35025017231565,30.442165902330288,0,95309.6632291757
BLR_cluster_5236,BLR,52.1062365469083,30.98130246001113,0,67016.27524045225
BLR_cluster_5331,BLR,51.78324967699888,30.26468866053643,0,45802.8411890786
BLR_cluster_5388,BLR,53.884337788542375,30.271109963955315,0,130969.76912815515
BLR_cluster_5398,BLR,53.900591901268825,30.262058713792698,0,129382.26595564677
BLR_cluster_5407,BLR,53.86550918259672,30.25100750759319,0,133335.5041526424
BLR_cluster_5403,BLR,53.895490861646735,30.26420346434351,0,129891.65695518213
BLR_cluster_5429,BLR,53.8300769399811,30.31255072646628,0,136154.96154911458
BLR_cluster_5423,BLR,53.8561523895844,30.15802761867328,0,136063.12965577323
BLR_cluster_5441,BLR,53.536934624596576,30.219470240797264,0,149858.32245859454
BLR_cluster_5434,BLR,53.8547148754437,30.33519149389692,0,133149.40009544385
BLR_cluster_5015,BLR,52.38506391632743,31.341428859156544,0,104051.30867764623
BLR_cluster_5510,BLR,53.86624549966852,30.56310199974752,0,129311.29630877425
BLR_cluster_5552,BLR,53.80750600838534,30.96446287885602,0,135299.23953567547
BLR_cluster_5436,BLR,53.780617752070334,30.187538034385195,0,140719.46631606124
BLR_cluster_5648,BLR,53.0673776102869,30.0204628941198,0,152416.2957384313
BLR_cluster_5666,BLR,53.111573121397015,30.056631604440952,0,152428.3394780024
BLR_cluster_5663,BLR,53.07198622329516,30.01084515391024,0,151611.0347268104
BLR_cluster_5515,BLR,53.805890847254965,30.960700758358183,0,135459.8991335515
BLR_cluster_5633,BLR,53.32949094836621,31.38122520320868,0,191766.49179296705
BLR_cluster_5716,BLR,52.36818277453789,30.406251455515186,0,97848.48400681764
BLR_cluster_5712,BLR,52.40148394386236,30.322525117505112,0,102997.53144494761
BLR_cluster_5743,BLR,52.90505878764121,30.027112085910243,0,161804.9754344234
BLR_cluster_5446,BLR,53.5302177334309,30.22207235273676,0,150118.25959896267
BLR_cluster_5752,BLR,52.90145888143103,30.00097411134848,0,160550.8174168899
BLR_cluster_5836,BLR,54.48644040526077,30.42777358718693,0,64126.849655026876
BLR_cluster_5788,BLR,52.90629177542239,30.02110135187464,0,161391.70628210035
BLR_cluster_5839,BLR,54.56710878008213,30.70012280705589,0,50875.22016605984
BLR_cluster_5847,BLR,54.560141438067184,30.45161595220252,0,55975.400670250114
BLR_cluster_5734,BLR,52.36781283938068,30.40334209345883,0,97860.05961658338
BLR_cluster_5853,BLR,54.48562173244057,30.4154314091247,0,64513.29197139709
BLR_cluster_5881,BLR,54.48580634420279,30.41889131448663,0,64408.81156690258
BLR_cluster_5838,BLR,54.55777786929415,30.44680737106324,0,56340.84582031973
BLR_cluster_5895,BLR,54.48746008493992,30.418953182015617,0,64237.322339834944
BLR_cluster_5900,BLR,54.45457180283068,30.011297139106585,0,80948.73629253366
BLR_cluster_5736,BLR,52.369848305819694,30.40759876409757,0,98003.81143367835
BLR_cluster_5915,BLR,54.302658355344114,30.98812753700109,0,80714.9018119791
BLR_cluster_5919,BLR,53.937200289744446,30.281539885783584,0,125118.80515368913
BLR_cluster_5920,BLR,54.18619829214982,30.279512213645983,0,98751.03786022429
BLR_cluster_5916,BLR,54.22251672952748,30.28873616971404,0,94751.51865894473
BLR_cluster_5929,BLR,53.938216585212096,30.268806811508203,0,125234.4781645221
BLR_cluster_5924,BLR,53.93557142294125,30.264356173471224,0,125597.01138252516
BLR_cluster_5914,BLR,54.455835658270416,30.008802988847908,0,80939.88694229063
BLR_cluster_5944,BLR,54.48407843503749,30.30990954405955,0,67572.50452595226
BLR_cluster_5955,BLR,54.418466265772345,30.292486123550592,0,74591.07489001496
BLR_cluster_6003,BLR,54.41428403825236,30.289140954393623,0,75103.94706815224
BLR_cluster_5934,BLR,54.26957881666643,30.992242831497467,0,84393.3819545318
BLR_cluster_5953,BLR,53.928371935590334,30.25723987156852,0,126494.75320785427
BLR_cluster_6012,BLR,53.92978796038128,30.25244674668195,0,126430.33760163866
BLR_cluster_5992,BLR,54.269418946945294,30.9984554948833,0,84469.22904330668
BLR_cluster_6052,BLR,54.48418058246713,30.321294798006463,0,67222.6404362973
BLR_cluster_6107,BLR,55.19557493074271,30.14142961954453,0,16391.84167796163
BLR_cluster_5995,BLR,54.484155564113244,30.31602016506996,0,67381.7682877669
BLR_cluster_6117,BLR,55.16436649435468,30.11629573993119,0,19744.326920348558
BLR_cluster_6121,BLR,55.221532699851245,30.11608634199103,0,13389.28513857896
BLR_cluster_6110,BLR,55.15649192644836,30.15049783520857,0,20775.48170514411
OMN_cluster_100,OMN,17.035178554712836,54.05878849777397,0,93284.18743183793
AUT_cluster_5,AUT,47.12813804561982,11.453286254744706,0,115012.29950175584
OMN_cluster_155,OMN,17.63946309139796,54.02172674014723,0,27924.18487904376
OMN_cluster_33,OMN,23.572188557601898,58.14594109641656,0,314863.9495928152
AUT_cluster_1077,AUT,48.22279588726419,14.187729286266997,0,46316.09017132008
AUT_cluster_1099,AUT,47.92680710693068,13.497971644245029,0,58340.63014971828
AUT_cluster_111,AUT,47.722486810266325,16.948898090993787,0,52213.22381446842
AUT_cluster_1123,AUT,48.10808971652172,16.612446011323215,0,51037.90318331267
AUT_cluster_7,AUT,47.26902817178932,11.344397665194306,0,97321.42844313188
AUT_cluster_1172,AUT,47.85195386371523,16.514315509751462,0,68934.95578493628
AUT_cluster_1132,AUT,47.72868838426151,16.413105206047398,0,83055.25675363993
AUT_cluster_1233,AUT,47.9577685538556,16.307933010344943,0,75222.3633981799
AUT_cluster_1137,AUT,47.852648122019694,16.545116826308472,0,66989.32348960428
AUT_cluster_1251,AUT,47.96881435105941,16.256318589345767,0,71710.23391348087
AUT_cluster_3,AUT,47.360950595707166,11.723077935243738,0,99591.60311528163
AUT_cluster_1246,AUT,48.10945129425457,16.349371844259746,0,66571.4789370872
AUT_cluster_1306,AUT,47.83379825151907,16.266225884430483,0,83896.80302515643
AUT_cluster_128,AUT,47.95753859750574,16.841570249309022,0,42274.49994153082
AUT_cluster_132,AUT,47.76339889031461,16.796579680206808,0,60171.16129028499
AUT_cluster_1450,AUT,47.57347349696347,15.498830090391088,0,75487.60646380793
AUT_cluster_141,AUT,47.78649523796315,16.937362749557785,0,50328.80647056531
AUT_cluster_1329,AUT,47.9632101047056,16.27193672211177,0,72952.96612220441
AUT_cluster_1604,AUT,48.35869851592199,13.63739132722292,0,76646.86748252851
AUT_cluster_1262,AUT,47.892750986175706,16.301882166923644,0,80327.7405530111
AUT_cluster_1626,AUT,48.24571994070666,13.03545407926844,0,35704.41856348932
AUT_cluster_1648,AUT,48.35372598811102,13.650497024180378,0,75621.07725083847
AUT_cluster_1742,AUT,48.2184371169437,15.167737080323729,0,41074.34160885651
AUT_cluster_1804,AUT,48.66070605857431,15.651037629621868,0,24107.201429244975
AUT_cluster_1966,AUT,47.42245350227765,12.853680112022566,0,74376.3675013281
AUT_cluster_1911,AUT,48.25985600209501,14.36007120948834,0,50670.43786904983
AUT_cluster_1287,AUT,47.72399812204118,16.01149143283839,0,85764.94298558206
AUT_cluster_1974,AUT,47.79288997583196,12.97745007053813,0,40646.74346208412
AUT_cluster_1910,AUT,48.2562217970873,14.359079814594647,0,50259.931906745456
AUT_cluster_2006,AUT,47.83437299230725,13.003227064136466,0,38573.496264601265
AUT_cluster_208,AUT,48.71477158654415,16.393250691732074,0,7000.584185363199
AUT_cluster_1991,AUT,47.48575380714699,12.111802525707006,0,75962.03098931881
AUT_cluster_242,AUT,48.28124713423155,16.485985975697773,0,55631.074795996596
AUT_cluster_2034,AUT,47.47917923153926,12.028804430573825,0,79900.84979298126
AUT_cluster_241,AUT,48.25369606478704,16.912829392044472,0,28651.445614894044
AUT_cluster_376,AUT,48.28669049887236,16.501740318656605,0,55187.07572912515
AUT_cluster_219,AUT,48.31036345015724,16.35425310105802,0,52046.03370877498
AUT_cluster_448,AUT,47.1216140728894,15.353462681346135,0,24070.250709646105
AUT_cluster_1970,AUT,47.40856341672661,13.39535174420523,0,78653.40086469913
AUT_cluster_499,AUT,46.80511820844805,15.745426657668997,0,11432.515604507178
AUT_cluster_670,AUT,46.65467861451758,14.284840193739576,0,74448.25378926788
AUT_cluster_502,AUT,46.80853381586508,15.847007278877363,0,4253.9424972310835
AUT_cluster_672,AUT,46.621950995595206,14.273100114066915,0,75170.81866037427
AUT_cluster_741,AUT,47.33779517747016,15.01859717921358,0,51288.79748689833
AUT_cluster_753,AUT,47.36049692999991,15.100114051675211,0,51698.722006547265
AUT_cluster_786,AUT,47.27458831237251,16.23450898356387,0,47004.539402738315
AUT_cluster_391,AUT,48.54500664924647,16.76776782360448,0,29289.956636547555
AUT_cluster_793,AUT,46.81921590780183,15.883138106901038,0,1613.5501994149768
AUT_cluster_801,AUT,46.773583192204434,15.887910974179762,0,6601.02486200094
AUT_cluster_822,AUT,46.77370376287293,15.923874459806628,0,7070.266116618025
AUT_cluster_797,AUT,46.93522241024101,16.141543470623283,0,22240.252995509065
AUT_cluster_799,AUT,46.955598084840936,15.895324023285784,0,13645.993652447925
AUT_cluster_869,AUT,47.54935591469901,14.311939542634027,0,29140.425020716088
AUT_cluster_740,AUT,47.38336061833086,15.11706602105292,0,53854.47743848628
AUT_cluster_880,AUT,47.54359599110669,14.892220026104848,0,55776.29871804923
AUT_cluster_935,AUT,48.237172434951496,14.323904272129944,0,47836.04715178483
AUT_cluster_951,AUT,48.04383509761466,14.397118311675422,0,28026.633781553865
AUT_cluster_968,AUT,48.2395699911866,14.333606137989818,0,48177.80242180586
AUT_cluster_937,AUT,48.20299697343961,14.383679951551388,0,44754.11514956374
AUT_cluster_98,AUT,48.03516451511102,16.79580461290479,0,40565.21609889152
AUT_cluster_955,AUT,48.24380676282769,14.339774161588332,0,48699.51945572587
AUT_cluster_980,AUT,48.18105497598992,14.17017480413638,0,41898.753666048666
AUT_cluster_890,AUT,47.54232238733802,14.893804391875848,0,55952.41591040524
MDA_cluster_1167,MDA,46.74457924898225,29.690114549477656,0,11208.157797708145
MDA_cluster_104,MDA,47.08895791846852,28.874189150993125,0,8227.781187949322
MDA_cluster_1178,MDA,46.7312746576038,29.95712098817324,0,24729.679401011654
MDA_cluster_1339,MDA,46.84506006807115,29.570761919798745,0,6678.448687030073
MDA_cluster_1251,MDA,46.52070177039303,29.66562305893125,0,36076.688369016236
MDA_cluster_1242,MDA,46.524148498096274,29.64869973281869,0,35751.052620095936
MDA_cluster_1363,MDA,46.82862820752712,29.63754556833282,0,3578.50396293664
MDA_cluster_272,MDA,47.058510757692574,28.774221512026536,0,11764.34909364179
MDA_cluster_242,MDA,47.25819177353002,28.32056897222582,0,41652.449841748356
MDA_cluster_1459,MDA,47.01286473275936,29.292462508779817,0,13368.339086057196
MDA_cluster_282,MDA,47.188092582992894,28.453269224392848,0,30382.947943036957
MDA_cluster_254,MDA,47.25771346825466,28.32276867695716,0,41478.37314531133
MDA_cluster_1213,MDA,46.62470743266951,29.90398734326145,0,29946.463232316946
MDA_cluster_630,MDA,46.95646132564861,28.77772640518007,0,5598.376999713514
MDA_cluster_947,MDA,47.78155869127975,27.95706933501761,0,96387.02317018912
MDA_cluster_724,MDA,46.42030706164635,28.430111404283178,0,27176.35636085208
MDA_cluster_615,MDA,46.93990740133829,28.92243465460553,0,6221.629897381998
LBY_cluster_1356,LBY,32.65595025018912,13.33327770889859,0,36147.71279228183
MDA_cluster_1472,MDA,46.67503775770782,29.444632506736497,0,19236.431431097175
LBY_cluster_229,LBY,32.745468384784395,13.085216762804032,0,27813.4226764972
LBY_cluster_1347,LBY,32.6323969619145,13.325028138470996,0,33534.97744853742
LBY_cluster_231,LBY,32.774074753654205,13.181786535887046,0,34573.331605400046
LBY_cluster_1501,LBY,32.54407322556959,13.018781309820756,0,4803.787910099125
BGR_cluster_175,BGR,42.62723126786039,23.585219202651665,0,98897.20987329235
BGR_cluster_197,BGR,42.71110428531897,23.69064801450448,0,86737.7267260635
BGR_cluster_216,BGR,42.62294740702104,23.41925755667151,0,106149.33237766339
BGR_cluster_313,BGR,42.75919611356261,23.20715347781282,0,105490.53839736541
BGR_cluster_403,BGR,42.75562403199836,23.19514326191969,0,106470.38891312282
BGR_cluster_448,BGR,43.235307506461744,23.56895535340708,0,50598.140410795735
BGR_cluster_501,BGR,43.39912966033311,23.237774373848104,0,58583.55532599832
BGR_cluster_1199,BGR,42.62927220452147,25.38038733422464,0,48933.91401796527
BGR_cluster_1220,BGR,42.38772082558066,25.661052014431665,0,14240.339037597716
BGR_cluster_97,BGR,42.33576661070963,23.546031960794373,0,129771.65841613298
BGR_cluster_1383,BGR,42.19753968409974,25.33915922207408,0,32222.482139820095
BGR_cluster_1625,BGR,42.90391842477397,25.3110652766082,0,36773.92734574736
BGR_cluster_1810,BGR,42.63920198574697,24.79206846557136,0,62218.84421889636
BGR_cluster_1848,BGR,43.46153952816706,24.528025875795656,0,31555.76625599642
BGR_cluster_1620,BGR,43.34791845742386,25.147922062463824,0,5026.864287442752
BGR_cluster_1968,BGR,43.26230721978323,24.70197297778409,0,7805.063856839313
BGR_cluster_1272,BGR,42.50379363446785,25.583345681905826,0,28587.64867896668
BGR_cluster_1855,BGR,43.15918675214227,24.71650750846216,0,4569.20898022896
BGR_cluster_2381,BGR,43.69103091802163,27.54914225711302,0,16914.859062078427
BGR_cluster_2864,BGR,42.6389347030863,26.32360562965381,0,6967.260100448585
BGR_cluster_2909,BGR,42.50087828317851,25.999218259178228,0,11923.990820097306
BGR_cluster_2933,BGR,42.50229201971014,26.00248115774553,0,11802.693735178007
BGR_cluster_2941,BGR,43.13073906794096,25.70948964457936,0,5107.950347516943
BGR_cluster_2972,BGR,43.060772940608864,25.607660811391668,0,16453.42403181144
BGR_cluster_2981,BGR,43.062351203634144,25.59959242031253,0,16831.35168225137
BGR_cluster_3000,BGR,42.93372319745159,25.88472832941276,0,27179.53095132634
BGR_cluster_3432,BGR,43.17181291328401,27.01386511425901,0,24391.608445285023
BGR_cluster_3052,BGR,43.0621608858483,25.60226287297,0,16680.048747734207
BGR_cluster_3222,BGR,43.36604889145341,25.62298516905693,0,14589.168560650625
BGR_cluster_3255,BGR,43.28450773712091,26.967088766852367,0,19144.398642819222
BGR_cluster_3499,BGR,42.70157371356464,27.7080203210223,0,72899.43156806154
BGR_cluster_3653,BGR,43.86109927781751,25.97609609506088,0,14094.770692142125
BGR_cluster_3637,BGR,43.859641763524486,25.99461063721182,0,12630.299894486992
BGR_cluster_3615,BGR,43.63269444709892,25.19688400015353,0,14656.24747261554
DEU_cluster_10096,Germany,49.82831790696756,9.90597667560992,0,29347.975994234977
DEU_cluster_10130,Germany,50.06243592416442,10.243205722369222,0,60458.28530610759
DEU_cluster_10191,Germany,49.822891178657386,9.905352406734718,0,29259.88963027549
DEU_cluster_1016,Germany,52.80113769918097,9.22566555323028,1,14334.469337846509
DEU_cluster_1010,Germany,52.88668909015782,8.686038753889282,1,12313.041699126828
DEU_cluster_10106,Germany,49.73922756018926,10.134740336896488,0,46294.935433544735
DEU_cluster_10264,Germany,50.555691033075256,9.651940727294273,0,62144.242962432065
DEU_cluster_1035,Germany,52.53067204404169,8.936073981035197,2,2713.0661233335663
DEU_cluster_10347,Germany,49.69929602859733,9.25090070813743,0,21371.344995583713
DEU_cluster_10374,Germany,49.97533273159659,9.186737047416816,0,29211.473804056328
DEU_cluster_1039,Germany,52.6727800223653,9.055546980398926,1,4182.182807713031
DEU_cluster_10203,Germany,50.139966067047496,10.12556459037361,0,58109.41151451892
DEU_cluster_10334,Germany,50.45540492738886,10.435335144390791,0,16848.098622024336
DEU_cluster_10439,Germany,50.65277499486722,11.390586358513564,0,11872.473108231576
DEU_cluster_10444,Germany,50.57086463109939,11.795101795547396,0,23380.630865789302
DEU_cluster_10420,Germany,50.42026866333087,11.96086460030863,0,21567.383478968564
DEU_cluster_10365,Germany,50.281725951635465,9.106798938867442,0,59841.92856951286
DEU_cluster_10503,Germany,50.456488628967485,11.633023332488602,0,28317.18993288636
DEU_cluster_10590,Germany,49.99605677049904,11.6257816309489,0,59968.95739805674
DEU_cluster_1057,Germany,52.58576445998384,8.803305190795381,1,11244.404499842858
DEU_cluster_10637,Germany,50.09285554400225,10.770675430990932,0,58339.39722326083
DEU_cluster_10626,Germany,49.93275117801252,11.533875671933014,0,50357.40843327536
DEU_cluster_10693,Germany,50.27665688777931,10.72414902724882,0,37927.075745887225
DEU_cluster_10604,Germany,49.92711284557464,11.579942973565862,0,52029.2473139469
DEU_cluster_10694,Germany,50.694164228221446,11.31964710346299,0,15448.938099178977
DEU_cluster_10681,Germany,50.694021860469874,11.324839955427253,0,15085.31447269068
DEU_cluster_10719,Germany,50.507210528782,11.138975579735964,0,35684.862120480146
DEU_cluster_1074,Germany,52.85491089096864,8.265703837000665,0,7024.3143023240655
DEU_cluster_10744,Germany,50.50694836009404,11.146404322366667,0,35290.3214765685
DEU_cluster_10747,Germany,50.348799660625815,11.168143910121588,0,47380.48717954168
DEU_cluster_1073,Germany,52.83283733491933,8.253601942568366,0,7913.656225957199
DEU_cluster_10817,Germany,48.88086857328517,8.73782302113081,0,2922.8071783470045
DEU_cluster_1090,Germany,52.54695995672482,8.07441062189962,1,9658.607815734062
DEU_cluster_1089,Germany,52.884488497933496,8.411183321943856,0,5098.661451214467
DEU_cluster_10860,Germany,49.03739496199738,8.43822137559388,0,28171.86750371367
DEU_cluster_10906,Germany,49.39756354766031,8.84738935908279,0,60565.92725179888
DEU_cluster_10914,Germany,49.07655042228923,8.456666766555182,0,30524.97631407184
DEU_cluster_10917,Germany,49.14999972232981,8.549669948974477,0,34396.040142801474
DEU_cluster_1093,Germany,52.76490785994269,8.256017482003207,1,11822.476843740227
DEU_cluster_10923,Germany,49.374188131738485,8.626389257356752,0,57530.46519181998
DEU_cluster_10945,Germany,49.33177231805093,8.64737182779371,0,52683.9930056941
DEU_cluster_10956,Germany,49.40383434039775,8.568016451576607,0,61396.353136693775
DEU_cluster_11008,Germany,49.35915875372368,8.431316370101255,0,59188.92726741338
DEU_cluster_10960,Germany,49.10476058725197,8.590240038726803,0,28670.310740342815
DEU_cluster_10977,Germany,49.10449880790056,8.586712815883269,0,28724.624019528685
DEU_cluster_11160,Germany,49.14952730967887,9.17898274377821,0,46787.586942524606
DEU_cluster_11168,Germany,49.5801326347081,9.344178833969998,0,27448.509938589425
DEU_cluster_11104,Germany,49.11591519477539,9.774527575918947,0,79278.49835477846
DEU_cluster_11238,Germany,48.75876384828643,9.380884618285732,0,50143.49879707629
DEU_cluster_111,Germany,54.0438485231108,11.690162304033723,1,27564.835598790734
DEU_cluster_11245,Germany,48.68764950401808,9.041590895895084,0,30737.97388833375
DEU_cluster_11259,Germany,48.72566207298866,9.182492552039744,0,37453.805660956285
DEU_cluster_11279,Germany,48.73207439117692,9.000353888138008,0,25365.419176929314
DEU_cluster_11271,Germany,48.84378609804699,9.473661457768678,0,55640.37541592784
DEU_cluster_11282,Germany,48.869741305308125,9.225873641938648,0,37487.58315721616
DEU_cluster_11260,Germany,48.73782039107206,9.078381788781616,0,29972.033461150775
DEU_cluster_11339,Germany,48.73525048106264,9.076642042411857,0,29990.161937631095
DEU_cluster_11403,Germany,49.13945875759271,10.035801598004204,0,83664.04354410559
DEU_cluster_1095,Germany,52.75960358570276,8.242139405952017,0,12879.22160730552
DEU_cluster_11478,Germany,49.31477309156423,10.646095604485826,0,43815.19044639689
DEU_cluster_11454,Germany,49.47926024718145,10.390948087621831,0,51995.28680692496
DEU_cluster_11477,Germany,49.47784288227116,10.389813791225514,0,52110.037016122566
DEU_cluster_11504,Germany,49.29002270050979,10.580056084595885,0,49220.04831635389
DEU_cluster_11522,Germany,49.47429079120708,10.38021034162922,0,52874.841062339015
DEU_cluster_1156,Germany,52.51102456363636,8.219474324041501,2,3533.1543185073615
DEU_cluster_11574,Germany,48.84910918582917,10.508630460773436,0,81095.79033190689
DEU_cluster_11612,Germany,48.73696192094016,10.789351154016618,0,64498.5423028342
DEU_cluster_11481,Germany,49.25226373642043,10.444104649331544,0,59503.26501520505
DEU_cluster_11649,Germany,49.0334682605845,10.74570275811652,0,65809.04796867388
DEU_cluster_11715,Germany,49.48453850137583,11.09851069153726,0,10603.332929270045
DEU_cluster_11749,Germany,49.39482339566798,11.136112615680206,0,20793.484750253054
DEU_cluster_11597,Germany,48.73887104577807,10.789997682732698,0,64705.92584821629
DEU_cluster_11655,Germany,49.28116068688056,11.435048358151638,0,41347.52013018947
DEU_cluster_11801,Germany,49.49102907226364,11.229303345257874,0,13862.616168122608
DEU_cluster_11902,Germany,50.86257001580248,9.726991824342726,0,63889.157742194504
DEU_cluster_11907,Germany,50.85645325119641,9.730030333013486,0,63387.92767035332
DEU_cluster_11900,Germany,50.85915000043682,9.732115440482788,0,63394.80777738638
DEU_cluster_1207,Germany,52.73457483624762,8.304448885278521,0,13159.390160277968
DEU_cluster_12042,Germany,50.58892029666924,8.632751867661135,0,106661.41551260358
DEU_cluster_11852,Germany,49.76656802551816,10.564333436147695,0,43434.5816611078
DEU_cluster_12164,Germany,50.58811433638395,8.71514055512732,0,103309.56875190014
DEU_cluster_12122,Germany,50.83169837250702,9.569477065871764,0,72580.17395636445
DEU_cluster_12280,Germany,50.80785158242163,10.245774412568288,0,31033.39534385473
DEU_cluster_12201,Germany,50.81351845001677,9.045826032677038,0,107307.0494339877
DEU_cluster_12251,Germany,50.71953104365458,9.957346412331908,0,42685.113691667946
DEU_cluster_12240,Germany,50.59082000455045,10.418870648685362,0,7844.713292247552
DEU_cluster_12283,Germany,50.81002912918559,10.217836956128096,0,32514.53215070794
DEU_cluster_12324,Germany,50.80602394815384,10.24386306526246,0,30965.959449011432
DEU_cluster_12334,Germany,50.80710354908428,10.252653639941506,0,30659.21166760127
DEU_cluster_12154,Germany,50.58752856067631,8.71974296518233,0,103078.41529203298
DEU_cluster_12332,Germany,50.79502326585512,10.302976992361508,0,27432.26234677093
DEU_cluster_12353,Germany,50.66055471163599,11.106121376273244,0,30840.106581278003
DEU_cluster_12363,Germany,50.66548631104099,10.64985232516652,0,11573.558313844895
DEU_cluster_12361,Germany,50.50675103478012,10.43512571249506,0,11831.899636826498
DEU_cluster_12388,Germany,50.60371831521118,10.708678302112435,0,12663.257106571786
DEU_cluster_12400,Germany,50.76991116786297,11.07186783679474,0,21791.865067894116
DEU_cluster_12417,Germany,50.77847016962003,11.086352661463014,0,22040.734473133507
DEU_cluster_12418,Germany,50.83604049980364,10.665851287171984,0,12979.102023461264
DEU_cluster_12428,Germany,50.59939168188989,10.718292304469168,0,13311.988640619322
DEU_cluster_1245,Germany,52.69427913263284,7.986125862005896,1,4258.092097025631
DEU_cluster_12350,Germany,50.612857100749686,10.711385593062111,0,12973.131524488439
DEU_cluster_12484,Germany,51.15580981104166,11.127735918531013,0,29092.26700585753
DEU_cluster_12516,Germany,50.99496297190758,11.310026787666189,0,35640.11044363935
DEU_cluster_12494,Germany,51.15544000177213,11.132111983686958,0,29301.262997213904
DEU_cluster_12522,Germany,50.993340433834966,11.306815663763766,0,35369.6359273217
DEU_cluster_12467,Germany,50.49322841451373,10.562628352812956,0,11496.611117613196
DEU_cluster_12543,Germany,51.15560331607082,11.13812697240379,0,29530.856637242217
DEU_cluster_12574,Germany,51.491105913427845,10.812524492952832,0,12951.880910397529
DEU_cluster_12554,Germany,51.01361343016039,11.338983022767955,0,37168.53124299225
DEU_cluster_12532,Germany,51.36318233127592,11.300065192338272,0,19581.853020413604
DEU_cluster_12618,Germany,51.19044163734372,11.066012243021875,0,23510.26521336155
DEU_cluster_12661,Germany,50.88753102188259,10.570592936055748,0,18099.821060888247
DEU_cluster_126,Germany,53.82894540551819,11.988109012692137,0,24586.879441287343
DEU_cluster_12676,Germany,50.94976288388281,10.674973334804523,0,12563.06082406037
DEU_cluster_12731,Germany,51.09154865678803,10.718614922192865,2,23534.87720725522
DEU_cluster_12685,Germany,50.94879795547223,11.04563129136402,0,16495.42303968761
DEU_cluster_12529,Germany,51.01416854849802,11.334803982079778,0,37336.99423440577
DEU_cluster_12742,Germany,51.04008820416069,11.2253901690782,1,32328.997230364734
DEU_cluster_12752,Germany,51.258846437785984,11.08390673566083,0,18395.919357353658
DEU_cluster_12847,Germany,51.42852866175662,10.358010914933471,0,35523.93170327647
DEU_cluster_11664,Germany,49.42012371772991,11.196614946012756,0,19231.43985969624
DEU_cluster_12766,Germany,50.969917805897474,11.088742301062336,0,20210.745938310134
DEU_cluster_12853,Germany,51.11839965274698,10.650963205404754,0,28121.42137944766
DEU_cluster_12846,Germany,51.01766928110223,10.511343324382636,0,26276.140261698005
DEU_cluster_13024,Germany,51.19916298665725,10.017937947212278,0,62143.195539565066
DEU_cluster_12974,Germany,51.3758813782306,10.32752285235232,0,37234.694737656246
DEU_cluster_13018,Germany,51.379566065988975,10.140143020310052,0,50236.175320486305
DEU_cluster_12968,Germany,51.416316515346566,10.535382956593772,0,23168.108089153247
DEU_cluster_13093,Germany,49.53226026498753,7.862350451314271,0,97026.54169392098
DEU_cluster_13076,Germany,49.45024082701254,7.8319691140692305,0,91752.7262958506
DEU_cluster_13101,Germany,49.52491857551668,7.870117523437711,0,96040.7663547766
DEU_cluster_13203,Germany,49.55761799995399,8.450352546721364,0,79897.92313334349
DEU_cluster_1299,Germany,52.30216063525917,8.089498362325559,0,21728.363983986615
DEU_cluster_13154,Germany,49.369644245414754,8.186662136075407,0,68430.55607428333
DEU_cluster_13281,Germany,49.79923473117658,8.629894713449385,0,62334.69010516802
DEU_cluster_13226,Germany,49.616858910857154,8.47887311751531,0,76261.1305187891
DEU_cluster_13290,Germany,49.80228019373431,8.642804009536917,0,61403.200038179304
DEU_cluster_13296,Germany,49.80158760822979,8.634925383649191,0,61969.5872788423
DEU_cluster_13293,Germany,50.05780655252743,8.588075318848997,0,70921.2066739111
DEU_cluster_13283,Germany,50.05281450427844,8.895867808641094,0,51124.68065690417
DEU_cluster_13318,Germany,50.09537219277326,8.958882267521373,0,50258.42922413779
DEU_cluster_13345,Germany,49.87779112034711,8.621111502880693,0,63414.96885638805
DEU_cluster_13435,Germany,49.98491474500086,8.689079775137404,0,61292.48677688197
DEU_cluster_13406,Germany,50.15714602075025,8.98416890703457,0,53638.61668385422
DEU_cluster_1341,Germany,52.26255347966181,7.9990959779985715,0,27934.7873831533
DEU_cluster_13507,Germany,50.0978635893316,8.509268364204333,0,77857.76196083707
DEU_cluster_13513,Germany,49.8455759700452,8.252406465632749,0,89486.92939164027
DEU_cluster_13536,Germany,50.03748321534077,8.333613865032602,0,87271.71646690434
DEU_cluster_13534,Germany,50.04095904694894,8.32932563678355,0,87676.6227625271
DEU_cluster_13548,Germany,49.974850077377766,8.147076638751205,0,98609.38637597917
DEU_cluster_1352,Germany,52.309658219968405,8.046004393781281,0,21989.905341160265
DEU_cluster_13582,Germany,50.09908072613016,8.494864404954608,0,78850.63238057411
DEU_cluster_13566,Germany,50.0393785786105,8.325477388980797,0,87888.87052469487
DEU_cluster_13679,Germany,50.1521231385648,8.554813757059522,0,77680.190059665
DEU_cluster_13713,Germany,50.07582996928903,7.450136382228896,0,96851.18429891621
DEU_cluster_12867,Germany,51.41518203757598,10.365069438618525,0,34843.50159789005
DEU_cluster_13710,Germany,50.05890248744031,7.431922606717209,0,98131.46625242874
DEU_cluster_1368,Germany,52.28617597041429,8.950038412850608,0,25041.262152799103
DEU_cluster_1377,Germany,52.14519029787592,8.601941492235639,0,29087.058036652168
DEU_cluster_1565,Germany,52.85573834829297,11.160963207742638,0,54866.70618407587
DEU_cluster_1537,Germany,52.95547471538335,11.168751904571549,0,53906.02426310473
DEU_cluster_1403,Germany,52.284459972129895,9.084585976880788,0,27651.1934096888
DEU_cluster_13718,Germany,50.15167597606076,7.713256265223999,0,98158.7215566432
DEU_cluster_1562,Germany,52.58918154031047,11.274480368689556,2,59760.15031487797
DEU_cluster_1583,Germany,52.84399102563843,11.148300844660884,0,55904.60382376698
DEU_cluster_1504,Germany,52.20587567675052,10.52692712391823,0,49638.466149678046
DEU_cluster_1606,Germany,52.46665366061698,10.733754317442203,0,69570.62041571936
DEU_cluster_1578,Germany,52.3089661074782,10.549785216701828,0,58118.27431909223
DEU_cluster_1604,Germany,52.84155485855067,11.167764277242744,0,54660.33366057498
DEU_cluster_1625,Germany,52.3955833194832,10.7479817395955,0,61686.125892117314
DEU_cluster_1632,Germany,52.39093892381748,10.754248463318596,0,61075.85687621898
DEU_cluster_1670,Germany,52.90995976280391,10.565398858903116,1,78480.9162808487
DEU_cluster_1664,Germany,52.84334056964955,11.171999262269315,0,54346.509788633106
DEU_cluster_1702,Germany,52.85429678433094,11.124465782432427,0,57315.71840522518
DEU_cluster_1677,Germany,52.3167230828631,10.596028613688803,0,57320.773340673695
DEU_cluster_1723,Germany,52.32282340955802,10.66737145233562,0,55842.61540465478
DEU_cluster_1769,Germany,52.857254875940114,11.126182312219305,0,57157.06693355426
DEU_cluster_177,Germany,53.80020780630327,11.465210790375597,2,50284.47265628151
DEU_cluster_1651,Germany,52.3931994516679,10.74867087239782,0,61418.16398273353
DEU_cluster_1790,Germany,52.84474016839884,9.71818495609146,0,27748.951259310434
DEU_cluster_1780,Germany,52.83996489537622,9.707763867868858,0,26919.85641952832
DEU_cluster_1764,Germany,52.42122442008776,10.821910358692802,0,63351.755571082336
DEU_cluster_1793,Germany,52.60638015895984,10.098441444768037,0,41255.93475481136
DEU_cluster_1794,Germany,52.40361315337549,9.61707756829534,0,27369.193379953344
DEU_cluster_1812,Germany,52.32620878229886,9.699050730809384,0,37378.42325875785
DEU_cluster_1795,Germany,52.33591574609807,9.66272759228886,0,35494.21677264099
DEU_cluster_1850,Germany,52.84448502929458,9.722693345829242,0,27895.13734951947
DEU_cluster_1818,Germany,52.78200045739074,9.930740939884272,0,33815.034480392365
DEU_cluster_1875,Germany,52.79935273097383,9.925607085338845,0,34475.163548881035
DEU_cluster_1863,Germany,52.84312355159709,9.716748324134366,0,27545.909383531703
DEU_cluster_1938,Germany,52.99311262950933,10.077865485524995,0,55952.17537336664
DEU_cluster_1837,Germany,52.78411202145684,9.932221142321165,0,34014.279073662314
DEU_cluster_1960,Germany,52.28770558814275,9.835599530558085,0,45388.53106118885
DEU_cluster_1963,Germany,51.81045981958528,7.294751554788565,0,48244.07395434966
DEU_cluster_197,Germany,53.65026783910246,11.353867824331711,0,66250.09452489526
DEU_cluster_202,Germany,53.64928367116114,11.357006937675576,0,66168.49938746743
DEU_cluster_2001,Germany,51.550950503412174,8.110137315365353,0,34228.031559788695
DEU_cluster_2022,Germany,51.62970370730174,7.49046690884093,0,67637.34487956722
DEU_cluster_2075,Germany,51.301324614520176,7.31811419674746,0,53650.863946088146
DEU_cluster_2094,Germany,51.51418986227585,7.614324661376374,0,64711.689442532275
DEU_cluster_2026,Germany,51.580917612278185,7.565906198760172,0,64881.88156875399
DEU_cluster_2024,Germany,51.42612876848279,7.439746327640076,0,69892.82733294992
DEU_cluster_2186,Germany,51.65630162191094,7.471914936177735,0,66597.6066022385
DEU_cluster_2230,Germany,51.68100448356944,7.327614615587248,0,57072.72538096635
DEU_cluster_2221,Germany,51.38491424165442,7.805498498785394,0,62205.74586222068
DEU_cluster_2276,Germany,52.05880609771188,7.979933842848794,1,15634.965711433526
DEU_cluster_218,Germany,53.69895349685421,11.106620004006723,0,76267.14638718561
DEU_cluster_2248,Germany,51.6555277356808,7.866352586311451,0,42571.37335582836
DEU_cluster_2291,Germany,51.95906129449566,7.928710945273667,0,21423.623126794966
DEU_cluster_2157,Germany,51.55556862551586,7.60496462599893,0,63377.60713839411
DEU_cluster_2443,Germany,52.01920273031778,8.426298111734763,0,15256.50154412852
DEU_cluster_2440,Germany,51.76456008695492,8.422580479727056,1,2381.1083385384095
DEU_cluster_2445,Germany,51.90455583341431,8.349817442506518,0,16364.75690708299
DEU_cluster_2471,Germany,51.79173275525874,8.65532980550532,1,13963.439432003188
DEU_cluster_2495,Germany,52.00301567964603,8.310853039376218,1,8547.62676653828
DEU_cluster_2301,Germany,51.98557232625686,7.89829634411791,1,22226.413189497278
DEU_cluster_2510,Germany,51.83009892945492,8.405373018510556,1,7255.392832261652
DEU_cluster_250,Germany,53.814970186588944,11.428634531838057,1,51481.61561432636
DEU_cluster_2545,Germany,51.8837975455667,8.452427171957606,0,12383.722163122071
DEU_cluster_2516,Germany,51.97218214127722,8.538185777119413,0,22937.238106776695
DEU_cluster_2562,Germany,51.74374688513297,8.422586543546663,1,3883.358087381666
DEU_cluster_2633,Germany,51.59690991493633,8.646168535594361,1,23559.96148645283
DEU_cluster_2649,Germany,51.34937811122299,8.202011276217691,0,50181.76520931694
DEU_cluster_2650,Germany,51.52156317045159,8.702177904614464,0,32704.87352701344
DEU_cluster_2679,Germany,51.31108477580822,8.498773174145391,0,51390.29698016637
DEU_cluster_2713,Germany,51.585888722662624,9.927309321786549,0,68814.62222746214
DEU_cluster_2730,Germany,51.38385834786942,10.142208502456102,0,50093.21274861874
DEU_cluster_2749,Germany,51.63248149129663,10.46964635841278,0,39223.38268705457
DEU_cluster_2773,Germany,51.91612695371333,10.45595586213913,0,36949.305894698955
DEU_cluster_2776,Germany,51.93205237016928,10.437892322740051,0,38491.945194659114
DEU_cluster_273,Germany,53.86261940291787,11.620643913453362,0,37952.774347279934
DEU_cluster_2794,Germany,51.910609700075575,10.466640606165852,0,36129.12185795343
DEU_cluster_2859,Germany,52.00721924153898,8.892289340721195,0,11475.50940242829
DEU_cluster_2900,Germany,51.98346183806497,9.81554212598085,0,64516.44026491027
DEU_cluster_2902,Germany,52.16220225518149,9.983939997731966,0,62570.40596981948
DEU_cluster_291,Germany,53.84324310178954,11.462115371411658,0,48038.466163782
DEU_cluster_3102,Germany,51.34266976122596,9.544091888259898,0,77331.10031772604
DEU_cluster_3067,Germany,51.36026906424788,9.49771959227057,0,73871.50830384635
DEU_cluster_3156,Germany,53.23313148538789,7.437319311150738,0,18845.163157341143
DEU_cluster_2926,Germany,52.12740092119726,9.906707755394429,0,63365.93427371824
DEU_cluster_3168,Germany,53.365034555473926,7.164182978418976,0,27409.20931981781
DEU_cluster_3167,Germany,53.676565025961736,7.472102213781878,0,26772.985561479625
DEU_cluster_3271,Germany,53.56572976044362,8.082013730462322,0,19417.96464412894
DEU_cluster_3285,Germany,53.26816156424344,8.018312043409196,0,25183.107936546385
DEU_cluster_3245,Germany,53.26996983794764,8.02069242867311,0,25436.588962402715
DEU_cluster_329,Germany,53.85800160440247,10.930620080534023,0,73786.9136666477
DEU_cluster_3316,Germany,53.57664867622656,8.084252291232524,0,18668.101356243715
DEU_cluster_2098,Germany,51.62339152347012,7.31939189212512,0,60488.522888363834
DEU_cluster_3325,Germany,53.21032478764264,7.715018302522575,1,11245.560270361068
DEU_cluster_3392,Germany,52.94749129433502,7.950182578886683,1,4489.7363873700215
DEU_cluster_3362,Germany,53.20793688261392,7.829801684343799,0,12139.285471956528
DEU_cluster_3405,Germany,52.954646986938485,7.991400357349644,1,4996.2746445440525
DEU_cluster_3400,Germany,53.11703686884747,7.699686791775535,1,3180.637857505904
DEU_cluster_341,Germany,53.61757495294759,11.410476016462887,0,66077.65076323159
DEU_cluster_3152,Germany,53.60319217588465,7.311429254994265,0,38606.24819295648
DEU_cluster_3395,Germany,53.10420648957751,7.792245533501154,1,3160.432460549886
DEU_cluster_3458,Germany,52.9725053968377,8.093252959459742,1,8869.341343623866
DEU_cluster_3422,Germany,53.0838482253333,8.016087224746418,0,11855.554527323933
DEU_cluster_3459,Germany,53.03385612958292,7.95542642254511,1,5258.9884619619725
DEU_cluster_3480,Germany,52.95022303038542,7.936731661202599,1,4144.995925754882
DEU_cluster_3486,Germany,52.937134052431375,7.857623364379072,1,7874.633276628811
DEU_cluster_350,Germany,53.586466798041286,11.466483644521766,0,64276.32390040631
DEU_cluster_3489,Germany,53.06081249168688,8.235969818334652,0,21386.71811021234
DEU_cluster_3515,Germany,53.06859006348308,8.20054388106609,0,19599.287962688246
DEU_cluster_3527,Germany,52.942521905002685,7.934828237456072,1,5007.941846479449
DEU_cluster_3535,Germany,52.99573719176529,7.763836602526075,1,3372.076271715928
DEU_cluster_3551,Germany,52.81833145052221,7.641560804618495,1,11318.742989842262
DEU_cluster_3543,Germany,52.78561802201213,7.620712234964046,1,14312.348147456174
DEU_cluster_3566,Germany,53.07103711007835,7.677811141249343,1,6369.56133302186
DEU_cluster_3557,Germany,52.80051939233876,7.835233542582795,1,4498.67007775152
DEU_cluster_3571,Germany,52.95783464913428,8.041899964649561,1,6139.09691039505
DEU_cluster_3583,Germany,52.992124057776046,7.735593902784117,1,2216.6115590981562
DEU_cluster_3594,Germany,52.95376343841205,8.059232171470352,1,6001.3480185902245
DEU_cluster_3597,Germany,52.99125770801022,8.099892799158185,2,10685.198991466437
DEU_cluster_3602,Germany,53.04660815559298,7.831782622610858,1,9154.980386241052
DEU_cluster_3611,Germany,52.907058262827405,7.690039571207399,2,7778.326454665189
DEU_cluster_3413,Germany,53.08514530456877,8.015585502996913,0,11971.974881801098
DEU_cluster_3561,Germany,53.04523398304258,7.941734429011041,2,6427.59845448705
DEU_cluster_3682,Germany,52.91223124666448,7.556565206024274,0,13511.924427247224
DEU_cluster_3721,Germany,52.88415412890722,7.508074434697333,0,17918.243916214928
DEU_cluster_3646,Germany,53.01819034760914,7.918517136722025,1,3719.7335570224272
DEU_cluster_3684,Germany,53.15959366923131,7.366603627961491,0,9561.072474365368
DEU_cluster_3764,Germany,53.059550498508685,8.741067382218564,0,11287.85613224748
DEU_cluster_3726,Germany,52.77686336490876,7.526706688429139,1,20267.722520763935
DEU_cluster_3753,Germany,53.05689851228274,8.741647126561011,0,11314.045534426557
DEU_cluster_3770,Germany,53.58132351106236,9.599750524734583,0,19648.156957863157
DEU_cluster_3652,Germany,53.03317430776288,7.925428998381613,1,5183.473691062214
DEU_cluster_3828,Germany,53.12924935200903,8.752387179408926,0,14655.934158984439
DEU_cluster_378,Germany,53.52542331667557,11.474262430404696,1,65991.18226288974
DEU_cluster_389,Germany,53.33658166471883,11.485241872895362,0,56330.41772983949
DEU_cluster_3875,Germany,53.51937008879073,9.683759661632038,0,20665.254533911448
DEU_cluster_3782,Germany,53.52211537324578,9.439972636739812,1,32087.284700406366
DEU_cluster_3935,Germany,53.41187393883863,10.240348728325523,0,39108.74709204425
DEU_cluster_3956,Germany,53.410492871384136,10.241723395498829,0,39284.42564980145
DEU_cluster_3965,Germany,53.47344981890456,10.101317619428553,0,28003.949726448398
DEU_cluster_3949,Germany,53.44500952521682,10.11232976715818,0,31014.53133674172
DEU_cluster_3972,Germany,53.4330336606027,10.245733585263247,0,37611.295991738
DEU_cluster_3983,Germany,53.44083788513095,10.239792019079504,0,36713.79304615171
DEU_cluster_3973,Germany,53.47365599408912,9.81964262816684,0,22661.27623693551
DEU_cluster_3991,Germany,53.64778055610808,9.865101093646173,0,3344.6081511378366
DEU_cluster_3992,Germany,53.42688833941772,10.135361210364705,0,33537.85000622595
DEU_cluster_3999,Germany,53.48493385649789,10.145367891808704,0,28857.733156022387
DEU_cluster_3994,Germany,53.47430249683044,10.057796793621788,0,26326.75654589253
DEU_cluster_3974,Germany,53.47355765528536,9.82360449301036,0,22650.026135569544
DEU_cluster_4002,Germany,53.62003009963071,10.229513714596848,0,25749.775947129896
DEU_cluster_4027,Germany,53.478246013431146,10.228279503676571,0,33287.2272357897
DEU_cluster_4064,Germany,53.4425028284584,10.176261409284168,0,33765.80580946351
DEU_cluster_4067,Germany,53.45662129522292,10.212922923456963,0,34215.080968802984
DEU_cluster_405,Germany,53.32110881549211,11.500074629258195,0,54357.50708986379
DEU_cluster_4085,Germany,53.43928292545189,10.183446107370925,0,34344.86791610479
DEU_cluster_4001,Germany,53.47282536279221,9.821439254365067,0,22742.888576052683
DEU_cluster_4072,Germany,53.40562389554162,10.205170433883437,0,38166.65437419287
DEU_cluster_4168,Germany,53.77605913117947,9.869667493392445,0,11127.60267129157
DEU_cluster_4164,Germany,53.69007562569841,10.26288033906162,0,27186.930353635064
DEU_cluster_4224,Germany,53.791293350534026,9.30711051089028,1,37958.994162719944
DEU_cluster_4200,Germany,53.82836901597381,9.120827847284064,1,50865.12956133982
DEU_cluster_4230,Germany,53.51892702087504,8.63115803090292,0,51867.806349844155
DEU_cluster_4199,Germany,53.82202660542635,9.15995212355189,1,48208.182832928265
DEU_cluster_4241,Germany,53.548278773060034,8.615617751967223,0,51200.34519877515
DEU_cluster_4291,Germany,52.5708372644302,7.21677734539269,1,4384.658010889622
DEU_cluster_4279,Germany,52.55739791657387,7.212649893627008,1,5903.912459232303
DEU_cluster_4292,Germany,52.659358668887485,7.228112677877356,1,4277.828448132998
DEU_cluster_4296,Germany,52.72767684122388,7.318523561856431,0,8798.417245939021
DEU_cluster_4305,Germany,52.57160098050056,7.214974652983096,1,4331.336278994103
DEU_cluster_4295,Germany,52.73262393423767,7.201517833945944,1,4300.150598589479
DEU_cluster_4315,Germany,52.727204881611776,7.31548147491186,0,8590.789360937191
DEU_cluster_4317,Germany,52.50874361298813,7.268369398654982,0,11455.260714684198
DEU_cluster_4337,Germany,52.713782557838805,7.204126612074477,1,2218.8735177895337
DEU_cluster_4376,Germany,52.55609683686436,7.21350054627572,1,6033.6114899899685
DEU_cluster_4411,Germany,52.2586337019446,7.152630158914955,0,31897.505096533867
DEU_cluster_4401,Germany,52.26719868631473,7.181391112798238,1,29721.966009308973
DEU_cluster_4350,Germany,52.61000518343089,6.961409926128645,1,18224.16844137729
DEU_cluster_4559,Germany,52.132424203895056,7.745585944470951,0,31249.137084336347
DEU_cluster_4586,Germany,52.10381440370556,7.574975106055233,1,32014.201350500163
DEU_cluster_4608,Germany,50.73118977057396,11.753097789458028,0,15411.736905517035
DEU_cluster_4611,Germany,50.65662224636778,11.984038175408612,0,25817.58076320097
DEU_cluster_459,Germany,53.50106258846464,11.067200730491775,1,82631.63017900774
DEU_cluster_4624,Germany,51.37704430606137,11.612751210109383,0,3131.1248338590613
DEU_cluster_4626,Germany,51.031748364254575,11.510754914715111,0,36499.14567997872
DEU_cluster_4620,Germany,51.4087092931727,11.588085537374754,1,1714.6933961842121
DEU_cluster_4648,Germany,51.2991156271338,11.438486442771293,0,14368.35419053516
DEU_cluster_4145,Germany,53.773953866336015,9.871015983044204,0,10905.554382301723
DEU_cluster_4638,Germany,51.03364909841555,11.506744307240226,0,36726.173483045815
DEU_cluster_4689,Germany,51.43946447084536,11.955133359327547,0,9667.312241059513
DEU_cluster_4693,Germany,51.45374219088643,11.944647283050063,0,8911.650393786938
DEU_cluster_4691,Germany,51.439169295419866,11.732777957502686,1,11838.549653587786
DEU_cluster_4695,Germany,51.47835542973381,11.894929180529177,0,10357.314966978196
DEU_cluster_47,Germany,49.42522548822248,11.904046609653363,0,13831.332624014669
DEU_cluster_4699,Germany,51.51426372473613,11.90514870830785,0,9012.564867518895
DEU_cluster_4694,Germany,51.5176645662272,11.915566536121135,0,8318.981767193873
DEU_cluster_4711,Germany,51.514518260650505,11.989293975695428,0,3209.513751030483
DEU_cluster_4748,Germany,50.97438856083232,11.887842937155344,0,16426.632566643762
DEU_cluster_4758,Germany,51.33994711651574,11.962707358949675,0,19637.0281800472
DEU_cluster_4714,Germany,51.47978415906466,11.892557888982685,0,10458.082385245647
DEU_cluster_4766,Germany,51.22124188363592,11.769170825501826,0,23439.27545713057
DEU_cluster_4767,Germany,51.037853433628726,11.634447253872764,0,31402.53563553199
DEU_cluster_4762,Germany,51.3435078360335,11.994840220860038,0,18795.970319955635
DEU_cluster_4765,Germany,50.90766955204538,11.85551604684906,0,22980.172653589434
DEU_cluster_4781,Germany,50.916204662420526,11.80581828889363,1,24903.00551719097
DEU_cluster_4759,Germany,51.33652482275927,11.986303066907082,0,19657.65973497744
DEU_cluster_4796,Germany,51.18835907157683,11.9618411414926,0,16876.00669703183
DEU_cluster_4869,Germany,50.90641208401524,11.843947001778329,0,23646.65941726914
DEU_cluster_495,Germany,53.37230352615898,11.596615650980642,0,55924.94879704824
DEU_cluster_496,Germany,53.418667611405375,11.817977912024537,0,52924.639281952026
DEU_cluster_4939,Germany,50.931661382575655,11.900815207983852,0,18862.98725754668
DEU_cluster_4974,Germany,52.7754203346065,11.767203502505405,0,21324.26187182272
DEU_cluster_4979,Germany,52.53210605720345,11.449636566902866,0,54700.94041273499
DEU_cluster_497,Germany,53.51306895644283,11.657634784974736,1,55537.40340610755
DEU_cluster_4993,Germany,53.06762984019005,11.868953936379034,0,17546.42688380967
DEU_cluster_4874,Germany,51.3013219256442,11.815131949629931,0,19491.844614597198
DEU_cluster_5054,Germany,52.37880155583589,11.989830213568542,0,24095.95614971913
DEU_cluster_5056,Germany,52.78132226076544,11.753142270043012,0,21458.20721425419
DEU_cluster_5040,Germany,53.019884335452986,11.746382304417812,0,18558.95046734159
DEU_cluster_4792,Germany,51.14489906975508,11.822335749373789,0,20643.015650859994
DEU_cluster_5108,Germany,52.61986752845603,11.842868383464197,0,34725.83992120789
DEU_cluster_5181,Germany,51.5008940178304,10.822705913751244,0,13838.4120755809
DEU_cluster_5183,Germany,51.46289033887571,11.288206044492656,0,21449.739922868088
DEU_cluster_5223,Germany,51.51308233753335,10.774648932236566,0,16130.015386728384
DEU_cluster_5182,Germany,51.40284905669476,11.398910404706749,0,12432.200614414422
DEU_cluster_5073,Germany,52.62215784035876,11.863150726738043,0,34162.87988291315
DEU_cluster_5124,Germany,52.73424437696753,11.751954479940498,2,25585.39262426486
DEU_cluster_523,Germany,53.44279822226176,11.874698916281217,1,48350.590586741375
DEU_cluster_5228,Germany,51.97356044306753,10.784270425772856,1,18729.767347063804
DEU_cluster_5244,Germany,51.96528810589717,10.771246685805044,1,18819.662238941495
DEU_cluster_5339,Germany,51.661734646750965,11.515714119469427,0,11369.912807874949
DEU_cluster_529,Germany,53.42426253502396,11.81143576742763,0,52821.95236808824
DEU_cluster_5258,Germany,51.66669388634007,10.721184017160656,0,28260.673033882325
DEU_cluster_5355,Germany,51.86225177115082,11.561191570230726,0,13559.027068579828
DEU_cluster_5379,Germany,51.81020131092443,11.07576950307207,1,8290.70472331124
DEU_cluster_5383,Germany,51.565938988847925,11.549703796917084,0,19135.36892349421
DEU_cluster_540,Germany,53.42513978612497,11.815426396801012,0,52560.74077391813
DEU_cluster_5399,Germany,51.95954529358522,11.47067289480096,1,25819.231101268982
DEU_cluster_5417,Germany,51.78995000219803,11.206568721550132,2,17023.925729099985
DEU_cluster_5431,Germany,51.82535467543061,11.625215711388128,1,9030.346631374823
DEU_cluster_5420,Germany,51.66114872652168,11.512405554497825,0,11557.435002875336
DEU_cluster_5450,Germany,52.02750026464233,11.715333723704948,0,23501.999688879798
DEU_cluster_5469,Germany,51.912192307015125,11.780017173459642,0,21909.84710317771
DEU_cluster_5455,Germany,51.74281157671386,11.239148032111933,2,21738.21689465294
DEU_cluster_5472,Germany,51.51029914765601,11.565087680549253,0,12879.851409288965
DEU_cluster_5478,Germany,51.75453340703841,11.756165505437478,1,9948.796571095032
DEU_cluster_5500,Germany,51.53811635868001,11.54206801945019,0,16132.893345716502
DEU_cluster_5491,Germany,52.091634762138064,11.107824543490844,0,27001.00347561178
DEU_cluster_5413,Germany,51.81210143645918,11.724735897532446,0,10771.823549726567
DEU_cluster_5522,Germany,51.91372484039923,11.778003995927032,0,21983.06741753601
DEU_cluster_5526,Germany,51.80426038378458,10.950332689074932,0,6740.433382534732
DEU_cluster_5567,Germany,51.474903473485966,11.318643022213267,0,20045.094822364445
DEU_cluster_5529,Germany,51.69333164055263,11.462928261501592,1,11774.586802592969
DEU_cluster_5592,Germany,52.00971975974218,11.713851635734809,0,24885.307709757624
DEU_cluster_5391,Germany,51.87976798983158,11.050943396537372,0,4897.588799264601
DEU_cluster_5527,Germany,51.75784672914859,11.044974906566514,0,12100.301507170567
DEU_cluster_5607,Germany,51.96751154985456,11.881666540419063,0,22675.293721408416
DEU_cluster_5672,Germany,52.018521344484014,11.713805731508751,0,24230.205233601333
DEU_cluster_5586,Germany,51.85935988463929,11.5642605170299,0,13194.173352287598
DEU_cluster_5606,Germany,51.82681625255385,11.711625093010364,0,11409.472479795893
DEU_cluster_5374,Germany,51.75344551727621,11.485674813400369,0,8790.780388102588
DEU_cluster_5705,Germany,51.79810205807704,11.456318066209311,2,12290.817631990054
DEU_cluster_5815,Germany,51.53925783553561,11.767850968784217,0,18771.158989948737
DEU_cluster_5673,Germany,51.71675334557107,11.220612743538409,0,22679.227178565685
DEU_cluster_5817,Germany,51.797972375472085,11.887893503032638,1,19855.85186639089
DEU_cluster_5833,Germany,51.74362059401895,11.957518066062391,0,23750.647428208955
DEU_cluster_5847,Germany,51.74309417272278,11.950707340264364,0,23282.201394348504
DEU_cluster_5753,Germany,51.776316844860204,11.1265130582999,0,13415.85176406017
DEU_cluster_5955,Germany,54.58659012346805,9.32286547719913,2,30689.860497864818
DEU_cluster_5962,Germany,54.75749420511006,9.383215017457005,0,14476.620936938172
DEU_cluster_5968,Germany,54.75828403057052,9.377240074035818,0,14168.824629383515
DEU_cluster_5904,Germany,52.32044946911993,11.223994345495209,0,53646.08119742635
DEU_cluster_5923,Germany,52.15326920438199,11.963666234910148,0,1515.5201983936488
DEU_cluster_5842,Germany,51.60822681749113,11.891945178759023,1,14692.229973588168
DEU_cluster_5966,Germany,54.75936364211277,9.382642832618885,0,14292.482359730946
DEU_cluster_5978,Germany,54.75711123552979,9.379364149416825,0,14355.569776566512
DEU_cluster_6067,Germany,53.81404244657715,8.642795714414044,0,52101.977258625506
DEU_cluster_6106,Germany,48.3669394493912,8.805797795790241,0,55239.056862562466
DEU_cluster_6238,Germany,48.08794602403856,7.944070349953771,0,32755.084434043583
DEU_cluster_6217,Germany,48.17536497981023,8.575285111917408,0,57125.2630863698
DEU_cluster_6241,Germany,48.34602716016495,7.844399016702729,0,3880.3839355095256
DEU_cluster_6266,Germany,48.22404578624974,7.758390276565935,0,18862.32080344589
DEU_cluster_631,Germany,54.15097284546136,10.597382291467568,0,71928.33899298601
DEU_cluster_6298,Germany,48.5803007139994,8.391855294709142,0,39039.95919545343
DEU_cluster_635,Germany,54.078493273122525,9.95693357543206,0,45225.951138848795
DEU_cluster_644,Germany,54.07494796018052,9.95711358644674,0,44838.355646937554
DEU_cluster_6445,Germany,47.979173231328055,8.802120832059579,0,71861.78962972098
DEU_cluster_6397,Germany,48.21425361092962,9.187275229356269,1,79820.81845377023
DEU_cluster_6515,Germany,49.256829427040046,6.97524287138758,0,107675.50011561559
DEU_cluster_6626,Germany,49.44733308841424,7.604169780022103,0,103803.45820268609
DEU_cluster_6627,Germany,49.44898027125676,7.575933365031187,0,105519.87282517583
DEU_cluster_6617,Germany,49.4285920467614,7.711617176901519,0,96485.87388374575
DEU_cluster_6633,Germany,49.44473399780523,7.602915583487074,0,103694.55414109814
DEU_cluster_6638,Germany,49.4520851491945,7.595216726035679,0,104638.92354458426
DEU_cluster_6650,Germany,49.45062047148883,7.573685404772148,0,105760.17158261548
DEU_cluster_629,Germany,54.31273788375289,10.050581013347422,0,71930.00485336268
DEU_cluster_672,Germany,54.34027139124207,10.186171014929986,0,76982.18258621452
DEU_cluster_6804,Germany,48.77280499128,8.226760640362128,0,36939.80138067144
DEU_cluster_6733,Germany,49.0378477145638,8.308658711101167,0,35576.40648552152
DEU_cluster_6897,Germany,47.76889002387384,10.610903522417892,0,30156.958951815417
DEU_cluster_696,Germany,53.91277436866748,10.03726714350158,0,28978.36032377182
DEU_cluster_69,Germany,49.65042096951135,11.801455610954836,0,39462.792080525775
DEU_cluster_6911,Germany,47.86857628650346,10.629177951368913,0,19115.39463710392
DEU_cluster_6964,Germany,47.760972906490274,11.58069406623244,0,53902.51661077627
DEU_cluster_620,Germany,54.021700653789125,10.24605427579052,1,46313.82263882943
DEU_cluster_648,Germany,54.24316985260024,10.274879319454572,0,68839.185611246
DEU_cluster_6962,Germany,47.85857114342206,11.477530829294468,0,42298.37242365503
DEU_cluster_6965,Germany,47.76095745170922,11.58691007623643,0,53984.33396999145
DEU_cluster_6974,Germany,47.77246569419223,11.372686736337114,0,49772.995821590426
DEU_cluster_6976,Germany,47.98271400154969,11.302575432547382,0,26154.773370137584
DEU_cluster_6977,Germany,47.58273404000351,10.55069802657741,0,51337.01132529845
DEU_cluster_7007,Germany,47.69104275571263,11.205022936178905,0,53033.76832437193
DEU_cluster_7048,Germany,47.88092770149538,11.987585973356108,0,46431.33369358971
DEU_cluster_7095,Germany,48.35492254656017,9.915081584811071,0,68876.33177330054
DEU_cluster_6978,Germany,47.76091707114645,11.585105457968924,0,53965.098114864355
DEU_cluster_7054,Germany,47.85774878744317,11.79634169017804,0,48220.270807910034
DEU_cluster_6968,Germany,47.59429685257221,11.082065009424142,0,56124.037925291515
DEU_cluster_7098,Germany,48.61756686435699,9.816851746659331,0,85274.6503986712
DEU_cluster_7105,Germany,48.84115651118447,10.066890223685007,0,95970.87744673844
DEU_cluster_7260,Germany,48.471465616848135,10.089056703652982,1,66988.42410918127
DEU_cluster_6822,Germany,48.6496366534492,8.061244315489507,0,33470.35845053053
DEU_cluster_72,Germany,49.64203253219688,11.811494139118311,0,38323.18612368961
DEU_cluster_7278,Germany,48.64417415969622,9.52188350326159,0,63930.81332400588
DEU_cluster_7289,Germany,48.71479878634912,9.680161600867264,0,72627.47418668104
DEU_cluster_7313,Germany,48.416732643619554,9.540098565090688,0,78211.33280258416
DEU_cluster_7390,Germany,47.99891654830745,10.004031095185471,0,52504.04920603615
DEU_cluster_738,Germany,54.51215047731512,9.54361775122354,0,43153.971128778845
DEU_cluster_7088,Germany,48.45413844478128,9.959552325005104,0,72628.60953974226
DEU_cluster_7408,Germany,48.21573217021005,9.908848699604514,0,62742.27546102435
DEU_cluster_74,Germany,49.643052384724704,11.79103494497565,0,39014.23129096024
DEU_cluster_7550,Germany,48.17758499058858,10.837160450316448,0,2917.7667890280513
DEU_cluster_742,Germany,54.66469905462069,9.946500601471053,0,50151.1948196511
DEU_cluster_7709,Germany,48.04210728181118,11.506873475219129,0,22161.973924299964
DEU_cluster_7618,Germany,48.48722421442717,10.850744920073437,0,36502.117156434746
DEU_cluster_7719,Germany,47.984863208716106,11.306275904389144,0,26062.852339489484
DEU_cluster_7644,Germany,48.27171789543018,10.823902387962017,0,12889.660886058453
DEU_cluster_7575,Germany,48.16077125706073,10.458625072658934,0,23409.064227691124
DEU_cluster_7790,Germany,48.197852006950285,11.269133676696882,0,8980.541439045195
DEU_cluster_776,Germany,54.32016046264488,10.676349451488605,0,89626.10874378741
DEU_cluster_7752,Germany,47.94358556105312,11.78257858968134,0,39119.846357233764
DEU_cluster_7797,Germany,48.672690785353865,11.461768547954128,0,20195.76429428586
DEU_cluster_78,Germany,49.64733720387708,11.785789142074586,0,39604.573641941235
DEU_cluster_7796,Germany,48.52073994393406,11.498019648065638,0,29489.739570397738
DEU_cluster_7799,Germany,48.25363679592567,11.648785346160304,0,7756.295318329187
DEU_cluster_7818,Germany,48.17213058843488,11.263751818430094,0,8914.92291141905
DEU_cluster_7834,Germany,48.52185768408069,11.510038502445648,0,29524.2430557079
DEU_cluster_7821,Germany,48.303921828075865,11.915069215410814,0,27931.38650830227
DEU_cluster_7853,Germany,48.24325601290383,11.605979854867355,0,4836.300194025862
DEU_cluster_7234,Germany,48.824753328279066,10.10781412386622,0,92696.00895440906
DEU_cluster_7877,Germany,48.21792202716665,11.800714915776572,0,19498.451112723422
DEU_cluster_7933,Germany,48.28768247252601,11.893213319680916,0,26052.920694959375
DEU_cluster_79,Germany,49.63966223028261,11.798713100763198,0,38443.79088969097
DEU_cluster_7942,Germany,48.418433383756586,11.900930709593888,1,31880.87219767407
DEU_cluster_8056,Germany,48.1994877114808,11.279128658682405,0,9730.00560883644
DEU_cluster_8028,Germany,48.200630106280514,11.26591645292068,0,8762.326931633192
DEU_cluster_7945,Germany,48.17176660724228,11.912844240260224,0,28925.544955321984
DEU_cluster_8069,Germany,48.356751759084325,10.958741032047824,0,22881.00217432004
DEU_cluster_8,Germany,49.23067838403105,11.675144623543597,0,26650.579438699497
DEU_cluster_7860,Germany,48.25218527975935,11.647069974900262,0,7639.922745364409
DEU_cluster_8291,Germany,50.807206149591885,6.169008025138243,0,50472.19613676974
DEU_cluster_818,Germany,53.95886232907148,9.714941773306732,0,32624.314682957865
DEU_cluster_8267,Germany,50.82152711405927,6.236840823257944,0,49518.8695715362
DEU_cluster_8357,Germany,50.56894593522654,7.955660095534332,0,79845.14513940345
DEU_cluster_8206,Germany,47.55998076215181,10.022053236060753,0,73368.88113296297
DEU_cluster_8432,Germany,50.14332864758317,7.346121108067766,0,87214.12827198963
DEU_cluster_8126,Germany,48.26040467318516,10.997642548203936,0,13364.071553672396
DEU_cluster_8598,Germany,50.84135176995016,7.120214883123169,0,13763.547855310997
DEU_cluster_8386,Germany,50.62150189515295,8.083392639037614,0,85825.87972394825
DEU_cluster_8705,Germany,50.893713991406216,6.963477128999808,0,2299.611166053178
DEU_cluster_8724,Germany,51.06976259528595,6.948107075785339,0,20793.706414688804
DEU_cluster_8704,Germany,51.01965985075106,6.82176657668282,0,17164.954535931018
DEU_cluster_8738,Germany,50.92671357121222,6.804725429136234,0,10382.62318006495
DEU_cluster_8755,Germany,50.832828296642965,6.880260837170625,0,6787.579385441654
DEU_cluster_88,Germany,49.648678691494815,11.782452505842064,0,39840.70491233595
DEU_cluster_8514,Germany,50.85496827502632,7.11731771053078,0,13132.012509783066
DEU_cluster_884,Germany,53.003331810620914,8.589811811126381,0,5729.884654956457
DEU_cluster_8821,Germany,50.80588782981545,6.969801461026462,0,8898.565613419094
DEU_cluster_888,Germany,52.81926384376035,9.324572361102192,0,20662.291244941665
DEU_cluster_8861,Germany,50.80530093120492,6.968190085413627,0,8931.67565655877
DEU_cluster_8888,Germany,50.70994750436123,6.9270557797179135,0,19243.79838274442
DEU_cluster_8793,Germany,50.93326014396079,6.778279937179228,0,12363.215225433209
DEU_cluster_8873,Germany,50.71169478309942,6.928514821007206,0,19046.682209909173
DEU_cluster_8969,Germany,49.61969284562534,7.335175809376974,0,123684.41875503515
DEU_cluster_8974,Germany,49.61103220486188,7.3221355577959075,0,123135.3262076901
DEU_cluster_8918,Germany,49.66731166726132,6.919453204288903,0,93864.77651447918
DEU_cluster_8972,Germany,49.61925761397664,7.329406039846457,0,123310.27571140451
DEU_cluster_8988,Germany,49.6166549809358,7.327460404517584,0,123277.98996421372
DEU_cluster_9011,Germany,49.64008067139435,7.299690390306548,0,120515.96920426044
DEU_cluster_8967,Germany,49.61747458081288,7.330531051470392,0,123454.36543940175
DEU_cluster_9203,Germany,50.02123736279415,7.354126820808269,0,100294.59184684063
DEU_cluster_9210,Germany,49.9775592318226,6.931365321736976,0,87434.82253865496
DEU_cluster_9240,Germany,49.925919716289854,7.252436293012909,0,108758.95144882626
DEU_cluster_9369,Germany,51.59469154045299,6.758369171358897,0,42440.22554682617
DEU_cluster_9282,Germany,49.99682104077727,6.709332212232334,0,71546.19198579932
DEU_cluster_9364,Germany,51.22469990644945,6.869662399187634,0,38280.85731382313
DEU_cluster_8968,Germany,49.61234240983409,7.32331246520324,0,123163.88873827916
DEU_cluster_9412,Germany,51.41341643528976,6.90598244401062,0,55450.08348151956
DEU_cluster_9298,Germany,49.99376781589117,6.709536347728927,0,71558.89527560998
DEU_cluster_9406,Germany,51.266438608466345,6.877577174474203,0,42835.959823806705
DEU_cluster_9444,Germany,51.34864710925103,6.774591092504239,0,45990.02250559103
DEU_cluster_9471,Germany,51.74190145825061,6.4617666243354925,0,28114.940819308544
DEU_cluster_9458,Germany,51.67889547668177,6.561897354437392,0,32746.31709292677
DEU_cluster_9522,Germany,51.28142107276393,6.555845276778454,0,31887.107367295775
DEU_cluster_9505,Germany,51.33373746161695,6.941069716841895,0,50129.15002818735
DEU_cluster_9524,Germany,51.26106588396065,6.948856400130064,0,42057.280562049615
DEU_cluster_9067,Germany,49.79314436031647,6.669065175169615,0,72116.37625910164
DEU_cluster_9555,Germany,51.245147947730544,6.541564155567484,0,32244.013927312375
DEU_cluster_9578,Germany,51.165227922463714,6.687155402524469,0,35875.51778299055
DEU_cluster_9621,Germany,51.68308666151485,6.57777067851111,0,32122.016452315398
DEU_cluster_9620,Germany,51.78044582616114,6.482208615639478,1,23651.982238890807
DEU_cluster_956,Germany,53.04080760054664,8.588259942561667,0,1789.684920747132
DEU_cluster_9699,Germany,50.94072912682576,6.631782738257413,0,22242.776351168253
DEU_cluster_9701,Germany,50.919200807868044,6.587906233787507,0,24707.21658413254
DEU_cluster_9615,Germany,51.37809116658635,6.452650895618595,0,23757.513241916295
DEU_cluster_9712,Germany,51.07848605307928,6.785951166835705,0,24134.172551265623
DEU_cluster_9786,Germany,50.99978986917343,6.296204562671791,1,37233.30244569286
DEU_cluster_9790,Germany,51.05934367236413,6.856197732795803,0,20387.305872740715
DEU_cluster_9692,Germany,50.91698440113319,6.346573962548194,0,41473.68054724144
DEU_cluster_9747,Germany,50.97936168525656,6.412240616566127,0,38206.370228643915
DEU_cluster_9876,Germany,51.330891104100445,6.206872781904532,0,7091.925782941757
DEU_cluster_9875,Germany,51.624541341504745,6.2112526421302565,0,16415.579361190954
DEU_cluster_13735,Germany,51.12837922150539,14.976814538388853,0,55768.75562520096
DEU_cluster_13753,Germany,51.13021456993824,14.981973121151388,0,55769.07007032921
DEU_cluster_13743,Germany,51.12267711649901,14.973827608210255,0,56221.10894558986
DEU_cluster_13763,Germany,51.12104314584136,14.977410066369188,0,56501.118256081056
DEU_cluster_13798,Germany,51.326028077776186,14.964364535750244,0,37557.802054367276
DEU_cluster_9778,Germany,51.16957697806208,6.394589648493822,0,28479.91157864012
DEU_cluster_13758,Germany,51.11953666550395,14.97873426424942,0,56365.179382966344
DEU_cluster_13832,Germany,48.57577044585443,13.400821347530256,0,71693.56658152174
DEU_cluster_13833,Germany,48.5614135104558,13.408024206827848,0,71963.47341585638
DEU_cluster_13844,Germany,48.26392973015717,13.0126049104983,0,35447.82936275695
DEU_cluster_13935,Germany,48.837724896215626,12.8049154553368,0,29240.04635871499
DEU_cluster_13830,Germany,48.73386073305446,13.696249400299882,0,46347.10053432903
DEU_cluster_13899,Germany,48.79397807472696,13.018422523466787,0,45562.099998399826
DEU_cluster_13998,Germany,48.22836137393497,12.60649228828673,0,17242.36624971874
DEU_cluster_14007,Germany,48.56835985398256,13.076224943380543,0,48139.78027346859
DEU_cluster_14016,Germany,48.264008382717705,12.64097490115202,0,21146.850050897592
DEU_cluster_14012,Germany,48.2283167661296,12.60329041696179,0,17261.750426062576
DEU_cluster_14039,Germany,48.162710238029405,12.814291305619124,0,16943.82992140647
DEU_cluster_13976,Germany,48.80884346891735,12.97681891701264,0,42218.571801691316
DEU_cluster_14033,Germany,48.26216666296423,12.903430180707472,0,29203.782730287563
DEU_cluster_14147,Germany,50.59231488940791,13.014098827237602,0,38827.88883303532
DEU_cluster_14148,Germany,50.51351443073609,12.384857586005706,0,10267.749314770666
DEU_cluster_14161,Germany,50.59451863780047,13.007518439160156,0,39029.91007969335
DEU_cluster_14151,Germany,50.50469408884542,12.38405193375688,0,10038.96820355231
DEU_cluster_14173,Germany,50.595476023024304,12.678286668406244,0,32781.97624990186
DEU_cluster_14168,Germany,50.59695972037111,12.668780748075894,0,32211.488792513417
DEU_cluster_14200,Germany,50.50980050069651,12.384210848499924,0,10139.101599948997
DEU_cluster_14158,Germany,50.5072794863951,12.38372158777574,0,10057.105844531969
DEU_cluster_14198,Germany,50.51024895693055,12.387009230132875,0,10342.790047811588
DEU_cluster_14204,Germany,50.59199661870512,12.67947495667411,0,32729.552085319057
DEU_cluster_14226,Germany,50.56134267519527,12.778644886356933,0,37507.812447703756
DEU_cluster_14056,Germany,48.26351694725347,12.661357149625598,0,21211.319389185992
DEU_cluster_14231,Germany,50.59277898019502,12.675559931562724,0,32498.547858910068
DEU_cluster_14219,Germany,50.36074139401059,12.456534778094351,0,21075.36181335589
DEU_cluster_14217,Germany,50.41670134832685,12.965175493833256,0,19121.862854687588
DEU_cluster_14299,Germany,50.84943445005344,13.068869695842263,0,39387.01241239913
DEU_cluster_14264,Germany,50.43570913816208,12.71198292153672,0,27638.631011496702
DEU_cluster_14339,Germany,50.65651900334189,13.154400635832175,0,47784.19240770426
DEU_cluster_14330,Germany,50.78597330161143,13.275290060960865,2,46257.59452120316
DEU_cluster_14243,Germany,50.54313787299762,12.777706674087922,0,35639.897709911595
DEU_cluster_14381,Germany,50.8827126339619,14.798846154585297,0,28395.909550767316
DEU_cluster_14309,Germany,50.7065163398072,12.844732252242489,0,39088.73379085236
DEU_cluster_14368,Germany,50.65650795420643,13.151029104685763,0,47715.26016844589
DEU_cluster_14406,Germany,49.18243006204236,12.850844618192545,0,38399.31302182281
DEU_cluster_14378,Germany,50.90767282076108,14.813558886261104,0,31290.429106964973
DEU_cluster_14471,Germany,49.344816517721135,12.35230989370059,0,24637.3528788061
DEU_cluster_14389,Germany,50.88454919158602,14.799768872661994,0,28606.92008980838
DEU_cluster_14476,Germany,49.14425929050902,12.071193523348906,1,1685.5652340563374
DEU_cluster_14510,Germany,49.21099153891006,12.290783235332256,0,18085.69306475919
DEU_cluster_14539,Germany,49.13775506633917,12.13829103198839,1,6280.555141044873
DEU_cluster_14472,Germany,49.22351158440869,12.2957638964995,0,18932.133022667724
DEU_cluster_14592,Germany,49.22923910839081,12.276290048467924,1,17893.27545988112
DEU_cluster_14595,Germany,49.482400623558775,12.193674910240029,0,21946.237167929015
DEU_cluster_14605,Germany,49.51052643989495,12.546672969112386,0,18401.14265164005
DEU_cluster_14643,Germany,49.69171238960215,12.140890138044096,0,30324.211625775897
DEU_cluster_14618,Germany,49.66117428464238,12.15973024991808,0,28970.946665077954
DEU_cluster_14761,Germany,54.36709494579822,12.679638249296287,0,14667.008359353236
DEU_cluster_14727,Germany,54.37239182793552,12.693393950311116,0,14564.808503905791
DEU_cluster_14702,Germany,54.117724004072784,12.0544689732812,0,9059.256779151692
DEU_cluster_14766,Germany,54.11868965925692,13.83749113094835,0,4190.10648360469
DEU_cluster_14775,Germany,54.35776945729757,13.081120841482797,0,19246.431553801634
DEU_cluster_14802,Germany,54.310257737396064,13.068036622849384,0,16291.80407921952
DEU_cluster_14796,Germany,54.44284506951908,13.569489752246266,0,43923.19005214049
DEU_cluster_14781,Germany,54.30415064689471,13.265467482134222,1,22265.15484107743
DEU_cluster_14812,Germany,54.27669821113541,13.110157627463964,0,17344.997795875945
DEU_cluster_14840,Germany,54.3379172887142,13.051944229401812,0,16507.93729856167
DEU_cluster_14769,Germany,54.05246476763735,13.755304307819948,0,6432.663867116202
DEU_cluster_14809,Germany,54.330691776698366,13.051264931450048,0,16103.927131515058
DEU_cluster_14845,Germany,54.3599637689303,13.078973385459726,0,19256.47343525637
DEU_cluster_14805,Germany,54.330831414203686,13.056446386489435,0,16413.755892635494
DEU_cluster_14236,Germany,50.55982367444226,12.951354216872186,0,35041.430316074155
DEU_cluster_14942,Germany,53.384392347547866,12.601953417382004,0,18266.51293538996
DEU_cluster_14879,Germany,54.40716637957048,13.60277303888558,0,39426.38383638749
DEU_cluster_14904,Germany,53.46206792001233,12.034527576492328,0,39635.36937500093
DEU_cluster_14969,Germany,54.09917734327668,13.040474787202395,0,6140.098456076739
DEU_cluster_14972,Germany,54.10100756311534,13.04115355665668,0,6021.222584116788
DEU_cluster_14973,Germany,54.09883262615747,13.044835513659542,0,5896.062355207409
DEU_cluster_14925,Germany,53.33322898651486,13.092306399764464,0,1743.9812816624942
DEU_cluster_14978,Germany,54.12582978684477,13.055560518647928,0,4684.953995295546
DEU_cluster_14990,Germany,54.12638472744992,13.060126649058777,0,4397.391454642884
DEU_cluster_14994,Germany,54.12410141767025,13.055075896144698,0,4698.5231240785415
DEU_cluster_14987,Germany,54.09605938383506,12.937076616391575,1,12687.126310990341
DEU_cluster_14976,Germany,54.09267838570048,12.93815700391285,1,12706.891432900333
DEU_cluster_15035,Germany,53.53301954583333,13.259471709166828,0,10267.936310894316
DEU_cluster_15031,Germany,53.53616821984693,13.259024538699723,0,10030.27405165454
DEU_cluster_15061,Germany,53.85108946710763,13.683977416577472,0,15021.450541194534
DEU_cluster_15047,Germany,53.84527407147765,13.681591844952877,0,14362.936839710857
DEU_cluster_15074,Germany,53.84830962079543,13.68400987372085,0,14735.32615532111
DEU_cluster_14984,Germany,53.507666710884095,13.753717435898302,0,14533.365521933998
DEU_cluster_15077,Germany,53.522158609485935,13.285900224303235,0,10219.838502085184
DEU_cluster_15059,Germany,53.68748565517664,13.270178594023344,1,6553.646389378031
DEU_cluster_15134,Germany,53.96468940363047,13.131587997497675,0,17322.288727681367
DEU_cluster_15198,Germany,53.717289554091806,13.648309196179136,1,3314.941993134342
DEU_cluster_15111,Germany,53.55241559372491,13.310551173380471,0,6497.483675020286
DEU_cluster_15220,Germany,53.53865554918182,13.258386109329765,0,9860.566872496876
DEU_cluster_15154,Germany,53.72542331918533,13.47602723938916,1,8146.887977595788
DEU_cluster_15248,Germany,53.53732338330765,13.272184284551924,0,9355.718700740059
DEU_cluster_15038,Germany,53.66982842167561,13.552430917486978,0,6930.348458146626
DEU_cluster_15277,Germany,53.69801245102201,12.89924600463379,0,26470.48104971809
DEU_cluster_15273,Germany,54.01876764763247,13.168999958529076,1,11695.966219836106
DEU_cluster_15207,Germany,53.52021222109636,12.659179046561729,0,29796.60074762184
DEU_cluster_15291,Germany,54.08212129773538,12.922392617397836,1,14023.031464480076
DEU_cluster_15305,Germany,53.652616384968745,12.96151822566625,1,24150.572344595083
DEU_cluster_15307,Germany,53.94793504918057,13.712088270580358,1,17031.3919015293
DEU_cluster_15304,Germany,53.99586792543997,12.970749768832787,1,17252.43229805772
DEU_cluster_15337,Germany,53.90966171675228,13.062178814482044,0,23815.695061598646
DEU_cluster_15362,Germany,53.803496821469686,12.147920057308378,0,18279.85197867589
DEU_cluster_15354,Germany,53.775490637689536,12.181021535982357,0,15247.184315044704
DEU_cluster_15358,Germany,53.463993313662,12.260332174929962,0,32392.266603362394
DEU_cluster_15306,Germany,53.6072893108957,13.487141240380891,1,6671.647566854426
DEU_cluster_15400,Germany,53.79546061535919,12.16121649663278,0,17144.679846993655
DEU_cluster_15466,Germany,54.06909829927113,12.788896766450708,1,22209.171844856402
DEU_cluster_15404,Germany,53.96372572254539,12.549395393792429,2,24054.24694443425
DEU_cluster_15550,Germany,53.65594134476037,14.107208512717284,0,34288.4027245176
DEU_cluster_15540,Germany,53.50451550938616,14.009372530013447,0,30779.24185844907
DEU_cluster_15545,Germany,53.65948273920548,14.103555442881856,0,33965.51479111863
DEU_cluster_15557,Germany,53.455045427943006,14.217233925964688,0,20743.22903056241
DEU_cluster_15551,Germany,53.46174126499864,14.210951562746487,0,21586.329836986584
DEU_cluster_15364,Germany,53.79948741441842,12.223917851387183,0,13557.924301233517
DEU_cluster_15587,Germany,53.73930650256098,14.074004445717684,0,31226.183778701245
DEU_cluster_15558,Germany,53.505060820256624,14.01577466182024,0,31180.5644461017
DEU_cluster_15578,Germany,53.67931036446959,14.080414360682926,0,32046.158229929926
DEU_cluster_15547,Germany,53.738425278872604,14.079122633424245,0,31558.148003010247
DEU_cluster_15634,Germany,53.60755412829452,14.04486740384529,0,32115.921590326267
DEU_cluster_15635,Germany,53.67393561600368,13.917030582892952,1,21651.15482535394
DEU_cluster_15595,Germany,53.65468042791908,14.058270504096484,0,31193.1504308787
DEU_cluster_15680,Germany,51.950559794602114,13.879563249928664,0,25525.569510407793
DEU_cluster_15597,Germany,53.61148393140873,14.048074058061523,0,32132.770434733935
DEU_cluster_15686,Germany,51.8625242846742,13.939111668051495,0,15528.327838986788
DEU_cluster_15675,Germany,53.66128945396188,13.885898493527392,0,20139.34855855574
DEU_cluster_15695,Germany,51.81414275826641,12.307134620998497,0,28380.247639187062
DEU_cluster_15706,Germany,51.84931943347516,12.33828747605293,0,30589.851404224257
DEU_cluster_15828,Germany,51.63068533437832,13.241762781641588,2,7027.5806478564755
DEU_cluster_15833,Germany,51.68901909422584,12.990168862365133,0,7826.992423946042
DEU_cluster_15841,Germany,51.5748004501515,12.968246018576538,0,18484.310574662428
DEU_cluster_15873,Germany,51.69688492800056,13.227455974576392,0,4018.8608887722658
DEU_cluster_15869,Germany,51.79644020262804,12.966587603595253,0,4669.715058683194
DEU_cluster_15970,Germany,51.80128028353646,13.09285944507154,2,10933.952413566896
DEU_cluster_15856,Germany,51.56170790207752,12.977148947076632,0,18983.241513453086
DEU_cluster_15971,Germany,51.90677184805422,12.917107770804511,2,13820.544788246592
DEU_cluster_16057,Germany,52.15991327878634,13.482867859212297,0,20671.700084715878
DEU_cluster_16047,Germany,52.1716451336972,13.474359873457711,0,20057.83580957015
DEU_cluster_16043,Germany,52.33848391979406,13.670466243339206,0,3758.060495926837
DEU_cluster_16066,Germany,52.19266899580828,13.869576531232354,1,18275.123396832365
DEU_cluster_16069,Germany,52.32494428041244,13.402861677028408,0,16554.277878094817
DEU_cluster_16053,Germany,52.15517618866362,13.484828218529808,0,21003.209117219612
DEU_cluster_16071,Germany,52.34016259112189,13.659115874422588,0,4054.7791927405933
DEU_cluster_16087,Germany,52.39456945930111,13.245433554651273,0,5734.676223638677
DEU_cluster_16113,Germany,52.34005741471477,13.907398834229314,1,16394.514682171884
DEU_cluster_16129,Germany,52.24341208413111,13.65075275795346,0,6987.074913858562
DEU_cluster_16118,Germany,52.29533696872081,13.902694912458312,1,15639.983711973427
DEU_cluster_16190,Germany,52.27409237324329,13.627004188250732,1,4634.487548440881
DEU_cluster_16196,Germany,52.34033178920868,13.667455350484587,0,3978.1563289561127
DEU_cluster_16204,Germany,52.33671006166272,13.916239595440471,1,16896.847492581765
DEU_cluster_16195,Germany,52.09450145142876,13.01643243931922,0,8232.15360950524
DEU_cluster_16217,Germany,52.32478024204479,13.4063697345522,0,16786.872295717134
DEU_cluster_16090,Germany,52.30424454097674,13.238642838476247,0,8681.800362194701
DEU_cluster_16218,Germany,52.38552240417831,13.779899606086463,0,11542.990426605704
DEU_cluster_16261,Germany,52.307291086045886,13.241595485570734,0,8508.369785358536
DEU_cluster_16274,Germany,52.29125021635063,13.788930504707537,0,8011.059741829526
DEU_cluster_16336,Germany,52.562682958277925,13.136931152600278,0,12660.543395211558
DEU_cluster_16332,Germany,52.39896287979795,12.91635451254514,0,11104.374058856934
DEU_cluster_16342,Germany,52.54137094481957,12.989374351936524,0,8953.919774961914
DEU_cluster_16345,Germany,52.23923808005942,12.97502370525619,0,19503.506519733677
DEU_cluster_16334,Germany,52.2519012030823,12.94105432631208,0,20163.706024947398
DEU_cluster_16361,Germany,52.40707072093787,13.000743602320874,0,7038.020907053395
DEU_cluster_16379,Germany,52.2876080230836,12.99227407090035,0,14949.105597875216
DEU_cluster_16355,Germany,52.47964041247239,12.848324007964004,0,12884.668180586536
DEU_cluster_16392,Germany,52.2563933096048,12.92825087236686,0,20518.845004309693
DEU_cluster_16410,Germany,52.52916218499703,13.005008113488264,0,7322.085719648235
DEU_cluster_16477,Germany,52.250132861749705,12.94641796839334,0,20019.535965557327
DEU_cluster_16501,Germany,52.53071910490943,14.375791274997862,0,11957.436650565078
DEU_cluster_16382,Germany,52.40627875659245,13.005884124794765,0,7006.899136360062
DEU_cluster_16531,Germany,51.947866045429,14.675189128305057,0,43092.91054216821
DEU_cluster_16512,Germany,52.14033844014171,14.647179850846571,0,52566.87594566976
DEU_cluster_16503,Germany,52.52979445457594,14.381218457593238,0,12323.02741607047
DEU_cluster_16545,Germany,51.95061550909604,14.668448334563648,0,43328.233493045176
DEU_cluster_16553,Germany,52.10415479299781,14.21970625107227,1,38091.54257438423
DEU_cluster_16567,Germany,52.32565019108233,14.508157116904728,0,31154.102006465862
DEU_cluster_16495,Germany,52.13371618084984,14.632337874306629,0,52511.22033223139
DEU_cluster_16532,Germany,52.1369653373856,14.655383663213188,0,53211.87976789731
DEU_cluster_16591,Germany,52.35700094061735,14.09230103842464,0,17063.227382377827
DEU_cluster_16600,Germany,51.95127711210736,14.671813687766043,0,43433.82587276228
DEU_cluster_16761,Germany,51.73824819924971,14.6519042475631,0,19904.775254624314
DEU_cluster_16770,Germany,51.73423282482533,14.66098984542868,0,19639.313729511206
DEU_cluster_16576,Germany,52.32632290990938,14.519100790803352,0,31679.604283954483
DEU_cluster_15768,Germany,51.87077442188659,12.594788791259504,0,27724.45526664236
DEU_cluster_16771,Germany,51.85859243388499,13.958771468056597,0,14245.487931400185
DEU_cluster_16788,Germany,51.75102963408446,14.372447652700844,0,18407.460157522895
DEU_cluster_16778,Germany,51.765406293531846,14.310916480893637,0,14069.307998709566
DEU_cluster_16787,Germany,51.695227534911446,14.446572706876273,1,17221.170391755757
DEU_cluster_16816,Germany,51.750144226713886,14.648867587619346,0,21141.88104395965
DEU_cluster_16791,Germany,51.728979870129024,14.656411328070211,0,18990.549612651215
DEU_cluster_16814,Germany,51.78642609990966,14.32129054613073,0,14904.637896472206
DEU_cluster_16841,Germany,52.27301318842782,13.956611195516368,1,19596.10274640285
DEU_cluster_16858,Germany,52.23898178756997,13.94124342308372,0,19648.602369398464
DEU_cluster_16934,Germany,51.45429422519665,12.627211232925651,0,9998.85386046288
DEU_cluster_16938,Germany,51.39257820248102,12.514765697306752,1,12318.303972217514
DEU_cluster_16952,Germany,51.55720692686764,12.323076629753904,0,16298.760601200114
DEU_cluster_16862,Germany,50.61594751450105,12.3153562069053,0,14594.278408067978
DEU_cluster_16986,Germany,51.4028695329834,12.528006490444648,1,11683.598714080666
DEU_cluster_16983,Germany,51.670097560611126,12.245540428100789,0,21893.811170415862
DEU_cluster_16996,Germany,51.63508695628166,12.253499594132109,0,20417.458198473694
DEU_cluster_17020,Germany,51.601627488322976,12.605351524467729,0,4161.254363683322
DEU_cluster_17109,Germany,50.83763809835471,12.056286760752313,0,24448.952114674637
DEU_cluster_17000,Germany,51.68834588905983,12.259510513822136,0,21754.076211431722
DEU_cluster_17030,Germany,51.427992129594585,12.302656640277617,0,20677.357446856746
DEU_cluster_17126,Germany,51.15410880897698,12.406257722879744,0,20771.67804126747
DEU_cluster_17125,Germany,50.81397918839407,12.083319591833972,0,27009.943162401203
DEU_cluster_17120,Germany,51.16580307024909,12.244266410964538,0,16552.545987333084
DEU_cluster_17152,Germany,51.13298831909142,12.493581597367177,0,17739.00934769859
DEU_cluster_17176,Germany,51.08984856304874,12.430079821038571,0,13441.237334612799
DEU_cluster_17163,Germany,51.09213432607172,12.336129368790642,0,16699.999690211724
DEU_cluster_17249,Germany,50.84910486001262,12.057643841004916,0,23170.351454031083
DEU_cluster_16961,Germany,51.5495579682704,12.627850677227196,0,8471.073684021567
DEU_cluster_17236,Germany,51.133591224930846,12.489207736204534,0,17795.655060321707
DEU_cluster_17258,Germany,51.06140052085095,12.139907389689837,0,4033.734515593407
DEU_cluster_17311,Germany,51.10959054639538,12.186032317081317,0,9300.876144741494
DEU_cluster_17271,Germany,51.03910228511114,12.385959049546852,2,9947.060245051964
DEU_cluster_17295,Germany,50.94362607851653,12.016766027935118,0,13410.917998654188
DEU_cluster_17183,Germany,50.76403627780062,12.17756093794827,1,30500.001674589737
DEU_cluster_17396,Germany,50.99317400971305,12.971659094066093,0,26108.833085858543
DEU_cluster_17405,Germany,51.063641825092255,12.568803497274244,0,11680.834149612234
DEU_cluster_17431,Germany,50.91275798524556,13.057951628266288,0,32570.161624074404
DEU_cluster_16754,Germany,51.77713077410705,14.084172564513596,0,1797.6691151397858
DEU_cluster_17389,Germany,50.83627575547792,12.062377224545545,0,24571.67226345417
DEU_cluster_17437,Germany,50.69810634425295,12.459320738424246,0,27439.375895938007
DEU_cluster_17438,Germany,50.83816471713901,12.453783239866196,0,15196.625339604274
DEU_cluster_17406,Germany,51.16846974285982,12.552936678778195,0,22215.74444344606
DEU_cluster_17310,Germany,51.03923069421031,12.153073803619758,0,5300.627249448121
DEU_cluster_17466,Germany,51.05837063653469,12.681397921817304,0,16789.156596823952
DEU_cluster_17504,Germany,51.10211714337663,12.975443387255204,0,16252.614810141811
DEU_cluster_17529,Germany,50.77405247474248,12.836993270551048,1,33317.44628116377
DEU_cluster_17594,Germany,50.79812820805028,12.732636972931353,0,26227.8176646917
DEU_cluster_17603,Germany,50.743942523054194,12.478810045622089,0,25538.489911371882
DEU_cluster_17582,Germany,51.16391889455289,12.555273696908596,0,21759.95287650226
DEU_cluster_17614,Germany,51.16725265428092,12.547148153190978,0,21997.548168969613
DEU_cluster_17588,Germany,50.9750006471161,13.1163347420355,0,25130.17233495209
DEU_cluster_17470,Germany,50.6871174493842,12.519589938456216,0,29095.721038045816
DEU_cluster_17478,Germany,50.7443451881843,12.485938427921262,0,25493.150688820948
DEU_cluster_17633,Germany,50.68342975384624,12.51226472990576,0,28445.51347968967
DEU_cluster_17617,Germany,51.25399777980527,12.605865480119435,0,14474.938360293141
DEU_cluster_17669,Germany,50.80195525221168,12.69552169738457,0,24227.424494508843
DEU_cluster_17729,Germany,51.10337926092684,12.976714044823662,0,16092.709053415861
DEU_cluster_17689,Germany,51.13000580817764,13.126661115491364,0,7939.983862198775
DEU_cluster_17770,Germany,51.30030785854312,13.097021548470613,0,11700.441594127144
DEU_cluster_17783,Germany,51.306291702174434,13.096514864537465,0,12345.915587283736
DEU_cluster_17784,Germany,51.378292947351135,12.741461948876983,0,3648.4376804741505
DEU_cluster_17785,Germany,51.37934374045264,12.754454044864566,0,4557.432432880584
DEU_cluster_17802,Germany,51.50246805088865,12.75092852865992,2,14989.920271665198
DEU_cluster_17854,Germany,51.24277777931298,13.732114699464825,1,31864.34474692699
DEU_cluster_17613,Germany,51.274408417070894,12.7858659137362,0,12864.66738844654
DEU_cluster_17824,Germany,51.35707721959994,12.988377366091536,0,20699.10281241313
DEU_cluster_17864,Germany,51.27212874057719,14.113686195548388,0,30661.108191491683
DEU_cluster_17867,Germany,51.302598826890495,13.53812023895229,0,21209.58036677125
DEU_cluster_17909,Germany,51.28544647511082,14.223791684366288,1,26479.534203072413
DEU_cluster_17902,Germany,51.21642731898992,13.71527121217292,0,30417.813638799074
DEU_cluster_17934,Germany,51.47510903810052,13.86617121077056,0,31775.469107248417
DEU_cluster_17952,Germany,51.27023830389852,13.890329212304112,0,40452.850065501596
DEU_cluster_17927,Germany,51.476076777248025,13.863918479085797,0,31914.428290557942
DEU_cluster_17960,Germany,51.53668611638402,13.931848820523925,0,26986.594480480017
DEU_cluster_17983,Germany,51.60379993430893,14.616121856472352,0,4977.011039586391
DEU_cluster_17994,Germany,51.5124173635916,13.979014372816978,0,23632.995389063013
DEU_cluster_17989,Germany,51.44580702518932,14.265803502196697,0,8656.820580623074
DEU_cluster_17616,Germany,51.14549184382666,12.658931991971183,0,22734.598226011272
DEU_cluster_17958,Germany,51.44974823964964,14.277037145206226,0,7938.618797769238
DEU_cluster_18052,Germany,51.21276226733056,13.72989914130693,0,31418.475598098477
DEU_cluster_18039,Germany,51.51467312542156,13.977574209606866,0,23729.386247505507
DEU_cluster_18060,Germany,51.4486227520154,14.185059745798656,0,11990.645450632997
DEU_cluster_18182,Germany,51.09599555793138,14.399349555463475,0,47002.433007237145
DEU_cluster_18203,Germany,51.10664121529596,14.68659136196966,0,51463.85574773307
DEU_cluster_18314,Germany,50.94368834082417,13.944824925726929,0,48661.572703138576
DEU_cluster_18171,Germany,51.14292538123298,14.794704867115817,0,49195.95313744249
DEU_cluster_18311,Germany,51.01969177688598,14.204868203279664,0,50837.24997803918
DEU_cluster_18318,Germany,51.10229750025855,13.480294822022495,0,17874.745565008623
DEU_cluster_18327,Germany,51.1384263551592,13.592028762737137,0,22924.622339757283
DEU_cluster_18336,Germany,51.10022672657078,14.38987985977788,0,46462.22539451687
DEU_cluster_18316,Germany,51.01490834640528,13.63269753714633,0,32273.907958184907
DEU_cluster_18350,Germany,51.104892218143,13.62043001160032,0,26131.13935275606
DEU_cluster_18340,Germany,51.11001210614946,13.89945304874778,0,44447.60346009035
DEU_cluster_18354,Germany,50.96877900674991,13.860800415946184,0,48192.01099520269
DEU_cluster_18172,Germany,51.09518107748392,14.476436634357077,0,48012.05480402002
DEU_cluster_18331,Germany,50.95355344933318,13.960102694246617,0,49086.536406778105
DEU_cluster_18389,Germany,51.1498349018075,13.472064222808314,0,14639.692589096976
DEU_cluster_18417,Germany,51.10000083639394,14.39410719379438,0,46518.614024183276
DEU_cluster_18452,Germany,51.08967687593027,13.768122200846744,0,36317.7550087731
DEU_cluster_18362,Germany,51.12510477154767,13.588365726759823,0,23188.910415416707
DEU_cluster_18479,Germany,51.0292857373454,13.61994276693218,0,30566.719129863337
DEU_cluster_18507,Germany,51.12897179540166,13.740743872789192,0,33188.19444499597
DEU_cluster_18468,Germany,51.141997319808695,13.45869341964658,0,14178.141828123991
DEU_cluster_18421,Germany,51.1477987646438,13.546252823017012,0,19565.48541438414
DEU_cluster_18422,Germany,51.00869583708275,13.87322320065761,0,46709.27904940016
DEU_cluster_18562,Germany,51.0664165379454,13.18111832463081,0,15040.48646716719
DEU_cluster_18599,Germany,51.48265062628378,13.38542581790411,2,26194.619736396577
DEU_cluster_18670,Germany,51.42628020524784,13.479682845068492,0,28569.413441172703
DEU_cluster_18606,Germany,51.3035860136741,13.535305383018049,0,21101.822600395193
DEU_cluster_18598,Germany,51.305773546990025,13.382060755148132,0,13580.959917867318
DEU_cluster_18600,Germany,51.30169116223701,13.390870463157018,0,13539.793993572828
DEU_cluster_18676,Germany,51.62554044946912,13.63181168619413,0,31969.3891285532
DEU_cluster_18781,Germany,52.422617000008174,12.138095174642032,0,30879.823877732233
DEU_cluster_18681,Germany,51.300192209596446,13.261596540526432,0,10990.47571348843
DEU_cluster_18829,Germany,52.54469129130279,12.35191789320741,0,47199.21725243125
DEU_cluster_18867,Germany,53.15213328998586,12.480789829681784,0,22270.078974585715
DEU_cluster_18874,Germany,53.15386878066623,12.48242628556172,0,22078.139679650227
DEU_cluster_18629,Germany,51.301844213315135,13.253407559245286,0,11249.900025660707
DEU_cluster_18899,Germany,52.94877175663159,12.379989952107286,0,27548.14136256933
DEU_cluster_18678,Germany,51.43485997341397,13.220301371949692,0,26217.924610953396
DEU_cluster_18995,Germany,53.244834026725535,12.26211755177781,1,33728.29019818265
DEU_cluster_18896,Germany,52.90544833047253,12.796911092130054,0,29715.9068414697
DEU_cluster_19089,Germany,52.30539056628203,12.012013066897472,1,16068.75387042954
DEU_cluster_19140,Germany,52.65628507453624,14.289308144915877,1,8682.675684788908
DEU_cluster_19145,Germany,52.63785095467754,14.336532715773044,0,9265.953208350626
DEU_cluster_19121,Germany,52.6390059916338,14.334242383527677,0,9220.255591655394
DEU_cluster_19095,Germany,52.6636492090777,12.065786948314104,0,29459.34031475203
DEU_cluster_19175,Germany,52.46515032072781,13.797645787461152,0,16628.486663018826
DEU_cluster_19169,Germany,52.57206212112393,13.89704821836752,0,11073.402381954733
DEU_cluster_19181,Germany,52.50573154814651,13.858429115724412,0,11637.207332170052
DEU_cluster_19178,Germany,52.51549700069008,13.679679503768709,0,23440.524254143354
DEU_cluster_19186,Germany,52.50638864214586,13.857665702520936,0,11683.23736237495
DEU_cluster_19195,Germany,52.59922485986464,13.580270116251484,0,31843.765902019506
DEU_cluster_19230,Germany,52.51067133029765,13.662211848468178,0,22911.953743364964
DEU_cluster_19240,Germany,52.573382470317206,13.894098733682064,0,11320.945394735643
DEU_cluster_19256,Germany,52.64045791850504,13.215138265576272,0,22793.41765660294
DEU_cluster_19268,Germany,52.76320514884898,13.262624734396493,0,36349.48608500483
DEU_cluster_19276,Germany,53.00428775757001,13.152550228973054,0,19126.191420775143
DEU_cluster_19370,Germany,53.06135715321353,14.086176147258069,0,24169.63944531058
DEU_cluster_19334,Germany,52.729515904437584,13.200958314554864,0,31284.722105315133
DEU_cluster_19366,Germany,53.01553946381595,13.542000120172208,0,39600.111883469726
DEU_cluster_19297,Germany,53.195423746726725,13.15650171051635,0,12361.143459493998
DEU_cluster_19379,Germany,52.849047403788006,13.792535096657492,0,40564.08193710714
DEU_cluster_19380,Germany,53.02363494582986,13.99950711058497,0,31029.237532365787
DEU_cluster_19389,Germany,52.73673797187897,14.130836659499202,0,17726.320146301867
DEU_cluster_19383,Germany,52.71698150602584,14.13216363706776,0,15663.913958979165
DEU_cluster_19397,Germany,53.0826140565793,14.286726456546743,0,10798.057159464024
DEU_cluster_19396,Germany,53.1096864774747,13.490459771087204,0,33610.782237483734
DEU_cluster_19416,Germany,53.076688059826566,13.921806223903364,2,34501.79721544591
DEU_cluster_19401,Germany,52.71760167006428,14.139969040199896,0,15521.834709134097
DEU_cluster_19432,Germany,52.673938492165234,13.602252496822842,0,33930.55433580781
DEU_cluster_19447,Germany,53.01304566706992,13.9787948944053,0,32754.781589491602
DEU_cluster_19448,Germany,52.83349275971118,13.761062486204503,0,39899.84033535723
DEU_cluster_19490,Germany,53.01637009548541,13.98004054732235,0,32537.780119913827
DEU_cluster_19520,Germany,52.72307310101929,13.630050605206366,0,35635.94555712464
DEU_cluster_19271,Germany,52.96876084799117,13.329810125712118,0,30052.955918625685
DEU_cluster_18801,Germany,52.62636994876988,12.30668871841386,0,39902.17152753371
DEU_cluster_19528,Germany,52.67414202180822,13.600544803899997,0,34040.589238439345
DEU_cluster_19633,Germany,52.83344360015537,13.753107609457194,0,40141.47138511265
DEU_cluster_19609,Germany,52.63987959294412,13.518833152941523,0,37268.57504358969
DEU_cluster_19670,Germany,52.83188756865687,14.040394331391589,0,29850.335740234394
DEU_cluster_19691,Germany,52.67916624901545,13.52847963365234,0,38534.075490747346
DEU_cluster_19693,Germany,52.979596975002,14.118225404646877,0,26492.663702734444
DEU_cluster_19714,Germany,52.72323285480741,14.135475130960584,0,16215.90276129529
DEU_cluster_19508,Germany,53.179967777753845,14.15454801129378,0,19506.13003242418
DEU_cluster_19710,Germany,52.82154290376016,13.822118840311203,0,36974.073578563635
DEU_cluster_19762,Germany,53.2999280486207,13.711816310073475,1,29852.218554687897
DEU_cluster_19794,Germany,51.82723166131397,12.209614953876407,0,33773.267924589316
DEU_cluster_19784,Germany,53.413518877897765,14.09286133929488,1,24073.09784231842
DEU_cluster_19795,Germany,51.83874996874103,12.209379605587584,0,34726.10688234536
DEU_cluster_19805,Germany,51.8530207701189,12.070354852348656,0,33713.53256070848
DEU_cluster_19812,Germany,51.92145192483611,12.108559393311772,1,28164.30744060983
DEU_cluster_19757,Germany,53.21425100341078,14.391632156345445,0,10294.624244999235
DEU_cluster_19822,Germany,51.89278331175911,12.22282912497742,0,34237.80210291726
DEU_cluster_19834,Germany,51.8543104556192,12.217759997193513,0,35663.48056664682
DEU_cluster_19859,Germany,51.89153985307192,12.221953248193111,0,34330.07161665938
DEU_cluster_19828,Germany,52.03994679018338,12.115527214692268,0,16425.91070300388
DEU_cluster_19878,Germany,52.10973642296334,12.067644878999058,0,8330.195667933433
DEU_cluster_19882,Germany,52.117956227096414,12.145178135022114,1,12268.112283937835
DEU_cluster_19877,Germany,52.12165095568486,12.019689784417835,1,5240.77789296305
DEU_cluster_19430,Germany,52.7153896938046,14.13628497855773,0,15390.526938152034
DEU_cluster_19906,Germany,48.11292036631679,12.450031865665531,1,13957.155318642866
DEU_cluster_19851,Germany,51.850913099090846,12.067268112522028,0,33432.45032771935
DEU_cluster_19966,Germany,48.486377720178695,12.446004970199173,1,2713.5862182019814
DEU_cluster_20000,Germany,48.51034299238172,12.45268942191448,1,5417.81997166154
DEU_cluster_20065,Germany,48.54758120389386,12.186281321607332,0,21146.546424712473
DEU_cluster_20045,Germany,48.27517524638781,12.125946913352056,0,14654.008457062748
DEU_cluster_20080,Germany,48.34292093009184,12.12090863178841,0,18617.280835905523
DEU_cluster_20155,Germany,50.39533216601983,12.34447400144528,0,13003.236861134723
DEU_cluster_19967,Germany,48.23496479541957,12.536378837224335,0,16384.76797295213
DEU_cluster_20020,Germany,48.62726430354473,12.323250952714645,0,20363.412138450192
DEU_cluster_20097,Germany,48.83041826885166,12.146103581108587,0,20625.63514806443
DEU_cluster_20194,Germany,50.28182164241716,12.226922744486297,0,23503.464735418525
DEU_cluster_20162,Germany,50.54300186714487,12.30584273390311,0,7108.415672992962
DEU_cluster_20200,Germany,50.51462634104218,12.122171409412855,0,8901.59920027998
DEU_cluster_19922,Germany,47.81368822292115,12.958389752261954,0,37959.34632251758
LAO_cluster_438,LAO,18.120437459065247,102.6482088104242,0,12183.622565696047
LAO_cluster_626,LAO,18.15707867338268,102.86226004659552,0,32820.171201780795
LAO_cluster_581,LAO,17.99154305801483,102.57515278033986,0,4154.246493791058
DEU_cluster_20224,Germany,50.48976648863746,12.10988980520421,0,9446.225924573957
KWT_cluster_111,KWT,29.570667791066512,48.17156394639172,0,247599.27092978664
VEN_cluster_44,VEN,7.808564303114126,-72.22725011022042,0,130429.50426818915
VEN_cluster_1459,VEN,10.133663106224612,-66.79234895586293,0,35274.83996753331
VEN_cluster_1528,VEN,10.536950871405509,-66.1133734830828,0,94171.91685203198
VEN_cluster_1489,VEN,10.405937425352684,-66.8814868823812,0,8997.957193563128
VEN_cluster_2332,VEN,10.86546138061492,-71.88482124097584,0,37188.28868378979
VEN_cluster_3727,VEN,10.185134730415848,-70.04912678284074,0,119709.03730378803
VEN_cluster_4084,VEN,10.651326850743205,-63.41147902116426,0,389321.8257925086
VEN_cluster_3874,VEN,7.910419174253915,-63.06571234271387,0,473671.4817060655
VEN_cluster_3774,VEN,11.1606830492326,-63.87622548188257,0,347625.84578743886
ETH_cluster_245,ETH,6.5935458645289735,36.54829674734634,0,224235.97393520744
ETH_cluster_246,ETH,6.592435331532625,36.54532198424424,0,224536.23264323763
ETH_cluster_247,ETH,6.5875715914764434,36.54855347607147,0,224741.04806471735
ETH_cluster_25,ETH,13.484452376487118,39.561393439151054,0,14080.422737844912
ETH_cluster_265,ETH,7.84747512707168,38.70877177190321,0,98016.45456232484
ETH_cluster_101,ETH,11.685467027436143,37.46032560182288,0,274649.82748023845
ETH_cluster_273,ETH,7.836565585093775,38.702816216877146,0,99391.2280824761
ETH_cluster_268,ETH,7.85112608302348,38.70927393678252,0,97622.80473141844
ETH_cluster_364,ETH,8.891230463202291,38.57777454485933,0,17140.88534953162
ETH_cluster_368,ETH,8.69696039491494,38.60574710266175,0,38274.96578434797
ETH_cluster_393,ETH,7.110995063822849,38.520101090624536,0,142190.61592561976
ETH_cluster_47,ETH,14.083619170783988,38.28127070900752,0,89073.02440828599
ETH_cluster_58,ETH,13.479715868299872,39.49503328543162,0,6982.506463624592
ETH_cluster_374,ETH,8.891054028357262,38.57870936572005,0,17209.11049065111
ETH_cluster_81,ETH,14.293513200462014,39.14936554546478,0,14681.58896876895
COL_cluster_4,COL,13.361763948497147,-81.35882163977024,0,457207.85966340796
COL_cluster_1434,COL,6.266158611326108,-75.6994740621264,0,34801.81134838948
COL_cluster_1609,COL,6.154410148136837,-75.54044671094829,0,20730.29033511218
COL_cluster_2634,COL,4.26215075838546,-74.85081886460168,0,76957.88623727861
COL_cluster_1891,COL,10.993298985900914,-74.84272862557593,0,26686.869228528678
COL_cluster_3001,COL,4.781568176903391,-74.12939866165979,0,65480.09105559513
COL_cluster_1895,COL,10.990209947153575,-74.84876098768216,0,26555.509341787634
COL_cluster_3030,COL,4.810653487612845,-74.05552246756967,0,56681.319632870756
COL_cluster_3099,COL,5.320672445201011,-73.70230781403556,0,39854.64739195106
COL_cluster_3140,COL,5.011525670472,-73.8525770397561,0,30929.004896096136
COL_cluster_3185,COL,5.012522170525176,-73.85434792021852,0,31135.0423462237
COL_cluster_3749,COL,4.3905345386002,-75.13959999989312,0,58612.587519084285
COL_cluster_1893,COL,11.011025326416306,-74.91263155762685,0,31485.491201247256
COL_cluster_3789,COL,4.3887638780234575,-75.13844804505528,0,58794.737485790836
COL_cluster_3757,COL,4.462727642427713,-75.20455823990224,0,52030.959336408894
COL_cluster_3813,COL,4.392643870605698,-75.1429433282829,0,58420.718667066416
COL_cluster_3928,COL,5.089999731662714,-75.48916150574748,0,49085.32562368612
COL_cluster_72,COL,8.791936529358008,-75.85662812856005,0,219873.45876866
IDN_cluster_627,IDN,3.568394832473924,98.55650676715148,0,296813.3388415903
IDN_cluster_2084,IDN,0.8940862629973861,104.47863356704168,0,62452.16460198093
IDN_cluster_2204,IDN,1.1333626081225705,104.10922015274971,0,26551.096091288688
IDN_cluster_2284,IDN,-6.31849394853845,106.46397769691848,0,155271.92249832783
IDN_cluster_3996,IDN,-6.434869470940732,107.42925791158608,0,60326.70750442366
IDN_cluster_3274,IDN,-6.347357477464479,106.3758843929272,0,161875.90285696127
IDN_cluster_3605,IDN,-6.796220021421233,107.61778069257451,0,31584.95136552435
IDN_cluster_3285,IDN,-6.350420237834551,106.3771867472018,0,161580.15685474058
IDN_cluster_7092,IDN,-7.607623332647942,111.43103833810925,0,2337.474743942871
IDN_cluster_7218,IDN,-7.514089483616186,111.20468521044428,0,29350.16458759459
IDN_cluster_7538,IDN,-7.358453158622806,112.80817439214027,0,77280.10255833369
IDN_cluster_6767,IDN,-6.925101399017174,112.09018454922318,0,81933.69938359935
IDN_cluster_11012,IDN,-0.860043889793467,119.88581660776424,0,325822.3648231072
IDN_cluster_10826,IDN,-3.752470094615159,115.44164081812043,0,475232.1619303124
IDN_cluster_12516,IDN,-0.0697471242512191,129.39274431489096,0,842135.905277166
IND_cluster_1115,IND,23.36704828738559,70.74470754977035,0,212207.23651896534
IND_cluster_1175,IND,22.774724616907896,71.92094032618606,0,153204.20677455753
IND_cluster_1097,IND,23.18758912110428,70.49338724664443,0,190370.93646420122
IDN_cluster_12582,IDN,-4.452900361016698,136.88920105275614,0,1348391.4531795464
IND_cluster_16,IND,26.93615953230256,70.97911238222888,0,3776.891645291794
IND_cluster_1486,IND,26.659412798449043,71.27859643613081,0,1845.7695278707376
IND_cluster_1187,IND,22.773141397406214,71.92333558689475,0,152917.1732047529
IND_cluster_1246,IND,21.47538527962287,71.65250836844776,0,122440.82375133946
IND_cluster_23,IND,26.93803066033844,71.00056430838478,0,2047.9331202486715
IND_cluster_960,IND,23.279941170231137,69.6628667078284,0,217078.5576999626
IND_cluster_391,IND,23.00326033855889,70.56389793125742,0,170137.5552190578
IND_cluster_1489,IND,26.655561247809835,71.27612054867994,0,1747.5681924683872
IND_cluster_11244,IND,23.8803602185002,72.36885848829922,0,196626.13496572734
IND_cluster_10039,IND,28.070168975293928,73.2083273439894,0,13701.171155703529
IND_cluster_11774,IND,21.18537233799588,72.90337674502825,0,2093.687371514849
IND_cluster_12437,IND,21.25190193643391,72.01608061745924,0,90575.95953490103
IND_cluster_13194,IND,12.891183216463087,77.46560893905992,0,23920.53729121175
IND_cluster_56,IND,26.95983957160229,71.07684049811641,0,6472.3915667242745
IND_cluster_12728,IND,12.96587556404337,76.72106562126453,0,79312.31112621736
IND_cluster_13221,IND,12.816953475900938,77.51238748189483,0,18770.80427650874
IND_cluster_12904,IND,13.954695295116831,76.79354887294943,0,45114.09700950737
IND_cluster_13622,IND,13.198301111004286,77.68124288685433,0,5819.444882056868
IND_cluster_13623,IND,13.20709110122887,77.69044984763538,0,6066.318107968172
IND_cluster_13601,IND,13.20074567079016,77.68231891170797,0,5730.562945623086
IND_cluster_13605,IND,13.206842275017276,77.69548155151466,0,6561.277004347906
IND_cluster_14095,IND,8.906669504614344,77.74839335626011,0,3696.885132990838
IND_cluster_14098,IND,8.915228561116825,77.74497562133878,0,3056.5110989089767
IND_cluster_14109,IND,8.920026177402173,77.69714082141411,0,2245.3236068548867
IND_cluster_14112,IND,8.917873030187396,77.7013247979083,0,1801.8783113706418
IND_cluster_14124,IND,8.926606491235528,77.70159045270296,0,1902.2968482659976
IND_cluster_14250,IND,9.008141917133084,77.67855084010664,0,10693.558696246202
IND_cluster_14114,IND,8.92133521958791,77.6979157773214,0,2164.9976348604478
IND_cluster_14113,IND,8.916263595931257,77.70331264625975,0,1622.5867772175473
IND_cluster_15355,IND,11.35991658542645,77.94586770510764,0,23441.38270589774
IND_cluster_14889,IND,10.517352047459436,77.740538420805,0,73679.13389414153
IND_cluster_15746,IND,11.887995481180072,76.72466320402206,0,105430.64812056783
IND_cluster_15577,IND,11.131354730571823,77.18140548838151,0,15395.989025825365
IND_cluster_15986,IND,18.03550977773412,76.7320009367961,0,176677.87446520245
IND_cluster_16393,IND,17.343421790322306,77.61712711722853,0,55527.33045424741
IND_cluster_18890,IND,19.053299624094524,74.68616823582997,0,19780.46476171956
IND_cluster_18811,IND,19.071727329578657,74.68346162343956,0,21222.94202165934
IND_cluster_18918,IND,20.640682825151355,77.89657150770361,0,52859.543590468056
IND_cluster_20332,IND,21.08244378101876,74.38404087062978,0,155717.7520877863
IND_cluster_21126,IND,15.744668866623984,77.88077816819485,0,136724.07650486025
IND_cluster_19257,IND,20.646967353925422,76.67975174834874,0,179176.09962552492
IND_cluster_54,IND,26.962768992947147,71.07749151523706,0,6580.060252636209
IND_cluster_21137,IND,15.667886256668524,77.48609689202159,0,158006.51333747775
IND_cluster_21752,IND,17.093851448958038,77.23469044242856,0,86554.92607523668
IND_cluster_21753,IND,17.10367496223778,77.24644366621567,0,85358.22592624198
IND_cluster_21809,IND,14.244367584452972,77.47909676188897,0,113775.18376297514
IND_cluster_22197,IND,15.528696034005826,73.77898547270001,0,107149.30416499599
IND_cluster_21801,IND,14.231958902779857,77.45211460676632,0,112903.20559278455
IND_cluster_22556,IND,16.90598918640578,74.49043903252642,0,136848.40384429463
IND_cluster_22897,IND,8.913078113986874,77.74707545227483,0,3331.187391410447
IND_cluster_15747,IND,11.887934103421127,76.72058495546511,0,105599.37101578333
IND_cluster_22902,IND,8.970117309282246,77.90523307470808,0,21351.154405531404
IND_cluster_16088,IND,17.936308912283966,75.66963326082936,0,125968.25884651503
IND_cluster_23119,IND,12.93752728275702,77.72410937788005,0,33772.38669171122
IND_cluster_23122,IND,12.938669836318148,77.72057837027377,0,33874.61302074579
IND_cluster_23163,IND,13.189492651553095,77.69407187746135,0,7509.429994945404
IND_cluster_23104,IND,12.929473301757817,77.72902785057006,0,32734.96633534331
IND_cluster_3846,IND,31.646315143382605,74.78082820290476,0,42292.08332423641
IND_cluster_3461,IND,30.352121860481088,75.91121002415937,0,87437.79064540575
IND_cluster_4067,IND,31.5398070361906,75.33308303610593,0,59230.13687285971
IND_cluster_3734,IND,29.84232284598693,76.4385333615428,0,106352.2215628182
IND_cluster_4145,IND,32.291746049744084,75.7491538080298,0,145234.10082633412
IND_cluster_4181,IND,34.09713868261316,74.76144310288355,0,152851.31773302436
IND_cluster_4325,IND,26.96571393005319,77.73693465425356,0,133380.23078130366
IND_cluster_4324,IND,26.95993429877829,77.743532933954,0,132989.06597878464
IND_cluster_4322,IND,26.961036330567595,77.74102514434607,0,133179.38564433885
IND_cluster_4356,IND,25.673154848301326,76.6672874226271,0,162936.80434884317
IND_cluster_4695,IND,21.854828118957663,76.46730334938589,0,238242.30300514257
IND_cluster_4849,IND,22.596974274427616,77.73824534003016,0,217996.41316626908
IND_cluster_4960,IND,23.72393406868269,76.01478952197911,0,195951.5189183217
IND_cluster_5815,IND,28.37166479942461,77.36858644164029,0,176274.2338219092
IND_cluster_4355,IND,25.66980995789799,76.66853338206931,0,162573.28960919447
IND_cluster_5822,IND,28.39599329004435,77.36579560571104,0,176296.17794265738
IND_cluster_5816,IND,28.36410394469907,77.37383645225567,0,176702.8294119954
IND_cluster_5985,IND,28.30092729690793,77.12288542038766,0,151646.8759241833
IND_cluster_5831,IND,28.420284028586465,77.36745536092533,0,176791.08120576927
IND_cluster_5827,IND,28.373695014082376,77.37199091073647,0,176628.4714088534
IND_cluster_6658,IND,27.636686271607577,77.35390714492891,0,165553.27156920504
IND_cluster_6495,IND,26.7397791394712,75.85727853815013,0,62469.872063463285
IND_cluster_5778,IND,28.35574745182764,77.53648695868611,0,181197.68098695212
IND_cluster_6659,IND,27.63840937070943,77.35611861977549,0,165371.6594270879
IND_cluster_6262,IND,27.949591533156788,77.34951306576608,0,175312.55426700294
IND_cluster_7157,IND,29.603213128419885,76.07037166677904,0,62754.94964060147
IND_cluster_9423,IND,31.10115786915768,75.5756394359409,0,76256.89416179025
IND_cluster_8389,IND,26.250226074688246,73.05777988383284,0,181359.315626247
IND_cluster_9484,IND,30.96794267101985,75.8113778654799,0,63558.6528742659
IND_cluster_9531,IND,29.388322215747863,73.90181916351439,0,8147.02640734177
IND_cluster_9528,IND,29.38981861769573,73.90385400912115,0,8322.743273776498
IND_cluster_9529,IND,29.41791115139813,73.85565164134502,0,4232.57089721312
IND_cluster_9543,IND,29.39059484915996,73.85404426115473,0,3543.4214918711564
IND_cluster_5351,IND,28.10850166085317,76.10996221221912,0,53055.077199938365
IND_cluster_9598,IND,30.23502326200928,75.03077099097318,0,3844.2523186963676
IND_cluster_9942,IND,31.636242226799148,74.7700309105945,0,41225.100578119695
IND_cluster_9992,IND,28.07559583240011,72.9776954190471,0,32131.665764442034
IND_cluster_23488,IND,25.558854868558544,83.94992637060929,0,229084.3147694277
IND_cluster_24026,IND,21.349221746873205,83.65119426846648,0,13563.190287244766
IND_cluster_9945,IND,31.634086426482465,74.7701404711426,0,40985.212133400644
IND_cluster_24032,IND,21.444928436675625,83.8956483159111,0,15041.892267007539
IND_cluster_24619,IND,16.812005848046606,82.23970984464191,0,37480.85646599452
IND_cluster_24175,IND,21.967565848895926,83.80048803532875,0,67453.41951812245
IND_cluster_24860,IND,18.65146787332429,81.23408524584579,0,181602.01883436067
IND_cluster_25005,IND,22.337653105476857,82.5248176012654,0,169147.263322956
IND_cluster_25474,IND,20.57322016774059,81.0423194554637,0,275172.38701577845
IND_cluster_24591,IND,17.06757592534748,81.87332461900961,0,23942.626521122795
IND_cluster_25687,IND,21.22123669499687,81.72894280458034,0,213226.55570350008
IND_cluster_24946,IND,22.34751870094145,82.57015290282209,0,166304.97061948548
IND_cluster_26246,IND,26.09974057544261,79.60623280057668,0,51225.99611371633
IND_cluster_26886,IND,26.403426347879886,80.42960473183541,0,58432.46828100792
IND_cluster_26650,IND,26.46576429675334,81.59018427944369,0,172901.95273396265
IND_cluster_26202,IND,26.00382169124475,79.01448288901213,0,100439.3474223575
IND_cluster_27544,IND,23.2033628449038,80.03117785979357,0,279389.7190680435
IND_cluster_26275,IND,25.24151860674296,78.45595033146203,0,106546.16326620511
IND_cluster_28316,IND,28.95608571275628,79.43717283016903,0,181190.00263415067
IND_cluster_28342,IND,29.02983492128019,79.43043681362006,0,189023.91073045402
IND_cluster_27554,IND,23.21051888822219,80.03323731614165,0,279132.9813853818
IND_cluster_27833,IND,28.48992273310505,80.12105961614597,0,165738.13805693673
IND_cluster_29743,IND,11.234418115238531,78.24598364643495,0,16981.202710693273
IND_cluster_29819,IND,20.69020813291257,78.35477322195699,0,4871.659650093615
IND_cluster_30322,IND,21.205574622307505,78.95257924317801,0,80563.2287752126
IND_cluster_28438,IND,27.554261399779552,78.68900006379931,0,37264.922679697775
IND_cluster_29976,IND,20.130753577081784,79.16173176545227,0,101142.96693632667
IND_cluster_30431,IND,15.65383988641244,78.27190053092778,0,145396.55017036505
IND_cluster_30430,IND,15.654417226460987,78.27563106572867,0,145378.34145154417
IND_cluster_29829,IND,20.68928998253197,78.36124274790892,0,4221.733324967898
IND_cluster_31278,IND,17.2686151816157,78.54417030753666,0,14761.749382549171
IND_cluster_31283,IND,17.25320098690642,78.4933617305206,0,14357.502772304511
IND_cluster_30429,IND,15.65319369005818,78.27346881811765,0,145486.95875148545
IND_cluster_31584,IND,17.235076810606884,78.41922851070824,0,13890.091556952142
IND_cluster_32156,IND,15.078635485910578,78.14803097096252,0,187443.54233380174
IND_cluster_32695,IND,18.096943002901977,79.3635257931509,0,106215.75914660723
IND_cluster_35783,IND,17.211376897281063,78.61111734556663,0,11505.896258895518
IND_cluster_36006,IND,9.367047069749464,78.37641485072596,0,2613.86441914907
IND_cluster_35789,IND,17.23044105130726,78.57137657969058,0,13434.622621626791
IND_cluster_36029,IND,9.22036780424155,78.38637545163024,0,8881.581176157548
IND_cluster_31673,IND,17.236874332024968,78.41927688280781,0,14064.66393539206
IND_cluster_36047,IND,9.173719746938744,78.6155113065686,0,27897.08994419531
IND_cluster_36070,IND,9.055168495853708,78.2993284369688,0,29177.26273319473
IND_cluster_36102,IND,8.962445451101265,78.1872438849604,0,43926.85930379673
IND_cluster_36100,IND,8.96698724993259,78.18834271856684,0,43414.89345639246
IND_cluster_28657,IND,11.171189831378111,78.04661901416584,0,6381.09960136292
IND_cluster_36112,IND,8.97181768302645,78.21442837254293,0,41537.781377695355
IND_cluster_36141,IND,8.705622057358418,78.12142879265767,0,50375.014529488326
IND_cluster_36111,IND,8.973814926482836,78.21359582867268,0,41387.03239844212
IND_cluster_36240,IND,13.0377258045362,79.74253668737614,0,139700.59641567306
IND_cluster_36109,IND,8.600051616268066,78.09873996778285,0,54960.4275816121
IND_cluster_36153,IND,8.678632857522636,78.11005326394357,0,50798.74470811377
IND_cluster_37738,IND,13.547094588184455,80.00554807503109,0,183016.15714831126
IND_cluster_38116,IND,15.476151791436676,80.0503996851005,0,44746.290157342344
IND_cluster_37389,IND,14.513729828498509,78.78254913383338,0,144903.83973290081
IND_cluster_39327,IND,10.342632594498456,79.83800233871256,0,170649.94919461344
IND_cluster_39328,IND,10.338376640982414,79.83402134917392,0,170990.81965352123
IND_cluster_38174,IND,17.203647394670778,80.77174887240764,0,115793.02945649112
IND_cluster_39329,IND,10.333874521673412,79.82269479996431,0,171152.30412218798
IND_cluster_39336,IND,10.34658354618218,79.81521232387452,0,169577.17266408828
IND_cluster_39338,IND,10.341715587608178,79.84085181807058,0,170831.54764822335
IND_cluster_39339,IND,10.335095155777914,79.82609963636268,0,171116.94364108233
IND_cluster_39330,IND,10.347725907093706,79.81036640669967,0,169320.51127984095
IND_cluster_39331,IND,10.333973390009438,79.819042208498,0,171039.77543237043
IND_cluster_39340,IND,10.34538227213522,79.83720409753074,0,170331.98596640906
IND_cluster_39349,IND,10.333923771236226,79.82054502108771,0,171086.9317151898
IND_cluster_39347,IND,10.338454331252,79.84022845639974,0,171162.69403540556
IND_cluster_39346,IND,10.345551474091572,79.83314789986656,0,170196.081271548
IND_cluster_39375,IND,10.33633902005342,79.83238102377419,0,171162.2486363989
IND_cluster_39333,IND,10.34367764865132,79.84264088104655,0,170674.02292887704
IND_cluster_39744,IND,25.02145057245733,85.36210616264614,0,253418.13606107686
IND_cluster_39371,IND,10.347023669203688,79.81337191780804,0,169478.86194792445
IND_cluster_39332,IND,10.334221107260667,79.8175667950043,0,170972.21173437152
IND_cluster_40226,IND,21.870624767707863,84.04500879799268,0,62853.61765743339
IND_cluster_40013,IND,27.23351583867217,88.38637395382224,0,85557.88324174202
IND_cluster_40611,IND,19.23340842548888,84.87413343324789,0,262604.8058233635
IND_cluster_40623,IND,19.24498760111962,84.88279540448914,0,261838.4357141945
IND_cluster_40723,IND,24.03385751504408,85.45755802143674,0,331026.74090401136
IND_cluster_41628,IND,27.48403190951704,95.0230651898597,0,245398.51871681304
IND_cluster_41921,IND,26.61474491648128,92.93742699436892,0,251126.99660491908
IND_cluster_40634,IND,19.25966792103878,84.87528688129893,0,260025.71963945488
GNQ_cluster_11,GNQ,1.6128078969789728,10.82798985729158,0,56171.81744635999
IND_cluster_41928,IND,26.70997485841496,92.79454481890691,0,235746.1006690795
GNQ_cluster_2,GNQ,1.606948983397817,10.8589351745199,0,52720.29311552954
GNQ_cluster_29,GNQ,3.726711086165405,8.715115115335347,0,167670.97703814643
IND_cluster_40444,IND,20.29057039197308,85.68962174895962,0,231293.06926998083
IND_cluster_40664,IND,19.8656738887433,85.82929690286608,0,270316.7500041287
BRN_cluster_120,BRN,4.87961131075408,114.87642569338423,0,5558.846141882055
BRN_cluster_184,BRN,4.951349934831985,114.9346289545902,0,4412.932968569765
BRN_cluster_179,BRN,4.944141216337706,114.935376457567,0,4513.6727062084055
BRN_cluster_187,BRN,4.969262951995074,114.928362986773,0,4359.133551488871
BRN_cluster_196,BRN,4.941937775717394,114.90534899464092,0,1379.2612909617526
BRN_cluster_41,BRN,4.888515421349752,114.86614869694247,0,6131.130891039791
BRN_cluster_56,BRN,4.857484330199241,114.89184981955056,0,4847.118471923606
BRN_cluster_82,BRN,4.851170168121436,114.70671896355744,0,9756.52127444844
BRN_cluster_58,BRN,4.89577138302361,114.86189310630188,0,6851.027304566347
BRN_cluster_215,BRN,4.589860793004949,114.22800546282538,0,27536.783608533417
BFA_cluster_68,BFA,11.123263384053528,-4.32854603540066,0,325497.18987223087
CUB_cluster_1080,CUB,22.284811549470657,-79.57437351533848,0,38179.58162243605
CUB_cluster_199,CUB,22.970350092379466,-82.29442441230051,0,32379.34645007314
CUB_cluster_241,CUB,22.989471242249014,-82.3735032020628,0,24830.027743135546
CUB_cluster_343,CUB,23.05685570523182,-82.53842268292422,0,15567.699840585088
CUB_cluster_422,CUB,21.81261278229436,-82.95758272849724,0,112012.47785108617
CUB_cluster_126,CUB,23.036384788340545,-82.5795789754668,0,11928.529754630557
CUB_cluster_539,CUB,22.764268408810608,-80.97673002697609,0,20857.55988475758
CUB_cluster_606,CUB,22.77749204853663,-81.0449756693501,0,16483.28961966812
CUB_cluster_646,CUB,23.171033971739604,-82.16369932847611,0,52635.62902994795
CUB_cluster_666,CUB,23.03452724844349,-81.60924678531904,0,57451.15721935822
CUB_cluster_703,CUB,22.840478154344613,-82.28188511496815,0,34928.99918281202
CUB_cluster_663,CUB,23.047295979647984,-81.5997518438739,0,57997.77237592965
CUB_cluster_668,CUB,23.023974153117777,-81.61818148200389,0,57105.23740081604
CUB_cluster_845,CUB,22.4317923102024,-79.92559106643549,0,1535.3540079646477
CUB_cluster_840,CUB,22.422732577545712,-79.95836438913439,0,4960.428681044563
CUB_cluster_949,CUB,22.03499931909905,-80.41430013469956,0,55945.88126513039
CUB_cluster_1175,CUB,20.2818245348306,-76.72632428597201,0,20260.734061236868
CUB_cluster_1186,CUB,21.43738734252357,-77.84913227529437,0,3733.106975683414
CUB_cluster_1202,CUB,21.388145367552493,-77.88352630126994,0,2965.2292862521044
CUB_cluster_1312,CUB,19.997691909639187,-76.22925532606133,0,80955.13168038208
CUB_cluster_1459,CUB,21.57084147433393,-77.04815647462345,0,76204.34253404626
CUB_cluster_1511,CUB,21.122976594030227,-75.83345502958379,0,54359.407461255396
CUB_cluster_1532,CUB,19.89916661842333,-75.10662377017262,0,30772.59817937812
CUB_cluster_1565,CUB,20.18169861769416,-75.82670237342828,0,51030.87510501449
CUB_cluster_1610,CUB,19.91060752956833,-75.22175257523214,0,22300.90173721655
CUB_cluster_1608,CUB,19.92432444044137,-75.13909709866047,0,26382.618186371856
CUB_cluster_1595,CUB,20.090308514655312,-75.80775637070715,0,48251.45532497996
CUB_cluster_1672,CUB,20.664328756843585,-75.5389334613722,0,65959.51633094414
CUB_cluster_836,CUB,22.4310643156584,-79.92883300064543,0,1860.0596595313925
CUB_cluster_1238,CUB,20.94665701851173,-76.26428501772178,0,9975.091153575697
SWE_cluster_55,SWE,57.751236301226605,11.879039842927488,0,117957.10478201056
SWE_cluster_16,SWE,58.34359825516656,11.974550146216778,0,178157.61248596857
SWE_cluster_86,SWE,57.72020717284873,11.769273216987632,0,117887.91113359769
SWE_cluster_67,SWE,57.73824821086743,11.897351612538282,0,116186.17540343862
SWE_cluster_1047,SWE,58.397405338971325,15.55758433284711,0,185126.4406456896
SWE_cluster_1050,SWE,58.56773284761401,16.203893101300086,0,176718.55926465924
SWE_cluster_1074,SWE,58.418366532562864,15.559925156213795,0,187401.46186087246
SWE_cluster_1078,SWE,58.48961736912735,15.53225359432976,0,195481.76160903106
SWE_cluster_56,SWE,57.77175739481748,11.85532941893014,0,120622.66654877375
SWE_cluster_1067,SWE,58.48971512472175,15.52690678516285,0,195544.8817088045
SWE_cluster_1180,SWE,58.76114299462766,17.025034952395366,0,164697.91355451426
SWE_cluster_112,SWE,59.84946980671016,17.58390973281638,0,255929.49863294043
SWE_cluster_1197,SWE,58.7665275533391,16.976250267131913,0,166587.1436614663
SWE_cluster_1089,SWE,58.611991894862925,16.14192922668312,0,182714.72897360174
SWE_cluster_1177,SWE,59.06760389746218,16.583032038673508,0,206869.70567426033
SWE_cluster_1224,SWE,58.267987055863465,12.30292758374089,0,166033.7567312004
SWE_cluster_1182,SWE,58.75892660650368,17.028820910940436,0,164376.9749528636
SWE_cluster_1234,SWE,58.25681195908093,12.264020210689573,0,165166.96344563464
SWE_cluster_1244,SWE,58.26592936570178,12.303596016059007,0,165801.6738850219
SWE_cluster_1270,SWE,58.30237895149419,13.184738008942704,0,170370.68977320084
SWE_cluster_124,SWE,60.33949844883055,17.513303627573638,0,243213.68216596844
SWE_cluster_1241,SWE,58.26616094753059,12.30915607566475,0,165778.47078207298
SWE_cluster_1337,SWE,59.389405771359776,13.463425118428484,0,292245.6132885829
SWE_cluster_1377,SWE,57.943561687253,12.534170913726555,0,128590.51146144482
SWE_cluster_1334,SWE,59.38731496439142,13.462475293445133,0,292007.5784678463
SWE_cluster_1408,SWE,57.50908896037504,14.140868376024908,0,117393.56594366288
SWE_cluster_139,SWE,60.3461566191931,15.75598921253487,0,338227.0548169904
SWE_cluster_1421,SWE,57.74142405608371,14.15159741533105,0,136518.52358090013
SWE_cluster_1053,SWE,58.6758469503016,17.105959241411103,0,154134.83435790098
SWE_cluster_1422,SWE,57.73799799961551,14.14869049190656,0,136115.63188632845
SWE_cluster_1429,SWE,57.809345080977074,14.273253910368243,0,146941.7347771147
SWE_cluster_1450,SWE,57.775254721252544,14.296553512453016,0,144984.67149661714
SWE_cluster_1597,SWE,56.90471518862672,12.511474178422509,0,17624.915674615728
SWE_cluster_1436,SWE,57.74047977021807,14.151556061169792,0,136436.40955672172
SWE_cluster_1686,SWE,57.716742080088174,12.078141134647554,0,109787.32545278037
SWE_cluster_1664,SWE,57.769045400728174,12.013445429288108,0,116594.32156569559
SWE_cluster_1665,SWE,57.68227006229191,12.014678384304064,0,107642.88349202013
SWE_cluster_1718,SWE,56.19205741077244,15.620655088729643,0,53137.77958722354
SWE_cluster_1884,SWE,57.21490156210223,14.041764576890191,0,93203.94902501538
SWE_cluster_2054,SWE,56.55459525893664,14.150014208775316,0,59509.95357219241
SWE_cluster_203,SWE,60.643333254973136,16.997842625157432,0,266882.1333881593
SWE_cluster_204,SWE,60.64061342142311,17.01058846982133,0,266207.29755260603
SWE_cluster_2065,SWE,56.55673211049803,14.121982154785911,0,60669.83378471624
SWE_cluster_2029,SWE,56.72885837954942,15.944226974960957,0,8240.58748300589
SWE_cluster_1699,SWE,56.19047624090897,15.61826539826036,0,53367.50085197102
SWE_cluster_208,SWE,60.67496365289988,17.258629619954096,0,252503.63648968787
SWE_cluster_2142,SWE,55.911450720704586,13.102517391541166,0,12010.515204280659
SWE_cluster_252,SWE,59.62620274324456,16.619516203470628,0,261414.0394318178
SWE_cluster_250,SWE,59.554724983368935,16.505742766498468,0,256807.29675447097
SWE_cluster_264,SWE,59.62595310662419,16.616327831937767,0,261459.39475644677
SWE_cluster_249,SWE,59.626415677840704,16.49888774944239,0,264193.01219414594
SWE_cluster_288,SWE,59.3886787399949,16.43560180645792,0,242101.39022566075
SWE_cluster_296,SWE,59.64281577099084,17.055881068088322,0,254568.13950862575
SWE_cluster_299,SWE,59.64566295412028,17.05980958285741,0,254803.1528200512
SWE_cluster_305,SWE,59.55195204391042,16.506900037843277,0,256500.7688329747
SWE_cluster_335,SWE,59.81794270452944,17.659097209413027,0,253524.91245454058
SWE_cluster_317,SWE,59.26568572193465,17.87809429431295,0,203241.87651323824
SWE_cluster_253,SWE,59.386555409438536,16.537311162703386,0,239231.26171657757
SWE_cluster_397,SWE,60.03984173595096,13.693966837070306,0,365707.25916947774
SWE_cluster_454,SWE,61.010406695279,14.58515217135268,0,397282.61488709564
SWE_cluster_481,SWE,60.52779779703159,15.373901438117272,0,356323.9607965636
SWE_cluster_489,SWE,60.595298389831946,15.64777193893941,0,340725.0919692015
SWE_cluster_239,SWE,61.31105136437189,17.048367226372356,0,269963.28332112567
SWE_cluster_516,SWE,62.37789143756884,17.353383138083668,0,269260.3567205079
SWE_cluster_503,SWE,59.63989418301404,12.614317280836296,0,316816.09843621904
SWE_cluster_473,SWE,60.59999723648748,15.629373200162638,0,341683.77259567886
SWE_cluster_498,SWE,60.14019930544018,12.993609712242336,0,372748.7263003157
SWE_cluster_520,SWE,62.40561007268882,17.25570106866916,0,273917.6702460075
SWE_cluster_338,SWE,59.47444841132788,17.91161042522283,0,226031.8626843986
SWE_cluster_544,SWE,62.40092800958551,17.34370560313576,0,269466.37641667126
SWE_cluster_524,SWE,62.377508781839175,17.349793835244515,0,269449.12556095625
SWE_cluster_537,SWE,62.482790196892616,17.31082368605322,0,270317.45561063994
SWE_cluster_619,SWE,61.34755470178135,16.368295819372012,0,306308.9571774749
SWE_cluster_579,SWE,62.616903435570165,17.90090691434869,0,239437.5205925388
SWE_cluster_630,SWE,61.832514281310125,16.108382374855452,0,333928.1336193575
SWE_cluster_692,SWE,58.37455146822378,13.84014295027652,0,188425.30006630486
SWE_cluster_672,SWE,58.54233742810727,15.071021724489428,0,207402.5889347641
SWE_cluster_667,SWE,58.42211373257044,14.141390265690951,0,200292.11383346294
SWE_cluster_697,SWE,58.404592310823865,13.848435533798352,0,191713.8631762011
SWE_cluster_820,SWE,59.04942690587188,15.108412135111276,0,259408.80104426367
SWE_cluster_934,SWE,57.42516572346798,15.060552523956863,0,96274.15615638292
SWE_cluster_717,SWE,58.52469163262455,13.489214604728923,0,198197.47466151058
SWE_cluster_2239,SWE,59.256463567230654,18.272323446021613,0,200429.05938567047
SWE_cluster_893,SWE,59.50922948228612,15.970689984852044,0,266903.5238594806
SWE_cluster_2258,SWE,59.27835870823729,18.43026950993274,0,202879.57806925772
SWE_cluster_2248,SWE,59.48870297372858,18.324376493878795,0,226211.19139278715
SWE_cluster_2273,SWE,59.37082625285185,18.17647129187518,0,213326.6607739679
SWE_cluster_2281,SWE,59.35644001523066,18.08695150746857,0,212034.46844241786
SWE_cluster_94,SWE,63.20760078243308,14.634194352616683,0,400678.924206781
SWE_cluster_2375,SWE,65.60636233106351,22.103432081894184,0,294857.4467917608
SWE_cluster_2261,SWE,59.292205085079786,18.25346568465442,0,204428.17241727334
SWE_cluster_2306,SWE,59.1122384418585,18.10718569458346,0,184870.5064147561
SWE_cluster_2396,SWE,65.56772929321674,22.11132740560421,0,290546.36309227045
SWE_cluster_2386,SWE,65.61979937432925,22.15054245536389,0,296178.9022266058
DZA_cluster_395,DZA,35.630738917885914,-0.70210615556832,0,68551.1255105396
DZA_cluster_1091,DZA,36.49383051985162,3.0030482548794497,0,39713.50792957115
DZA_cluster_18,DZA,33.274275498935296,-0.3697206085181644,0,254387.58138358858
DZA_cluster_1089,DZA,36.54142537879866,2.969264724818537,0,38504.48009695868
DZA_cluster_1144,DZA,36.51944301730487,3.006281642527212,0,37522.927324453776
DZA_cluster_1218,DZA,36.658603897160624,2.8566988191781686,0,42099.63960228623
DZA_cluster_371,DZA,35.71397220948518,-0.6701561464606813,0,65845.15077234393
DZA_cluster_1152,DZA,36.51765703280672,2.981918721477897,0,39278.97898439114
DZA_cluster_1309,DZA,36.65864132841685,2.859140256792112,0,41887.18757947006
DZA_cluster_1236,DZA,36.65744525712199,2.852950372164389,0,42455.120174391435
DZA_cluster_2223,DZA,35.339604366287595,5.387126975672246,0,102635.75366523927
DZA_cluster_2419,DZA,34.87898650275338,5.697673570749503,0,135597.7038860503
DZA_cluster_2703,DZA,36.73332718463131,4.000420384963044,0,22334.521612761473
DZA_cluster_1093,DZA,36.51585861260209,2.9811334764931816,0,39462.94119485962
DZA_cluster_634,DZA,33.126486327622246,3.352484663587197,0,237660.30919875923
DZA_cluster_2684,DZA,36.73235867209203,3.991212747775985,0,21523.10341218626
DZA_cluster_637,DZA,33.12042872138187,3.3597117960084306,0,236727.6736400217
DZA_cluster_723,DZA,34.54244546991592,3.2446998619824536,0,117043.37237382244
DZA_cluster_593,DZA,34.75305633728641,0.187400679875415,0,101422.78020092633
DZA_cluster_734,DZA,34.54309174497182,3.245755846597926,0,117066.23119304379
DZA_cluster_3472,DZA,35.469112281384724,7.124688474397177,0,93697.81164998583
DZA_cluster_3459,DZA,35.470207547486666,7.125044727496983,0,93600.0601994761
DZA_cluster_954,DZA,36.59104820405003,3.210105492169235,0,19833.95138514552
DZA_cluster_3470,DZA,35.467660628324765,7.125896393153471,0,93889.92205603793
DZA_cluster_3711,DZA,36.2834725160926,6.621929992671451,0,8408.763543997818
DZA_cluster_3575,DZA,33.52439364010579,6.766439188550594,0,215435.06492447192
DZA_cluster_3725,DZA,36.23771845702158,6.54181636354891,0,13788.129179243977
DZA_cluster_3715,DZA,36.2958774205386,6.732126878051807,0,7360.133561307114
DZA_cluster_4258,DZA,28.054958284974933,9.63995926692326,0,483782.3259239794
DZA_cluster_3356,DZA,36.66814854799841,3.404017196023492,0,11783.44963315611
DZA_cluster_961,DZA,36.59025488362247,3.212309906630604,0,19819.57507555521
NLD_cluster_1082,NLD,51.501504146211005,5.132709681860725,0,11442.302368015884
NLD_cluster_1171,NLD,51.50201513676803,5.366102868671497,0,12538.741591593647
NLD_cluster_1254,NLD,51.60824920927886,5.555908175441584,0,5327.632439384972
NLD_cluster_1222,NLD,51.17458269345439,5.972807620951072,0,10520.491375857244
NLD_cluster_1307,NLD,51.49461364190061,5.697682369577545,0,5387.384934763673
NLD_cluster_1280,NLD,51.25321852968028,5.902552055969959,0,2200.762264279554
NLD_cluster_1099,NLD,51.51906265975836,5.504430524870682,0,5553.8517788644485
NLD_cluster_134,NLD,52.01416732125679,5.191927254937879,0,25971.99191503896
NLD_cluster_128,NLD,52.02541194744133,5.522937933521458,0,21258.40828111513
NLD_cluster_1570,NLD,51.28867881555606,5.64033403532043,0,7412.740668702404
NLD_cluster_228,NLD,52.40762046899785,4.934008298043391,0,72518.62644087839
NLD_cluster_312,NLD,51.95902616542173,5.2227924284180345,0,19634.479966077895
NLD_cluster_332,NLD,51.73645103272657,5.351118686754396,0,8842.688412969039
NLD_cluster_341,NLD,51.79972540814215,5.255010120906873,0,1929.6245660396437
NLD_cluster_328,NLD,51.73602239975639,5.33068568744228,0,7779.584120686344
NLD_cluster_345,NLD,51.87026806651235,5.280499086713308,0,9963.12105997626
NLD_cluster_443,NLD,51.86360811578107,4.990211898170549,0,19792.899428518114
NLD_cluster_517,NLD,51.87121483906782,5.40828777527829,0,4772.501698196945
NLD_cluster_527,NLD,51.75459644973351,5.221753426771295,0,3614.505731015035
NLD_cluster_508,NLD,51.755990174570925,5.269802822696147,0,3395.404436646611
NLD_cluster_566,NLD,51.82567064109743,5.732276299737831,0,11304.920430804774
NLD_cluster_572,NLD,51.79020198288738,5.732875599894084,0,9726.917522280522
NLD_cluster_422,NLD,51.73673080691776,5.324803912699145,0,7430.1115228349045
NLD_cluster_621,NLD,51.97884183715995,5.799278777542701,0,27187.897405087293
NLD_cluster_705,NLD,51.9080719602464,4.173033841168538,0,32776.00803763423
NLD_cluster_584,NLD,51.85014433561562,5.763814754598913,0,14656.403102369066
NLD_cluster_727,NLD,51.82263216012902,4.150042510970227,0,23919.318824511007
NLD_cluster_809,NLD,53.21671255369123,5.799424808724633,0,37286.09213259846
NLD_cluster_85,NLD,52.80186164391492,4.766919998233897,0,102491.16981557681
NLD_cluster_849,NLD,52.95961352927368,5.745257298386587,0,34573.78828909696
NLD_cluster_850,NLD,53.23283231720199,5.672506212114939,0,45327.70022819796
NLD_cluster_803,NLD,53.04400682658707,5.786400965487189,0,31244.321098882858
NLD_cluster_897,NLD,50.82065582183591,5.827720068770727,0,34625.45568781788
NLD_cluster_988,NLD,51.50344178755351,5.36499322250968,0,12507.747797219403
NLD_cluster_1738,NLD,51.94029612532775,6.076121793350636,0,38094.243158285186
NLD_cluster_996,NLD,51.56984334895253,5.011267304651722,0,16955.087868101633
NLD_cluster_96,NLD,52.27693308715583,4.975921135862708,0,57961.29455260319
NLD_cluster_1740,NLD,51.92739071800337,6.057636319836512,0,36286.610650798706
NLD_cluster_1751,NLD,52.10176475435684,6.068529663778878,0,41809.63548565087
NLD_cluster_1961,NLD,53.08544859249151,6.072301925752166,0,14038.175595723129
NLD_cluster_1997,NLD,53.22869814463351,6.511535569903742,0,28954.908583071723
NLD_cluster_2101,NLD,52.774869468284045,6.94579419822589,0,15998.394383008184
NLD_cluster_2274,NLD,51.4265532906563,6.019361276064412,0,7910.144633470747
NLD_cluster_2330,NLD,51.4481230228413,6.14745368589898,0,7535.743103555564
NLD_cluster_2370,NLD,51.32790111243896,6.098706668149597,0,3172.3982680495506
ETH_cluster_267,ETH,7.839599647562365,38.69593058164078,0,99393.37047051883
SAU_cluster_3295,SAU,24.22375903474723,47.37974276713998,0,22279.72557825759
BRN_cluster_61,BRN,4.894709209290362,114.8732183561123,0,6461.469469755759
BRN_cluster_59,BRN,4.852807815087226,114.79636419095571,0,1799.4413826078996
BRN_cluster_64,BRN,4.89065389511312,114.8668366827418,0,6379.627702003914
BRN_cluster_72,BRN,4.967909482214756,114.88042598724192,0,2673.4418992402057
BRN_cluster_87,BRN,4.889374391428719,114.84206464336648,0,5903.10382678469
BRN_cluster_76,BRN,4.810977391233712,114.65440650862624,0,15959.86181985216
BRN_cluster_74,BRN,4.970183379319467,114.88028687229402,0,2888.464253967552
BRN_cluster_90,BRN,4.893509801771857,114.83811929547974,0,5711.236394996601
BRN_cluster_91,BRN,4.873308042820997,114.94735340215432,0,10197.62549566248
COL_cluster_1324,COL,7.387060299294885,-72.6498106259349,0,64945.31902370914
COL_cluster_1889,COL,10.990953018185298,-74.84586280288394,0,26537.49212123234
COL_cluster_1980,COL,10.952875766271587,-74.85407179975357,0,22865.74895682063
COL_cluster_2415,COL,4.544316417797468,-74.54233565607612,0,72653.53002460608
COL_cluster_3531,COL,4.497929105524025,-73.88992469027234,0,52332.10634112085
COL_cluster_3747,COL,4.502328629916299,-75.66405744131696,0,79084.24467559515
COL_cluster_3788,COL,4.413016897196866,-75.26231102249483,0,59222.589625923814
DZA_cluster_100,DZA,34.69591012273834,-0.760158845462107,0,130239.81299644127
DZA_cluster_379,DZA,35.61791364798177,-0.6093952959890511,0,60279.12295232918
DZA_cluster_1342,DZA,35.31192266930454,1.3767319001702898,0,83560.00975990231
DZA_cluster_1593,DZA,36.58130731956053,2.4613854255876046,0,78411.50569692858
DZA_cluster_1889,DZA,31.925409990456284,5.387905292410772,0,6342.167894770317
DZA_cluster_3706,DZA,36.24675885250284,6.5285210994262295,0,15021.498919748487
DZA_cluster_3710,DZA,36.2497448349891,6.533164412772033,0,14635.378181113558
ETH_cluster_394,ETH,7.109191099186513,38.52072392080648,0,142395.8471294172
DEU_cluster_10030,Germany,49.98126853048845,10.2335296972581,0,56152.73096537695
DEU_cluster_12908,Germany,51.4884144404158,10.77228416808658,0,13713.759582105073
DEU_cluster_9435,Germany,51.28357325866692,6.463454865285837,0,25659.195086479496
IDN_cluster_755,IDN,3.4775889625690337,98.67683825228706,0,283022.7965688489
IDN_cluster_3492,IDN,-6.021464747627542,106.63572190944232,0,158122.98737436117
IDN_cluster_3997,IDN,-6.4371428191901945,107.42836033018423,0,60367.571516340264
IDN_cluster_7179,IDN,-7.390226589695693,111.4546545203892,0,25354.992036647807
IDN_cluster_7035,IDN,-7.196460232607555,111.54525247999442,0,48071.13939828629
IDN_cluster_7584,IDN,-7.935071978425323,112.69801983861696,0,65367.32305736861
IDN_cluster_10467,IDN,-0.037343613570157,115.44540291928328,0,422912.097037373
IND_cluster_47,IND,26.959278825207328,71.03665489897452,0,2535.3405808573725
IDN_cluster_10998,IDN,3.603172868928404,116.9090369051463,0,143640.30633799534
IND_cluster_10603,IND,22.00873159723029,72.9418612288412,0,56431.03111439513
IND_cluster_11604,IND,22.40045478784969,72.19240670762858,0,118326.66138249887
IND_cluster_11738,IND,21.23992589993908,72.90439764727805,0,7387.793027906184
IND_cluster_12832,IND,12.874291989682485,74.93939373009255,0,199188.81194214604
IND_cluster_11765,IND,21.184100593602103,72.91582624487033,0,3226.3105366021887
IND_cluster_14115,IND,8.917721773101464,77.74026842215032,0,2505.533589562734
IND_cluster_14092,IND,8.90866070916752,77.74594418792285,0,3362.8378591304663
IND_cluster_16371,IND,17.10485122334375,77.24951191960695,0,85039.73336464385
IND_cluster_1685,IND,30.339803618211945,77.0310094097637,0,87845.37449617761
IND_cluster_16450,IND,17.918466790213138,77.37721233337847,0,115885.44786299685
IND_cluster_17777,IND,18.895334177952662,72.91180329902683,0,14680.031008081358
IND_cluster_19240,IND,20.677120984369694,76.62337958950194,0,184951.61630911604
IND_cluster_20730,IND,19.78079757364508,74.48099816914375,0,96457.93265708315
IND_cluster_22900,IND,8.906878862391478,77.7498800363061,0,3838.0387899063685
IND_cluster_22906,IND,8.9660579840914,77.90312330113885,0,21013.172360249457
IND_cluster_4185,IND,33.88799701667332,74.97360882035937,0,173616.94747312518
IND_cluster_4956,IND,23.726139854649148,76.0150965558735,0,195806.87295562302
IND_cluster_4854,IND,22.59131468252913,77.72248942646745,0,218615.19105507887
IND_cluster_5829,IND,28.36914155049598,77.36935918301027,0,176321.41698697422
IND_cluster_5828,IND,28.39964121299757,77.3697952916928,0,176732.21327001278
IND_cluster_5858,IND,28.498220713282688,77.43306316728817,0,184445.98349676206
IND_cluster_9525,IND,29.455510314333665,73.87190833976021,0,8232.900184459098
IND_cluster_9524,IND,29.38157592216169,73.89565223423676,0,7697.480530178119
IND_cluster_9535,IND,29.41790233048221,73.85136926246251,0,3884.96820708725
IND_cluster_26710,IND,24.587244586479216,81.00000340086338,0,242153.33632619496
IND_cluster_26787,IND,25.101503700452188,82.35740534680623,0,295188.44901604514
IND_cluster_27787,IND,27.88083623983275,79.74096507749638,0,91941.83960082087
IND_cluster_29841,IND,20.68642050856232,78.39064569342803,0,1520.6559602668935
IND_cluster_29628,IND,11.120646693238266,78.68730517565686,0,65530.25823157804
IND_cluster_35999,IND,9.359442151855118,78.37629395511279,0,1784.235388604227
IND_cluster_36071,IND,9.304886988430344,78.41173356336736,0,1850.6294283581851
IND_cluster_36098,IND,8.964650242048505,78.20864040203213,0,42542.240796416314
IND_cluster_36145,IND,8.701760373690119,78.105164787942,0,49019.43590096903
IND_cluster_39337,IND,10.342094353495131,79.82890392317084,0,170445.05026871173
IND_cluster_39343,IND,10.344940580153883,79.83938060814984,0,170442.93362931104
IND_cluster_39352,IND,10.342106673170264,79.84520923898721,0,170918.1144292888
IND_cluster_39344,IND,10.33761357574477,79.84313924949001,0,171338.10375457723
IND_cluster_39354,IND,10.343417943127312,79.84067317637728,0,170643.94991215234
IND_cluster_39370,IND,10.343044230342969,79.82419458706812,0,170209.21725359996
OMN_cluster_10,OMN,23.19680314568746,56.4378982839028,0,199110.0852348631
SAU_cluster_610,SAU,24.04988278748444,38.15874871461393,0,273502.08004588954
SAU_cluster_626,SAU,23.97376651063382,38.27884225962625,0,276689.3431537146
SAU_cluster_745,SAU,28.188551537864104,36.68807708621826,0,18424.04218783137
SAU_cluster_84,SAU,28.78964647415265,36.45135265437692,0,52787.57029431087
SAU_cluster_760,SAU,28.19537990190529,36.68553014494159,0,17643.51266733209
SAU_cluster_1430,SAU,18.236976190389544,42.83680478565,0,1700.2760898748581
SAU_cluster_81,SAU,28.78958958719405,36.44839261430718,0,52857.94509490009
SAU_cluster_1431,SAU,18.2397075382268,42.83657086240744,0,1726.4643142937084
SAU_cluster_1463,SAU,18.32441175285263,42.55215778995445,0,25975.385330351513
SAU_cluster_1445,SAU,18.233613848417576,42.828081878760656,0,2611.9884454828134
SAU_cluster_1625,SAU,17.490180658242785,47.153844254351,0,381450.35273981374
SAU_cluster_1684,SAU,16.97736431467519,42.90771773690216,0,137360.7541342298
SAU_cluster_1626,SAU,17.515808696471474,47.12157968675975,0,380304.1571041973
SAU_cluster_1962,SAU,25.02391470457649,43.8232910502647,0,83053.7393145155
SAU_cluster_2210,SAU,26.325151031754856,43.77722981412355,0,9290.592785520006
SAU_cluster_2214,SAU,26.32515010717988,43.784153308338176,0,8903.477808217676
SAU_cluster_2221,SAU,26.322580783801232,43.77874056898651,0,9438.184324328024
SAU_cluster_2743,SAU,26.394417581396823,43.88168834318537,0,4958.194460670147
SAU_cluster_3478,SAU,24.42770295192694,47.03231676167043,0,33605.193406134546
SAU_cluster_4004,SAU,24.874147679748567,46.5577273813854,0,38860.80900918179
SAU_cluster_4178,SAU,24.81811044235936,49.35772855120249,0,62291.45698409367
SAU_cluster_4509,SAU,26.572747866921112,49.82965872296634,0,138782.49646841845
SAU_cluster_4515,SAU,26.93388871134707,49.49205222768899,0,173371.24508007217
SAU_cluster_4769,SAU,26.3093084068635,49.99015209394008,0,117650.03298742391
SAU_cluster_4802,SAU,26.326811851193654,50.106436590759934,0,125186.46519075608
SAU_cluster_4754,SAU,26.31079743486892,49.99249493620022,0,117906.30080814315
SWE_cluster_423,SWE,60.07463713458549,15.013798073819842,0,348885.5823924381
VEN_cluster_2488,VEN,11.67944353431798,-70.15221166333983,0,192570.11756060796
VEN_cluster_3004,VEN,9.957930483596076,-69.18813231671186,0,24761.296215108963
VEN_cluster_399,VEN,10.551432562326314,-71.72672497637828,0,17150.865010362977
VEN_cluster_775,VEN,10.512531267168184,-66.88479808502747,0,14979.586630518414
VEN_cluster_902,VEN,10.26563680407001,-67.99901123310724,0,57669.34102208411
VEN_cluster_4085,VEN,10.650788793793456,-63.41289129038331,0,389163.91366103163
DZA_cluster_2696,DZA,36.73470265358695,3.99592112493276,0,21925.008982644184
ETH_cluster_271,ETH,7.837084788899831,38.701507803056046,0,99396.92764188633
IND_cluster_23113,IND,12.93550911483382,77.72271126660196,0,33635.32094884585
IND_cluster_39345,IND,10.334020279491238,79.8138796463203,0,170892.18249713848
SAU_cluster_965,SAU,21.33404832538752,39.941136133357126,0,56637.158330731625
BEN_cluster_60,BEN,7.193532745252497,2.024825064320536,0,37477.11538823506
MMR_cluster_16,MMR,22.233506342538167,95.10037584736946,0,82690.39751439045
MMR_cluster_158,MMR,20.98163354134716,95.99191163934074,0,18086.702679463702
MMR_cluster_68,MMR,22.0612464657067,94.35502260897384,0,131584.3618366298
MMR_cluster_89,MMR,19.06841101933472,95.63030777508206,0,39314.34379869766
MMR_cluster_90,MMR,18.78182893167104,95.18828847563684,0,62551.66615307952
MMR_cluster_93,MMR,19.06751214749887,95.63090464719572,0,39432.33394954015
MMR_cluster_211,MMR,22.04795409681882,96.62439740005264,0,114789.57209856588
MMR_cluster_190,MMR,22.12415238334475,96.18108469002571,0,88270.43253489815
MMR_cluster_204,MMR,22.04885618914973,96.58458127192196,0,112853.1018380203
MMR_cluster_214,MMR,22.0280807773649,96.4440223759578,0,105134.89384503901
MMR_cluster_478,MMR,16.70420491611653,96.26318566241196,0,3418.848419894032
MMR_cluster_513,MMR,20.42241964178453,99.5682281517914,0,46208.22641541024
MMR_cluster_549,MMR,20.79810440599621,97.197032236868,0,114931.94796402559
MMR_cluster_501,MMR,18.438638055750257,96.44007340098932,0,131614.60408102692
MMR_cluster_583,MMR,19.91617873545788,96.26884421869678,0,26304.953222504235
MMR_cluster_565,MMR,19.837389884263608,96.18492690065258,0,37738.77958114839
MMR_cluster_585,MMR,20.208885860855005,96.33776464081524,0,7502.051288808966
MMR_cluster_569,MMR,19.83446620569468,96.1859622528818,0,37983.26032088019
MMR_cluster_571,MMR,19.82238497803115,96.18225315112424,0,39361.98552272756
MMR_cluster_567,MMR,19.8405701397712,96.18101686213664,0,37606.042130581605
MMR_cluster_654,MMR,19.013523627337733,96.40498961888434,0,109244.13865344421
MMR_cluster_662,MMR,19.812416590160684,96.18987526572003,0,40036.42406284426
MMR_cluster_708,MMR,19.8996587315264,96.26844181750144,0,28073.919286311793
MMR_cluster_705,MMR,19.799339307886395,96.18638853969526,0,41514.786400297206
NIC_cluster_190,NIC,12.43679306029304,-86.90415372011698,0,34307.791015206545
POL_cluster_1032,POL,50.90043536927897,16.571854892910476,1,13757.611400775062
POL_cluster_1153,POL,50.76105737094347,17.433020028369288,1,33893.66131488
POL_cluster_1170,POL,50.4712021883872,17.156208057872416,0,53120.54783889033
POL_cluster_12,POL,51.79744372838524,17.68258049777041,1,16575.57945757303
POL_cluster_1165,POL,50.45165121891972,17.357774412810997,0,38806.37021728627
POL_cluster_1199,POL,50.31018657529384,17.39144231530089,0,34898.53239890965
POL_cluster_1219,POL,50.48824546339256,17.342717525059427,0,41191.22958192746
POL_cluster_1228,POL,50.29235400751923,16.87801069761835,0,32780.006935400466
POL_cluster_1260,POL,50.69667889697466,17.91145245565458,0,5553.704877304432
POL_cluster_1294,POL,50.69471991085592,17.913190961314214,0,5402.26265828259
POL_cluster_1300,POL,50.6958211080502,17.916039660326874,0,5598.228742432956
POL_cluster_1335,POL,50.74810978404128,17.61729419743322,0,21545.750483267817
POL_cluster_1366,POL,50.41707248202125,17.972221330739696,1,9554.614272664985
POL_cluster_1372,POL,50.27461325023961,17.916713883447763,1,8403.395439667685
POL_cluster_1323,POL,50.72941810925225,17.882471724367512,1,8778.685073597448
POL_cluster_141,POL,51.57519652605512,16.85444701704755,2,23533.07122040208
POL_cluster_1345,POL,50.68781675052654,17.883337924399722,0,4154.519996272397
POL_cluster_1400,POL,50.59762212659099,17.653520653367455,0,17124.67086404849
POL_cluster_1430,POL,50.63168931648671,17.697784668266383,1,13124.809345463307
POL_cluster_1434,POL,50.30680949578659,17.80840164276768,1,6713.558401871847
POL_cluster_1489,POL,50.64911703288555,17.591270422950995,1,20465.409466484958
POL_cluster_15,POL,51.63214750681328,16.827523974778572,1,27365.024008848344
POL_cluster_1499,POL,50.6645885759293,17.606924863631857,1,19421.50565872549
POL_cluster_1495,POL,50.6425481573271,17.66629716528249,1,15201.783458218018
POL_cluster_1465,POL,50.31797853931436,17.599011555352465,0,20178.53869136069
POL_cluster_1554,POL,52.36253765265807,17.138360964539835,0,15567.706115577497
POL_cluster_1564,POL,52.21416518693971,16.783090646866796,1,28245.452769790085
POL_cluster_1565,POL,52.223016366774,16.68199255282618,1,22374.582591699804
POL_cluster_156,POL,51.146144514339525,17.110947546167633,0,7814.369785753614
POL_cluster_1563,POL,52.28720812984623,16.66896569835704,1,25919.40232434217
POL_cluster_157,POL,51.07534742929431,17.08363118974142,0,7677.330774937132
POL_cluster_1573,POL,52.51838657543999,16.97529007519768,0,13900.481575249138
POL_cluster_1560,POL,52.2826888797347,16.693913045461375,1,26840.565128650094
POL_cluster_1577,POL,52.3913328273611,16.772123588937703,0,32921.82542393157
POL_cluster_1606,POL,52.60425841373908,16.76053919963636,0,27761.44671748389
POL_cluster_1591,POL,52.32096752016454,16.91624313625979,0,29215.915153251735
POL_cluster_1616,POL,52.313065621224766,16.79516413779831,0,34323.61482013652
POL_cluster_1637,POL,52.5442393014695,16.940392022964343,0,15436.94360703709
POL_cluster_1629,POL,52.40254335824433,16.82584832295118,0,29261.277192916536
POL_cluster_1669,POL,52.47178599621199,16.894166807253967,0,21107.638469789872
POL_cluster_1648,POL,52.65158011701395,16.79178026580381,0,27070.204450576937
POL_cluster_1691,POL,52.404920260537054,17.160222749002056,1,16984.22130496506
POL_cluster_1702,POL,52.53572870892257,16.94244471897087,0,15469.820634145366
POL_cluster_1744,POL,52.329331097369725,16.527627765853378,1,24396.219723584305
POL_cluster_1727,POL,52.26562913087639,16.704229768288965,1,26211.232673544953
POL_cluster_1826,POL,52.44130390046958,16.17249159952084,1,27419.679302752258
POL_cluster_1852,POL,52.44962798623416,16.20907652220575,1,29314.787494747165
POL_cluster_186,POL,51.24253565622048,17.08556317170928,1,1467.539855361609
POL_cluster_189,POL,51.125463159011886,16.88169541126638,0,19020.672523144025
POL_cluster_1896,POL,52.27067910958941,16.6448686512043,1,23464.796968695104
POL_cluster_1878,POL,52.290737411789614,16.722650639275304,1,28914.24620335762
POL_cluster_190,POL,51.02763837622043,16.966067243467425,0,17297.147096579807
POL_cluster_1910,POL,52.59868310046573,16.586170797251285,0,39375.057054967205
POL_cluster_1926,POL,52.277235682511424,16.671017613684395,1,25268.493534026155
POL_cluster_1946,POL,52.25188117319609,17.165050545933536,1,13440.00397383671
POL_cluster_1975,POL,52.40589589780222,17.32188151536249,1,11667.052467166035
POL_cluster_1995,POL,52.18300226793544,17.41584934294468,1,14077.914646154653
POL_cluster_2019,POL,52.15887474195768,16.05329332770428,1,4804.716017345458
POL_cluster_2027,POL,52.08842602432988,17.1517455256044,1,27144.501494428485
POL_cluster_203,POL,51.10990620135998,16.910097418115903,0,19110.535554712147
POL_cluster_2023,POL,52.22447914794866,16.200510687707936,1,8276.823210987146
POL_cluster_2051,POL,52.088250670243696,15.960275567540297,1,14144.195214071882
POL_cluster_2085,POL,52.1224486862814,16.329834333979083,1,4458.676099940503
POL_cluster_2058,POL,52.07623553530469,17.132756920510058,1,28962.481834795795
POL_cluster_2097,POL,51.79674329167344,16.325548191741234,0,32341.27960592991
POL_cluster_2141,POL,51.89359204125752,16.210844954352645,1,21742.731500343783
POL_cluster_2162,POL,52.14387142619085,15.973376906344212,1,10495.11821545287
POL_cluster_2188,POL,52.07408804475102,17.010851168552787,0,34062.86708064376
POL_cluster_215,POL,50.99629249311939,16.87755161353191,0,13885.526300744814
POL_cluster_217,POL,51.08560533149112,16.910177968311412,0,19484.905017779143
POL_cluster_2265,POL,52.245395059065416,16.22826341153586,1,11273.275884024448
POL_cluster_2271,POL,52.11414763038775,17.204041338449706,1,22978.70865756989
POL_cluster_2279,POL,52.00326308272658,15.945900928371048,1,10295.762540988691
POL_cluster_2304,POL,52.2248894610745,16.261686842755445,1,11442.119267657657
POL_cluster_2320,POL,51.67857760850022,16.544925276842307,0,47354.36184392765
POL_cluster_2372,POL,52.15547642894028,16.04783109763976,1,5253.965863262851
POL_cluster_2417,POL,52.25994536636271,15.890375878168522,0,18848.849374452322
POL_cluster_2420,POL,52.08088285242511,15.85850675547431,1,18520.681622600743
POL_cluster_243,POL,51.20431318420673,17.363180092966854,0,17153.54869980042
POL_cluster_2418,POL,52.08648801283484,15.857308995921269,1,19149.27465501036
POL_cluster_2449,POL,52.15516459025852,15.942210097044883,1,12361.336771074977
POL_cluster_2525,POL,52.333677454554255,17.90009512371579,1,5602.534796399405
POL_cluster_2531,POL,52.39287097848726,17.860212609585613,0,9025.138371435049
POL_cluster_2530,POL,52.20213038997829,17.533977469105828,1,9611.839000239182
POL_cluster_2558,POL,52.43199260206717,17.606356439612274,0,22899.41143815911
POL_cluster_2540,POL,52.38645725856269,17.86494137534496,0,8409.566722955245
POL_cluster_2664,POL,52.489581707861376,17.68097588444436,1,25115.557176845265
POL_cluster_2610,POL,52.41532591663178,17.893940737368407,0,8883.864076314016
POL_cluster_268,POL,51.04455921191305,17.057367462577638,0,10789.967427964957
POL_cluster_269,POL,51.05267372304332,17.05924377409176,0,10227.146706243773
POL_cluster_2615,POL,52.274794424191846,17.98138697850364,1,8720.719315321345
POL_cluster_2672,POL,52.24413173753567,17.87383860270768,1,13977.671717445766
POL_cluster_2731,POL,51.61560431104396,16.359965565890537,0,46202.230161246305
POL_cluster_2734,POL,51.644064438229776,16.073540845911936,0,32604.35298596188
POL_cluster_2788,POL,51.66337457021696,16.119535492238313,0,32016.307018103675
POL_cluster_2786,POL,51.71320276242022,15.807468492024888,1,23348.944546169972
POL_cluster_2807,POL,51.7433165972746,15.606142996573167,0,27660.623304906465
POL_cluster_2814,POL,51.87685339802997,15.676304896880067,1,15687.672213426977
POL_cluster_2852,POL,51.62788325609742,15.280550277147812,0,44624.8949581114
POL_cluster_2835,POL,51.73941819930309,15.663338540535175,1,25314.804869951342
POL_cluster_2856,POL,51.66646512333845,15.314518071710667,1,45559.56683570636
POL_cluster_2862,POL,51.59559215490835,15.37349195492122,1,37344.329567489985
POL_cluster_2858,POL,51.61988251373589,15.3985908235587,0,37783.79814162167
POL_cluster_2875,POL,51.62973614332951,15.275856459774229,0,45007.85403619122
POL_cluster_2876,POL,51.551456871939166,15.582086355146398,0,23530.6831949006
POL_cluster_2866,POL,51.64196233189299,15.120716548605396,0,38253.957720077706
POL_cluster_2923,POL,51.62931971590257,15.28019564926835,0,44739.90602525278
POL_cluster_289,POL,51.25843155895704,17.03840996420054,1,2279.419270964404
POL_cluster_2948,POL,51.62931681159074,15.284928627991947,0,44478.34016698779
POL_cluster_2955,POL,51.45922305008849,15.400256020958723,0,28634.304629030506
POL_cluster_2917,POL,51.467895871205535,15.401702586988732,0,28819.822511953753
POL_cluster_2972,POL,51.46462009330291,15.397772398405593,0,28970.060068840066
POL_cluster_3014,POL,51.2229975741836,15.55416935021095,1,24887.379234500077
POL_cluster_3017,POL,51.06588495055643,15.797298775520566,1,35764.06334751757
POL_cluster_3032,POL,51.53986237027237,15.757818413537516,0,17154.80286562876
POL_cluster_3052,POL,50.921943381737606,16.101490734050444,0,26197.60737880702
POL_cluster_3073,POL,51.39390523450004,16.231019294514752,0,30130.389139905892
POL_cluster_3028,POL,51.418737716907735,16.191081955843853,0,27562.973732265717
POL_cluster_3181,POL,51.50393216645946,16.087012519070345,0,23912.37818597574
POL_cluster_3209,POL,51.30133931787266,15.71671146625078,0,11083.672987042066
POL_cluster_323,POL,51.19684706238437,16.979661039488573,0,8568.87242099598
POL_cluster_3233,POL,51.251963334841065,16.081951091644555,1,24891.96293450565
POL_cluster_3361,POL,51.38670236649707,15.606607578978542,0,13204.922915768926
POL_cluster_3396,POL,51.26258988392198,15.58766883573456,0,20108.201067952064
POL_cluster_3468,POL,53.77766785699702,15.836466577492164,0,68497.01650481562
POL_cluster_3483,POL,54.036233305521975,15.87786696734435,0,84257.15708845925
POL_cluster_3476,POL,54.0112752582674,15.954638142355885,0,86809.526834419
POL_cluster_3610,POL,53.531273253005565,16.024659350797346,0,72883.35619412588
POL_cluster_3638,POL,53.67569893159908,16.920181694023945,0,59284.2693266454
POL_cluster_3615,POL,54.06574704794483,16.29611656066451,0,109065.34369464054
POL_cluster_3623,POL,54.31043291171833,16.45363562220331,1,99580.80120677763
POL_cluster_3677,POL,53.68203984339678,16.712649262973294,0,61373.543946973776
POL_cluster_3661,POL,54.212877795655565,16.188331932714032,0,112252.76276221569
POL_cluster_3719,POL,53.95189379524995,16.5901175593851,0,92417.04544548785
POL_cluster_3678,POL,54.164417777019445,16.18001040331439,0,108572.50156682005
POL_cluster_373,POL,51.05930240920563,16.97080725958627,0,15748.8299900364
POL_cluster_3898,POL,53.338591909102114,15.430906986950667,2,47067.83405523001
POL_cluster_3900,POL,53.47174756949365,15.762729103593154,0,61579.78306805553
POL_cluster_3904,POL,53.04835034470399,16.4980376082897,1,29345.45425302092
POL_cluster_3899,POL,53.29813147195558,15.16345531162461,1,37837.57809995625
POL_cluster_3929,POL,53.41149613847843,16.098725401771,2,61589.593501137424
POL_cluster_3961,POL,53.26320640793412,16.462793158454527,0,32578.605768529003
POL_cluster_3995,POL,53.33526336630148,15.565178333323384,1,54759.04634420835
POL_cluster_3998,POL,53.273894997501614,15.080429788102949,1,37568.94526106123
POL_cluster_4034,POL,53.26459416145145,16.468367191488984,0,32304.70559008602
POL_cluster_4028,POL,53.45659826877602,15.740472046144514,0,60517.066099793476
POL_cluster_4081,POL,53.37136663742799,16.082686790905573,0,60540.49353640119
POL_cluster_4123,POL,52.70594810722504,15.430189728388545,1,30934.598678445014
POL_cluster_4125,POL,52.66282494438104,16.147756397029703,1,26333.198655950826
POL_cluster_4122,POL,52.68865862580654,16.191435738279473,1,30320.16146597082
POL_cluster_4140,POL,53.06708929870236,15.48480789017721,1,59834.55345354631
POL_cluster_4221,POL,52.69201679478664,15.375299183012755,1,32528.8234431486
POL_cluster_4230,POL,52.58009965717576,15.49225987834804,0,21581.87490233752
POL_cluster_4309,POL,53.04535254269696,15.28343201718884,1,49819.418743506234
POL_cluster_4293,POL,52.63593685706325,15.885248843463804,1,11150.611153216549
POL_cluster_4423,POL,52.85323716400124,17.94605143583292,0,16640.571097227916
POL_cluster_4432,POL,52.85589451507392,17.9452776019042,0,16385.472608559296
POL_cluster_4401,POL,53.06120100209086,17.902540403717236,1,11815.499727197624
POL_cluster_4483,POL,53.06434828310658,17.89774654177753,1,12286.279390580356
POL_cluster_450,POL,51.07917579858832,16.89728432464089,0,20436.817779640864
POL_cluster_4501,POL,52.984865580381886,17.127706922659883,1,22847.452725645526
POL_cluster_4387,POL,53.26478144456626,16.62214602385992,2,23420.178805810978
POL_cluster_4455,POL,53.06463691333725,17.896690493890837,1,12360.77911886354
POL_cluster_4466,POL,53.06401426679963,17.898717845641833,1,12212.827527936819
POL_cluster_4566,POL,52.86388205202281,17.192566541739094,1,33320.597739793295
POL_cluster_4636,POL,53.153392390383374,16.6885296480926,0,14722.728362982252
POL_cluster_4641,POL,53.46616500959571,17.534743909587093,0,55006.48136650536
POL_cluster_4643,POL,53.2713927915844,17.59476583330497,2,42819.41572494891
POL_cluster_4728,POL,52.5679188073413,17.247287002072,2,5489.6905011181225
POL_cluster_473,POL,51.04411474388424,17.85715462280648,2,43804.56163917954
POL_cluster_4831,POL,54.19233881628134,15.672659701731302,0,86624.34544726355
POL_cluster_4828,POL,54.19067951842092,15.667785902282173,0,86281.9167010715
POL_cluster_4909,POL,54.43502493352423,16.75284280419345,1,84307.95021931897
POL_cluster_4895,POL,54.56915029718972,16.815301756378062,0,87168.25615446373
POL_cluster_4904,POL,54.47105825009362,17.102016080654735,0,65689.39984158103
POL_cluster_4951,POL,54.45299082554681,16.772376446129687,1,83862.94374261977
POL_cluster_4998,POL,53.935374238859374,14.988975803372256,1,40278.24198096837
POL_cluster_5043,POL,53.963277241698,15.382995242691138,2,54944.32978605295
POL_cluster_5036,POL,53.94253543661591,14.955827690208054,1,40624.542855100255
POL_cluster_5058,POL,53.29103153208383,14.796706857295035,1,25794.38857449281
POL_cluster_506,POL,50.933491916191855,17.26652662133842,0,18828.24642140747
POL_cluster_5060,POL,53.81531603435269,14.956506667586924,1,26811.767582895278
POL_cluster_5072,POL,53.69327984824813,15.113828074577832,1,21310.49121950812
POL_cluster_5067,POL,53.66193435020107,15.045402660521711,1,15620.686758993754
POL_cluster_5080,POL,53.67874054173647,15.016338279163488,1,15319.294448133665
POL_cluster_5094,POL,53.6523471720311,15.479010953185862,1,42210.64303517562
POL_cluster_5077,POL,53.713361596436215,15.09929294781398,2,21943.99641570169
POL_cluster_5120,POL,53.579266197938445,15.070205192955555,1,14545.335823058727
POL_cluster_5135,POL,53.81389451421182,14.958253767128696,1,26689.767461004136
POL_cluster_5140,POL,53.59333345318746,15.040661220990645,1,12644.736804023634
POL_cluster_5158,POL,53.57642214441095,14.747154152544022,1,6820.377140762937
POL_cluster_5162,POL,53.526335736958806,15.030074345981165,1,13442.924654753398
POL_cluster_5180,POL,53.47722051097328,15.066182912673602,1,18481.136437189507
POL_cluster_5218,POL,53.85333618841523,14.870891312898534,1,30136.95164095911
POL_cluster_5216,POL,53.58193292073869,14.549998610277909,0,19800.27064409806
POL_cluster_5203,POL,53.39835675771271,14.76888973632004,0,21176.123750159433
POL_cluster_5225,POL,53.36520621946875,14.594685145366928,0,13840.993970683323
POL_cluster_5214,POL,53.61200260254132,14.736260898170706,1,8183.622484994935
POL_cluster_5229,POL,53.48652996109608,14.575969680666743,0,21022.063616569358
POL_cluster_5230,POL,53.8941241498306,14.24088234630667,0,33400.35041093514
POL_cluster_5226,POL,53.36072080684878,14.593186034985491,0,13529.610125995992
POL_cluster_5234,POL,53.84337748690063,14.611465730353077,0,32972.405230229946
POL_cluster_5249,POL,53.55256767103536,14.554516660620138,0,19792.258199960448
POL_cluster_5251,POL,53.50911034261211,14.49081883454223,1,23006.747681414716
POL_cluster_5253,POL,53.37344381438778,14.474393130328634,0,8458.434641273174
POL_cluster_5267,POL,53.96663974445458,14.849985489380575,1,42704.19110516494
POL_cluster_5263,POL,53.47299552706324,14.518228320706548,0,19715.44396115521
POL_cluster_5264,POL,53.4761701769169,14.513086118424791,0,19924.345767413066
POL_cluster_5333,POL,51.95259841219763,15.466975376256697,0,29693.903181592417
POL_cluster_5337,POL,51.754263793850726,15.007083454146835,0,36167.693666117855
POL_cluster_5344,POL,52.01951432295929,15.385950913589015,0,36790.92883057488
POL_cluster_5389,POL,51.802693901799536,15.249151948426915,0,46170.288401740705
POL_cluster_5454,POL,51.82720903094758,15.014046126694796,2,41746.74454355616
POL_cluster_5343,POL,52.308417978522165,15.414072779004425,1,37648.42564956802
POL_cluster_5443,POL,51.79720640826277,14.92081168020121,1,34888.73472848267
POL_cluster_5444,POL,52.06856167462114,15.585804162555965,0,27186.695212282844
POL_cluster_5521,POL,52.57906902455611,14.639199044326912,0,19664.104655651427
POL_cluster_5561,POL,52.44259127399051,15.183806478205335,0,31383.018062380102
POL_cluster_5585,POL,52.42007917201474,15.172811564443828,0,32952.949784858174
POL_cluster_5579,POL,52.503704325458486,15.410078540657356,2,27296.20652786091
POL_cluster_5696,POL,52.9806513535865,14.413254674265128,2,16094.32547773089
POL_cluster_5691,POL,53.294713796011095,14.56863381640818,1,10670.979376263918
POL_cluster_5730,POL,52.75838200351605,14.54774125534717,1,25663.583719507704
POL_cluster_630,POL,51.42027128503069,17.67514795816874,2,35914.86675640989
POL_cluster_765,POL,50.85684396171069,16.334743644115115,0,8497.750601217665
POL_cluster_812,POL,50.74282272512355,16.64501041081761,0,16871.45945335177
POL_cluster_767,POL,50.86868647025784,16.316313925330842,0,10332.949654009923
POL_cluster_770,POL,50.53616892466013,16.897817460045456,0,40657.57710876277
POL_cluster_831,POL,50.43081662172474,16.66583177000958,0,32639.598050844703
POL_cluster_884,POL,50.44332285462464,16.2557070005227,0,22764.846154116713
POL_cluster_10157,POL,50.19150341987345,20.29149536808557,0,95008.34310368863
POL_cluster_10024,POL,51.01490810277094,22.53937277582496,0,77048.38043421779
POL_cluster_10015,POL,51.1104806445422,22.3672376670866,0,61499.397673801795
POL_cluster_10184,POL,50.09855142868034,19.854588016081387,0,67715.88022096797
POL_cluster_10186,POL,50.21905270615297,20.317511531535903,1,96383.6556140945
POL_cluster_10296,POL,50.1603594725662,19.4797905539706,0,40542.89942872475
POL_cluster_10251,POL,50.32893707082128,19.234549345712228,0,18671.05134766017
POL_cluster_10213,POL,50.193102116276805,20.285287056804385,0,94543.09827010131
POL_cluster_10328,POL,50.34191783580276,19.558980420023428,0,41731.41576676765
POL_cluster_10253,POL,50.32963610100661,19.22714417024284,0,18147.10797828588
POL_cluster_10327,POL,50.32671329483081,19.23412708242764,0,18638.241814666253
POL_cluster_10248,POL,50.40444488361702,19.28232204166952,1,23720.531944922637
POL_cluster_10301,POL,50.326714189969486,19.22918737041522,0,18287.587071437723
POL_cluster_10287,POL,50.3280476844829,19.229940610462272,0,18342.397206536116
POL_cluster_10331,POL,50.328565671441815,19.238678588002585,0,18963.428568508974
POL_cluster_10291,POL,50.224590323281774,19.23784726151085,0,22004.838148022132
POL_cluster_10369,POL,50.37078579910252,19.77268592618891,0,57064.35174023202
POL_cluster_10360,POL,50.49521591928582,19.4576645135078,0,39270.41450989667
POL_cluster_10370,POL,50.61830626266326,19.82879407980276,1,61259.45766288677
POL_cluster_10423,POL,50.55516608193097,19.426070053667296,2,41079.33261534611
POL_cluster_10380,POL,50.43224845299788,19.38748548700209,0,31786.4703427373
POL_cluster_10511,POL,50.86545934985386,20.01041621305346,1,40938.62951264011
POL_cluster_10526,POL,50.56552254706915,20.15541411618544,1,74662.2894850204
POL_cluster_10491,POL,50.65270907224713,19.374068070567528,1,46192.04074638601
POL_cluster_10537,POL,50.581214506548655,20.394617049077365,1,82497.67017911852
POL_cluster_10605,POL,50.66976734807699,20.289794352664103,1,70190.86631975805
POL_cluster_10557,POL,50.46666052080574,20.730679596499183,0,107787.48447146032
POL_cluster_10652,POL,50.688172314971744,20.46026952231902,1,76893.65694899193
POL_cluster_10783,POL,54.37756670230425,18.523781940683897,0,20430.47234281042
POL_cluster_10846,POL,54.13284447741829,19.020522796802823,0,15291.566113464045
POL_cluster_10872,POL,54.40335918892868,18.400286106859,0,15928.995299831813
POL_cluster_10865,POL,54.37733150226399,18.51931648865199,0,20162.014020448463
POL_cluster_10819,POL,54.07265879295483,18.45552925856444,0,14889.752586071323
POL_cluster_10922,POL,54.387143884818514,18.384980378761096,0,13912.27044662891
POL_cluster_10931,POL,54.369982439128734,18.385216392132044,0,12545.94950523099
POL_cluster_10972,POL,54.07000894933045,18.081615349586656,1,7480.077323102886
POL_cluster_11061,POL,54.00411086732588,18.39160812998092,1,8283.131684967086
POL_cluster_10995,POL,53.9033314899452,18.791075537922428,1,14321.905630754154
POL_cluster_11049,POL,53.887387431442455,19.06432761212907,2,17229.965493324424
POL_cluster_11030,POL,53.722455563183935,18.614582095058307,1,37526.42671846734
POL_cluster_11024,POL,53.50688127162704,18.641511487110392,0,42285.149474221435
POL_cluster_11047,POL,53.39566926849494,18.30104040383865,0,37311.18256136005
POL_cluster_11104,POL,53.88606404806635,19.06631200930448,2,17425.563801283897
POL_cluster_11097,POL,53.88816021742507,19.067413155461235,2,17281.776709055623
POL_cluster_11086,POL,53.9640554669208,18.495388542822106,0,15544.99482232916
POL_cluster_11093,POL,53.52598862424973,18.67469698510014,1,42700.13268242263
POL_cluster_11083,POL,53.50097729203828,18.319158233650363,1,49082.20231032296
POL_cluster_11180,POL,53.06489184500192,18.269116708750705,1,1733.3431099586608
POL_cluster_11185,POL,53.07243077266925,18.17051100633657,1,1304.3402311798607
POL_cluster_11173,POL,52.81950580848153,18.224077999265027,0,10181.392961041958
POL_cluster_11236,POL,54.600450652836486,18.28323982447373,0,34319.42167068954
POL_cluster_11274,POL,53.5190170830165,23.21083523030838,1,58272.06529946837
POL_cluster_11225,POL,54.724468550504646,18.07765677953162,0,49208.13373694813
POL_cluster_11158,POL,53.069380428792485,18.174821497547505,1,1425.2518961926987
POL_cluster_11280,POL,53.53489443826404,23.320499932391943,1,58072.69766568178
POL_cluster_11329,POL,52.98527424864548,20.19830282988224,1,8612.51738886685
POL_cluster_11330,POL,52.96667563081598,20.19076641516088,1,10047.372498569255
POL_cluster_11327,POL,52.93479988503388,20.30691033251602,1,9079.61086981277
POL_cluster_11333,POL,52.96800707998974,20.15800967693349,1,11873.223787955185
POL_cluster_11337,POL,52.94593598753049,20.797791102171125,1,33172.47764118354
POL_cluster_11336,POL,52.97380232376057,20.330019869663868,1,4810.140194781032
POL_cluster_10791,POL,54.26854285352516,18.606579411454497,0,23668.091009043103
POL_cluster_11343,POL,52.96132391276269,20.141905698984885,1,13172.539466938519
POL_cluster_11340,POL,52.79477425315523,20.547602743827976,1,21255.050075921343
POL_cluster_11345,POL,52.964973834513565,20.14308127546989,1,12918.213858261317
POL_cluster_11341,POL,52.78685847331872,20.270585860156466,1,3069.5975101119648
POL_cluster_11338,POL,52.9493118242842,20.22016906429184,1,9838.615523734044
POL_cluster_11364,POL,52.98539663844706,20.202580792851744,1,8345.322983755455
POL_cluster_11389,POL,52.92477238382394,20.086573256306128,1,16836.17890057094
POL_cluster_11359,POL,52.93525457315928,20.096183028694984,1,17270.39216843397
POL_cluster_11366,POL,52.82107466664894,20.415857025187965,1,12576.153131379391
POL_cluster_11399,POL,52.96443369358543,20.077395530873773,1,16994.8649054812
POL_cluster_11406,POL,52.954679743386095,20.29137058244296,1,7047.229639281118
POL_cluster_11419,POL,53.02305321207418,20.29445153356018,1,1642.5632848229948
POL_cluster_11412,POL,52.8873150158911,20.241013426507298,1,9589.659624601927
POL_cluster_11422,POL,52.96590830890774,20.07912097737691,1,16830.753839992572
POL_cluster_11423,POL,53.092134237757854,20.06636246407613,1,13538.278009509426
POL_cluster_11426,POL,53.18994538958199,20.44711422961036,1,14764.508789009107
POL_cluster_11433,POL,53.03651775513658,20.323973677199533,1,2310.845963284098
POL_cluster_11427,POL,53.08506009607511,20.06916650441023,1,13584.756833017602
POL_cluster_11456,POL,53.10644349372659,20.34171840514148,1,3192.3795618031227
POL_cluster_11494,POL,53.1080987289725,20.34220617646661,1,3374.633815959683
POL_cluster_11473,POL,53.00889588511705,20.88919950356992,0,38338.01445194425
POL_cluster_11532,POL,53.17125501780848,20.413803200878387,1,11817.014579614288
POL_cluster_11440,POL,53.07489588882408,20.346438553105084,1,1675.177820418148
POL_cluster_11554,POL,53.31091282773561,20.295962645572565,1,25732.535983359754
POL_cluster_11565,POL,53.17273927058887,20.41536097355399,1,12011.953832416391
POL_cluster_11575,POL,53.07654962493677,20.425211366777617,1,6846.708633547627
POL_cluster_11624,POL,52.71341119012103,21.37559724917284,0,66871.27894037389
POL_cluster_11654,POL,53.38738416037292,22.779701040193483,1,44321.3713759655
POL_cluster_11610,POL,52.70212117008143,21.06558507057029,0,57199.1764567205
POL_cluster_11640,POL,53.390236905527466,22.7372634601332,1,45618.26148046575
POL_cluster_11674,POL,53.4194047096281,22.802598511166025,1,47257.29462724331
POL_cluster_11681,POL,53.49524529643103,23.18728657853156,1,55334.67542725576
POL_cluster_11736,POL,53.40192819761144,21.912333654773807,1,82762.07214958714
POL_cluster_11825,POL,53.13944795204127,23.23137374258976,0,21189.516256032726
POL_cluster_11866,POL,52.91824021850351,23.24826809857321,1,19696.62004204723
POL_cluster_11912,POL,52.06212758786421,20.85646860071503,0,3101.869146275134
POL_cluster_11966,POL,52.19187596658404,20.78940465233116,0,16397.075104706644
POL_cluster_11926,POL,52.00726447326517,20.849270349470544,0,7027.3124930765325
POL_cluster_11999,POL,52.04838478977656,20.86193082997063,0,3096.901717131684
POL_cluster_12000,POL,52.19871679201411,20.809306685857106,1,16506.741480344168
POL_cluster_12001,POL,52.1673235908368,20.843910941532496,0,12407.209077440612
POL_cluster_11984,POL,52.04836515500622,20.856111372775512,0,3453.501466590262
POL_cluster_12063,POL,51.941687277124124,20.2525886535053,1,20742.96832895162
POL_cluster_12013,POL,51.95281080143096,20.55276077020669,1,26778.935026476207
POL_cluster_12073,POL,51.99562128906205,20.899325489640265,1,7334.482938796474
POL_cluster_12092,POL,52.19317986368775,20.77640862591624,0,16955.51171219197
POL_cluster_12114,POL,52.041013135294605,20.45654758254262,0,15761.688376317948
POL_cluster_12144,POL,52.222684977384446,19.953687272066325,1,29665.16749882511
POL_cluster_12157,POL,52.18387047230779,19.59624302081025,1,18606.32582731031
POL_cluster_12168,POL,52.19274403431998,19.885228567401285,1,29631.968194399382
POL_cluster_12161,POL,52.17375202759432,19.84228736139065,1,28172.884667784307
POL_cluster_12159,POL,52.34491599790234,19.441204863122547,1,8590.240626521796
POL_cluster_12187,POL,52.20250132885772,19.651907379605312,1,21416.975032532864
POL_cluster_12190,POL,52.19448939834515,20.186864321625944,1,13475.555127676836
POL_cluster_12172,POL,52.01583247295268,19.38537242099706,1,26827.304702491077
POL_cluster_12287,POL,52.38155717930832,19.657556801170333,1,8060.090975123602
POL_cluster_12278,POL,52.12737966056224,19.917586805925087,1,22140.027568453665
POL_cluster_12327,POL,51.98338127411667,19.52216450725538,1,29973.821825116782
POL_cluster_12315,POL,52.24315408649101,19.632293971472453,0,17794.560847552155
POL_cluster_12360,POL,52.02381442727597,19.782477569558782,1,15593.696137326197
POL_cluster_12361,POL,52.20571057624221,19.260843611139624,1,8256.581786357183
POL_cluster_12358,POL,52.34728328458968,19.44073912165071,1,8454.124682448291
POL_cluster_12423,POL,52.10764510821273,19.95775629236036,0,19835.406386903844
POL_cluster_12436,POL,52.10306496586555,19.94375419581816,0,19326.05091595352
POL_cluster_12619,POL,52.63021154746789,20.348927804314386,0,20595.266391016852
POL_cluster_12684,POL,52.442493220769286,20.68215453784758,0,36056.10372141162
POL_cluster_12662,POL,52.33885479543438,20.898970880395748,0,30833.96371332275
POL_cluster_12688,POL,52.38440721679879,20.46823260957501,1,23995.22227921358
POL_cluster_12697,POL,52.36286918231033,20.806393224562274,0,34128.81463347474
POL_cluster_12693,POL,52.56997826273088,20.588072087035773,1,35193.72310288554
POL_cluster_12743,POL,52.442194293232696,20.67156736446462,0,35626.01304999522
POL_cluster_12725,POL,52.44243196867412,20.66902359963512,0,35552.801698484735
POL_cluster_12749,POL,51.79544688507296,21.6070569300008,0,36895.17401748066
POL_cluster_12751,POL,52.06530632500551,21.27724491802656,1,13410.369578268032
POL_cluster_12682,POL,52.35967022964238,20.861563698699342,1,33261.275344123955
POL_cluster_12780,POL,51.987747600854725,21.21294225926226,0,21800.957066916177
POL_cluster_12830,POL,51.98788011165855,21.19440921677472,0,21630.086992400273
POL_cluster_12823,POL,51.94773284506951,21.157363993242733,1,21590.775003679268
POL_cluster_12844,POL,51.95970503554017,21.1657814499094,1,21322.168471252062
POL_cluster_12853,POL,52.17440459188017,21.11344724406352,0,19136.277032904072
POL_cluster_12855,POL,52.1023983791596,21.14613513911024,0,17300.415513354907
POL_cluster_12827,POL,52.08794575160686,21.254849856205567,0,14094.558641958925
POL_cluster_12868,POL,52.10999267349105,21.29059218549986,0,11356.970109299573
POL_cluster_12916,POL,52.463119674120975,21.03304986700435,0,45535.21591951779
POL_cluster_12894,POL,52.81916867387973,21.845055895710168,0,72722.73726818651
POL_cluster_12905,POL,52.45326245428157,21.006378702079854,0,44132.33907093911
POL_cluster_12979,POL,52.24728208013312,21.16402821182414,0,24855.98249759302
POL_cluster_12996,POL,52.24038250509363,21.15062508468541,0,25160.733416648756
POL_cluster_13039,POL,52.331056223560765,22.22659613120045,1,13613.387800868508
POL_cluster_13003,POL,52.24822159889929,21.161896740029203,0,25034.771265291227
POL_cluster_11586,POL,53.06892260408415,20.30436285017467,1,1750.0667668292624
POL_cluster_13043,POL,52.49875770502349,22.328762914621034,1,27720.66807941456
POL_cluster_13042,POL,52.058852545567234,22.09804324631149,1,22199.69382752779
POL_cluster_13058,POL,52.28281735430402,22.34122200138633,1,4324.091200250383
POL_cluster_13077,POL,52.46302073716608,22.19239001033068,1,26718.235214340224
POL_cluster_13088,POL,52.63700824627255,22.219483448282336,1,44220.31474409821
POL_cluster_13081,POL,52.27879687694048,22.26662143479948,1,8202.4681025707
POL_cluster_13082,POL,52.46477540398829,22.19183788382936,1,26907.82230194931
POL_cluster_13086,POL,52.40256762283047,22.365019089063267,1,16843.48351114647
POL_cluster_13126,POL,52.49493685526966,22.29386331878248,1,27691.90429870034
POL_cluster_12728,POL,52.28590002994175,20.802045638144268,0,25856.50448288024
POL_cluster_13142,POL,52.69314895884884,22.05904259078035,0,53682.95387579173
POL_cluster_13169,POL,52.422711773790006,22.211875377826026,1,22166.439475887917
POL_cluster_13198,POL,52.51147396185662,22.239838606624154,1,30420.38672892235
POL_cluster_13229,POL,52.51587072693584,21.699142847151805,0,47619.54358969139
POL_cluster_13252,POL,52.19990390142597,22.025377654134587,1,24720.532704569876
POL_cluster_13308,POL,52.278661939784925,22.34106355441006,1,3966.0357654083537
POL_cluster_13300,POL,52.19877823256321,22.0408712522259,1,23725.873777231387
POL_cluster_13319,POL,52.28795560564478,22.395150169645845,1,4229.401839603536
POL_cluster_13387,POL,54.12385325757597,20.543980676622105,0,37956.47673645254
POL_cluster_13345,POL,52.0410946665616,22.399128511971043,1,11504.509651293505
POL_cluster_13394,POL,54.390447621458335,19.836735803424528,0,73599.49556277109
POL_cluster_13418,POL,54.23245454534285,20.83851782699549,0,36601.56163102589
POL_cluster_13441,POL,53.7142846331753,20.6382076768808,1,33280.532544105576
POL_cluster_13455,POL,53.71517720248416,20.633347118325048,1,33446.81589303153
POL_cluster_13507,POL,53.87083050322701,20.009008225468246,0,65702.32335544874
POL_cluster_13570,POL,54.19244066465064,19.38872061189697,0,37194.98961046273
POL_cluster_13627,POL,53.695427598866125,19.93889815127176,0,70028.73351554504
POL_cluster_13784,POL,54.30546024466942,22.292155706526525,0,27027.577504680852
POL_cluster_13790,POL,53.642662133052696,22.472637552369804,0,78118.43385105369
POL_cluster_13794,POL,53.798853801583896,21.945842312317662,0,50792.11577496495
POL_cluster_13812,POL,53.63970788640047,21.53668035385236,0,46554.96285793249
POL_cluster_13815,POL,53.73304312498564,22.061683739390617,0,59092.49310532118
POL_cluster_13902,POL,53.67853040419957,22.36978118575777,1,71434.59533716053
POL_cluster_13878,POL,53.800674994537886,21.943515825662445,0,50578.545787472045
POL_cluster_13997,POL,54.16788722692129,21.13695728953121,0,28945.81968375296
POL_cluster_14129,POL,53.50127158330439,18.761319447005643,0,37345.22933782389
POL_cluster_14052,POL,54.08651321445264,21.351043025092487,0,29143.36824276057
POL_cluster_14163,POL,53.2407064203701,18.52486609053519,0,27331.346040422297
POL_cluster_14158,POL,52.79306560018351,18.4342561193378,1,1611.7123667024541
POL_cluster_14185,POL,52.98781510325399,18.608736274233067,0,23013.376875204303
POL_cluster_14183,POL,53.06944549708568,18.44682639317355,1,13600.7129008782
POL_cluster_14189,POL,53.07931699753631,18.62181833770066,1,25338.464519776462
POL_cluster_14167,POL,53.10076453450159,18.341486188297267,1,7834.6414218226855
POL_cluster_14241,POL,52.9491739173411,19.83484132463846,1,13295.496661742704
POL_cluster_14217,POL,53.135174942720106,18.48158499905352,1,17853.54917409572
POL_cluster_14213,POL,53.34411750501171,18.46009865610208,0,34535.29967497475
POL_cluster_14244,POL,53.05139159040188,20.045444561866145,1,11983.96128110481
POL_cluster_14250,POL,53.01314909616795,19.82906142630146,1,6536.555750536775
POL_cluster_14257,POL,52.9292570040456,19.87674214898084,1,15334.606788250256
POL_cluster_14254,POL,53.05871205691062,19.90270394458311,0,2496.632125966277
POL_cluster_14264,POL,53.08303250218727,19.93560409725909,1,4851.213531290624
POL_cluster_14277,POL,52.9222188214279,19.80984186430837,1,16570.12174663444
POL_cluster_14334,POL,53.06188333734991,19.8896655356463,0,1556.6912932175405
POL_cluster_14325,POL,53.08367046935994,19.87919790857023,2,1991.6953342115999
POL_cluster_14485,POL,52.85800958850008,19.19079441726612,1,40273.06037507945
POL_cluster_14503,POL,52.94829793616776,18.73074485960022,1,24731.289775604153
POL_cluster_14507,POL,53.019693097766165,18.67955281048427,0,28548.90695650795
POL_cluster_14521,POL,52.799009973628856,18.807094821490047,1,23849.32334053912
POL_cluster_14439,POL,53.01420391815498,19.843671216612307,2,6099.132461603965
POL_cluster_14467,POL,52.9421997480697,18.78539545365975,1,27215.3018883038
POL_cluster_14513,POL,52.82143881569204,18.937585227819326,1,29639.89618925766
POL_cluster_14603,POL,53.03475265975499,18.81539282122404,1,24208.57714737925
POL_cluster_14598,POL,52.79042138696597,18.70451714898648,1,17005.31481966108
POL_cluster_14770,POL,53.08574598075163,20.065394382376123,1,13347.129576828318
POL_cluster_14772,POL,53.08997129647235,20.065192847261866,1,13414.422137187987
POL_cluster_14822,POL,53.28247971352203,23.66303941039156,1,27431.73118717062
POL_cluster_14838,POL,52.05665099424314,22.88851960591313,1,11862.989295955675
POL_cluster_14882,POL,52.03737738109536,23.21219833119815,0,25071.446538600012
POL_cluster_14896,POL,52.03580348278514,22.78904605763284,1,4732.224518604533
POL_cluster_14944,POL,52.18525560943232,22.730520118127068,1,8645.32246322218
POL_cluster_14945,POL,52.529225524241376,22.922826158945707,1,38183.97575760158
POL_cluster_14933,POL,51.936023208827365,22.84613959278565,1,2899.1881636786193
POL_cluster_14952,POL,51.93443503135053,22.84673528610516,1,2840.399348134436
POL_cluster_5784,POL,50.032428273147,18.67509560142497,0,24517.011884020634
POL_cluster_5816,POL,49.9470065830928,18.61881715465279,0,17507.324148336753
POL_cluster_5823,POL,49.8074637580478,18.72555561406873,1,2855.513039185555
POL_cluster_5886,POL,49.95391164502089,19.732887512983588,0,60732.92248049391
POL_cluster_5969,POL,49.84401366021732,18.993375986983384,1,6440.898722684786
POL_cluster_5940,POL,50.12604047307235,18.89124177013862,0,22914.615352809036
POL_cluster_5996,POL,50.02535732189409,18.9071005006321,1,22580.20441786445
POL_cluster_5939,POL,49.95328119142458,19.18158802357594,1,24297.3153662217
POL_cluster_5967,POL,50.080574068217445,19.161668601524976,0,30420.105051571656
POL_cluster_5965,POL,50.08253198970347,19.15753103599636,0,30094.488031291727
POL_cluster_6006,POL,49.8642702511939,19.354069107131167,0,32174.51612908041
POL_cluster_6036,POL,50.0262306075812,19.220290282977665,0,31736.887929921628
POL_cluster_6055,POL,50.21887235227117,19.161343776393952,0,17964.712423805933
POL_cluster_6012,POL,49.86235540798181,19.356742913544583,0,32334.841793234886
POL_cluster_6065,POL,50.06430448257172,19.443978449204447,0,44440.88991426314
POL_cluster_6042,POL,50.20291315997776,19.041276208436543,0,14514.250693257207
POL_cluster_6052,POL,49.78340599835176,19.05869751816871,0,11506.440062369342
POL_cluster_6086,POL,50.098387971314914,18.766346305972103,1,29182.483660891558
POL_cluster_6076,POL,49.95913341230575,19.179957303865045,1,24600.054389190416
POL_cluster_6097,POL,49.86773126474491,18.67282015141048,1,8332.500558395943
POL_cluster_6168,POL,50.04713069649272,18.771775257666143,0,25377.64574638772
POL_cluster_6109,POL,50.225360226992336,19.1969400168301,0,19512.24685246123
POL_cluster_6136,POL,49.94527868167501,18.780777396949865,1,14111.295626441724
POL_cluster_6182,POL,49.81611320727362,18.97392115388048,0,4628.489828653549
POL_cluster_6210,POL,51.28210456280831,18.00803949049381,0,53034.85351312539
POL_cluster_6137,POL,49.96831401638868,19.61353505803849,1,52936.75182991792
POL_cluster_6248,POL,51.34769414402735,18.159047673248168,0,48407.35009877272
POL_cluster_6358,POL,50.84361153547344,19.137378276623146,0,50400.19267888352
POL_cluster_6320,POL,50.841468702072135,19.13647710583704,0,50611.76626991792
POL_cluster_6306,POL,51.7270363124512,18.02227125618038,0,8112.513017632497
POL_cluster_6353,POL,51.20955998207451,18.58384290915324,0,68367.00631715404
POL_cluster_6449,POL,51.48484741139445,19.8935137396092,1,13682.100206191708
POL_cluster_6437,POL,51.05568359875532,19.455094758692965,0,18067.956395935937
POL_cluster_6469,POL,51.13712330668302,19.71763664023871,1,4917.550573670375
POL_cluster_6498,POL,51.61348942402558,19.92758655512373,0,18693.494287903653
POL_cluster_6448,POL,51.48051697402919,19.75279654796136,1,11509.667367795582
POL_cluster_6527,POL,51.521127234314655,20.02300876673981,0,22492.739858196896
POL_cluster_6601,POL,51.5035079248626,19.50001174198917,1,24405.691708638315
POL_cluster_6586,POL,51.41781198719226,19.580879395636376,1,15167.815672377155
POL_cluster_6676,POL,51.50709219686659,19.50395141848309,1,24409.021082004707
POL_cluster_6656,POL,51.75326498943537,19.356477764231474,0,12573.775780588172
POL_cluster_6649,POL,51.73394115601624,19.39843640168144,0,13935.552329077067
POL_cluster_6766,POL,51.43083571723587,19.34834597238349,1,29506.398939508686
POL_cluster_6788,POL,51.15831717048477,19.24458085465412,1,28674.067383448117
POL_cluster_6769,POL,51.55831420850157,19.179748350929728,0,14028.139616827777
POL_cluster_6840,POL,51.19048897605434,19.139713671566994,1,36152.31454307923
POL_cluster_6914,POL,51.878768248694485,18.93370789447756,0,29101.60838013111
POL_cluster_6928,POL,51.75078215030437,19.550000572138867,0,20153.083448999492
POL_cluster_6923,POL,51.806880475771806,19.323590395153392,0,15741.074826635071
POL_cluster_6988,POL,50.67788383781549,18.072132257805794,1,13775.21181709934
POL_cluster_7083,POL,50.75251170989428,18.891564463451942,0,47805.56727612309
POL_cluster_7106,POL,50.720937930944935,18.645699846163385,1,49629.91918406179
POL_cluster_7178,POL,50.30617656425373,18.627335101074863,0,24538.0469424645
POL_cluster_7196,POL,50.119354266274826,18.65915849584201,1,31937.295637045692
POL_cluster_7174,POL,50.02892971924109,18.20486895872356,1,16954.70969483132
POL_cluster_7167,POL,50.48009234724851,18.80476383271553,0,20853.686176505187
POL_cluster_7170,POL,50.368765593884646,18.845911005053622,0,10126.659298774803
POL_cluster_7211,POL,50.35998118937889,18.894322493659374,0,6683.55360514177
POL_cluster_7180,POL,50.47253356114242,18.03503264575824,1,15133.753607264018
POL_cluster_7172,POL,50.46060848826384,18.88475259652477,0,16224.652812594011
POL_cluster_7249,POL,50.32186323726816,18.658454330714253,0,22233.410889289025
POL_cluster_7277,POL,50.116275052966095,18.7191836141979,1,29397.913582505036
POL_cluster_7286,POL,50.10846057940149,18.730076403785024,1,29635.45165646344
POL_cluster_7297,POL,50.49195783907603,18.65581031885021,1,29032.681392005652
POL_cluster_7315,POL,50.26867503357172,18.37739866377673,0,26479.19160733882
POL_cluster_7313,POL,50.21681092521683,18.57716205270941,1,30530.487698044806
POL_cluster_7391,POL,50.078330716222034,18.189850425174644,0,19891.831395352972
POL_cluster_7447,POL,50.481656777817314,18.80358852338248,0,21044.119741011487
POL_cluster_7450,POL,50.35927214606373,18.54786299321211,2,30300.94539361754
POL_cluster_7576,POL,50.188726922332286,18.809707396390603,0,19080.866065281156
POL_cluster_7563,POL,50.399818919157816,18.948324386438312,0,8415.57693479451
POL_cluster_7298,POL,50.28283078464818,18.257603094011152,1,17897.56001635427
POL_cluster_7589,POL,50.22712530265012,19.071341678822417,0,13044.87312033396
POL_cluster_7542,POL,50.56299324275583,18.00486295172225,0,13052.244870610672
POL_cluster_7656,POL,52.74199892230254,18.200200366068344,1,18251.991695825865
POL_cluster_7701,POL,52.5666424052756,18.266467138647283,1,29071.470006197025
POL_cluster_7725,POL,52.56813499955788,18.268842225450605,1,28852.70185009834
POL_cluster_7690,POL,52.53739481165598,18.224856593558123,1,26529.395754088495
POL_cluster_7659,POL,52.77612809735467,18.35330705494052,1,7281.490430631604
POL_cluster_7737,POL,52.14682835797939,18.037692963505776,1,23321.96857772185
POL_cluster_7734,POL,52.59847473804151,18.20210861755428,1,28272.350225576043
POL_cluster_7744,POL,51.77626301192304,18.373245107040145,1,31705.853732140327
POL_cluster_7818,POL,51.76632950483873,18.32521463698837,1,28344.923394438905
POL_cluster_7857,POL,52.2232739361289,18.783115050957697,1,38763.53288987844
POL_cluster_7853,POL,52.24156139512026,18.80361953892468,1,37222.53445363983
POL_cluster_7908,POL,51.92698441075851,18.93467565768584,1,33263.9609356804
POL_cluster_7855,POL,52.22572403910759,18.785064256217574,1,38605.54824914418
POL_cluster_7840,POL,51.79228559115999,18.37245523884917,1,31826.077817000158
POL_cluster_8048,POL,52.60293967575507,18.674764739286328,1,3097.7758424474964
POL_cluster_8030,POL,51.99618845211697,19.14594799986533,0,32079.872073274917
POL_cluster_8057,POL,50.65637298347594,20.948244595588783,1,87839.08386673185
POL_cluster_7994,POL,52.0194793686725,18.48566869846883,0,49017.31720042957
POL_cluster_7971,POL,52.01492329242035,18.552206377015384,0,52466.4769980884
POL_cluster_8241,POL,50.23739139063931,22.12149159160459,0,32217.983259878933
POL_cluster_8114,POL,50.69895503495547,21.74805688436558,0,72825.79954014173
POL_cluster_8299,POL,50.09028442979495,22.00595231844002,0,39456.742150209524
POL_cluster_8125,POL,50.92721750359909,22.23062790500313,0,65523.27398708608
POL_cluster_8277,POL,50.437789549894674,22.25553639559836,0,38494.35754485489
POL_cluster_8183,POL,50.965517228868286,22.169867926373303,0,59501.979761690265
POL_cluster_8306,POL,50.332172835140426,22.181882949320887,0,33349.34917159741
POL_cluster_8363,POL,50.31290163018458,21.42802582949588,0,82024.32831312598
POL_cluster_8332,POL,50.58005691199857,22.059367881139007,0,59405.58456845311
POL_cluster_8364,POL,50.55950533076423,21.69279718838625,0,76219.55625739737
POL_cluster_8419,POL,50.55684730542568,21.185065838040643,0,91500.85775370928
POL_cluster_8495,POL,50.28106137096427,21.469413704810595,0,78438.52908264338
POL_cluster_8550,POL,50.42594736577893,21.28019603947632,0,95495.53709701549
POL_cluster_8583,POL,50.676727813366895,23.367349878748147,0,82427.78177857836
POL_cluster_8654,POL,50.421749031106415,23.421943425882432,0,68898.17458980257
POL_cluster_8631,POL,50.79250849178276,23.91817673280209,0,120349.34324053058
POL_cluster_8665,POL,50.35856686515677,23.62128423529693,2,79546.7622097187
POL_cluster_8728,POL,49.86320530278663,20.40783747939514,0,107492.97224151052
POL_cluster_8714,POL,49.83414311181199,20.35328223139459,1,103524.30723942124
POL_cluster_8731,POL,49.73254631612071,20.32115965206382,0,101808.41898313789
POL_cluster_8735,POL,49.9622638311858,20.599978459319427,0,122046.06906683002
POL_cluster_8772,POL,49.85249674297561,20.361140374303208,0,104113.9771652354
POL_cluster_8760,POL,50.07151265376674,20.520252735297,1,113793.96133628418
POL_cluster_8844,POL,49.84439173326881,20.68505052350879,0,124080.27689045951
POL_cluster_8829,POL,50.11115491038245,20.9956586670712,1,111012.13598781113
POL_cluster_8941,POL,49.89159537617064,21.058941098864032,0,110413.94047397676
POL_cluster_8913,POL,50.08479199106579,21.05419207192049,1,107024.78308163353
POL_cluster_9022,POL,49.54407532025725,22.21303268737305,0,71416.47679305541
POL_cluster_9017,POL,49.94587071106405,22.82920568859265,0,29949.77198810843
POL_cluster_9008,POL,49.93878700054067,22.83321979941619,0,30732.809147917855
POL_cluster_9029,POL,49.72546831864721,21.70677625865628,0,76593.26009121502
POL_cluster_9037,POL,49.82007927936519,22.811192628473528,0,40902.68469949632
POL_cluster_9065,POL,49.869933248543056,21.80230654777582,0,61855.743246109836
POL_cluster_9055,POL,49.68473381260427,21.745951521364567,0,77357.21621675338
POL_cluster_9187,POL,50.08979821595728,22.23441576526613,0,23549.42354038117
POL_cluster_9222,POL,50.16827416958709,22.61206364142473,0,4836.654903225664
POL_cluster_9199,POL,50.0650001682692,22.503626542004028,0,9853.061976477005
POL_cluster_9239,POL,49.971653310959006,21.93627987386301,0,48128.852465451295
POL_cluster_9174,POL,49.98768066229436,21.9863647288628,0,44131.817763336076
POL_cluster_9306,POL,51.13618881751295,20.57416474482945,0,60867.01829073315
POL_cluster_9300,POL,51.33615257774262,21.35973451062196,1,14390.337904453745
POL_cluster_9340,POL,51.39721661983529,21.203984559505304,0,25856.6599256411
POL_cluster_9317,POL,51.40106795166717,21.197638677151502,0,26384.52015238782
POL_cluster_9483,POL,51.591671725586494,21.534535748225043,0,27644.03727199296
POL_cluster_9496,POL,51.592194574627854,21.53282964040887,0,27711.693041141116
POL_cluster_9485,POL,51.45659928876314,21.189025058622665,1,29033.935177271418
POL_cluster_9455,POL,51.22798913168222,20.86974803874644,0,50141.382442897935
POL_cluster_9608,POL,51.86129115916057,20.884234782227225,0,22301.9237438088
POL_cluster_9721,POL,51.57690288512302,20.09066463604338,0,27772.948500939347
POL_cluster_9698,POL,51.39505616785429,20.3138142319968,1,36329.67749248725
POL_cluster_9723,POL,51.64190899843228,21.927129446776885,1,41491.71649975611
POL_cluster_9733,POL,51.54626477347804,21.88492912523095,0,31518.793960352144
POL_cluster_9726,POL,51.67566689033405,21.923940310816565,1,44418.77127036823
POL_cluster_9740,POL,51.54936453679079,21.87772271954592,0,31420.45021030187
POL_cluster_9750,POL,51.85467620952116,22.82197673011576,1,2743.501886859285
POL_cluster_9762,POL,51.41036528775473,22.094722165371376,0,37398.37140758494
POL_cluster_9768,POL,51.88206300861459,22.44192962229573,1,24481.812181417834
POL_cluster_9776,POL,51.34408654468484,22.638849806481204,0,56005.656283103184
POL_cluster_9788,POL,51.37171846503367,22.32174947209021,1,52530.66286617211
POL_cluster_9826,POL,51.82379803785732,22.68568282936826,1,7457.010773302227
POL_cluster_9841,POL,51.50767340537958,22.57525542532215,2,39718.800882987234
POL_cluster_9851,POL,51.2831560284006,22.666114524910224,1,62384.262539316696
POL_cluster_9809,POL,51.53679493319122,22.557337755643243,1,37253.844320477154
POL_cluster_9881,POL,51.72882342091513,22.95777447020683,2,16741.757753131787
POL_cluster_9946,POL,51.82337695362971,22.688053732292506,1,7309.12688481474
POL_cluster_9936,POL,51.54017396854773,22.30879069876736,2,47003.0474585101
POL_cluster_9965,POL,51.814561942674935,22.88210754635533,1,6784.926327946985
POL_cluster_9928,POL,51.344376879125406,22.568214901489053,1,57094.47859000544
POL_cluster_9977,POL,51.30680018867045,22.55434117752108,1,61378.516462952015
POL_cluster_9948,POL,51.738238886859904,22.79518879488305,1,11179.538393991677
SGP_cluster_13,SGP,1.4310123982308651,103.7597922516066,0,5917.807207298578
SGP_cluster_1,SGP,1.3900392556287635,103.69462859773203,0,3517.145804982473
SGP_cluster_0,SGP,1.3881603798676274,103.69483644703551,0,3698.3493371061354
SGP_cluster_124,SGP,1.3567703211795987,103.80017803626566,0,12346.290206678486
SGP_cluster_138,SGP,1.3277585872904425,103.98108763970536,0,31997.60404879886
SGP_cluster_141,SGP,1.326340094879623,103.99794471702114,0,33828.188958882674
SGP_cluster_137,SGP,1.3447882252059755,104.0070131443171,0,34240.43899805606
SGP_cluster_28,SGP,1.419681683409894,103.76105213158296,0,5898.509351600874
SGP_cluster_152,SGP,1.3886451482574402,103.9877551665632,0,31277.354515147723
SGP_cluster_40,SGP,1.398498724528277,103.7376743570107,0,3991.4459666476723
SGP_cluster_34,SGP,1.3912550352933093,103.69707440465034,0,3285.1929317579134
SGP_cluster_57,SGP,1.4024095866723458,103.73768530212726,0,3764.89102525363
SGP_cluster_55,SGP,1.4251744751984654,103.76206397284244,0,6052.855968415046
SGP_cluster_79,SGP,1.399578618437389,103.73678964511028,0,3842.8145300849083
SGP_cluster_6,SGP,1.3852388028703853,103.69492922430162,0,3995.015847128866
SGP_cluster_75,SGP,1.4187738282947775,103.76672185232194,0,6527.7700770523725
SGP_cluster_41,SGP,1.404518884080809,103.7594581720772,0,5933.916953013835
SGP_cluster_42,SGP,1.4227878814559092,103.69692730295192,0,1311.6434151710246
SGP_cluster_49,SGP,1.4182657557617575,103.6924719280206,0,1726.6158099521776
SGP_cluster_88,SGP,1.3735395928265903,103.71161036215445,0,5038.423215767393
SGP_cluster_92,SGP,1.279792211970577,103.62859745266834,0,17790.60926053965
SGP_cluster_97,SGP,1.4182671446015278,103.76268091227377,0,6078.769098028114
VNM_cluster_1019,VNM,20.36339255617288,105.681459995256,0,205973.7485460404
VNM_cluster_1035,VNM,20.05363686668938,105.54998219344208,0,214259.168601796
VNM_cluster_1126,VNM,18.10991615244109,106.27612154318508,0,243881.46193597926
VNM_cluster_1158,VNM,18.67478665044332,105.70705529007448,0,227157.6736756991
VNM_cluster_1171,VNM,21.35109971221542,103.9874685552158,0,9453.577699747999
VNM_cluster_1712,VNM,20.89594299843205,106.301854644555,0,247110.34159508874
VNM_cluster_1862,VNM,21.00199043262003,105.54625707425984,0,167803.26777880665
VNM_cluster_1854,VNM,21.099749476129904,105.4842496285194,0,159765.42852538158
VNM_cluster_2335,VNM,10.470729731839048,105.01069422816671,0,43176.27443950057
VNM_cluster_2338,VNM,10.466339612834652,105.0134332560814,0,43512.61041217872
VNM_cluster_2337,VNM,10.469975668673523,105.01553032311956,0,43709.756336152874
VNM_cluster_2386,VNM,10.742846525788462,105.22284267374096,0,71592.24609051872
VNM_cluster_2441,VNM,14.67761687064523,107.73670821498678,0,77190.58799195371
VNM_cluster_2504,VNM,9.264013098808167,105.7499357796522,0,6107.494500367098
VNM_cluster_2508,VNM,9.291156346939356,105.67589927003417,0,3213.407484038368
VNM_cluster_290,VNM,20.9469128994854,107.03520535564212,0,321613.64098750765
VNM_cluster_304,VNM,20.92264559093588,106.99049471521852,0,317350.03310717654
VNM_cluster_4056,VNM,11.800618874359053,107.0108890734034,0,4431.289544220402
VNM_cluster_4060,VNM,11.902595477821816,107.0055146730916,0,12021.781118129524
VNM_cluster_4181,VNM,10.990055120106495,107.4073440143738,0,1788.2282953452857
VNM_cluster_4367,VNM,11.480184013368582,106.81140055695325,0,5795.842497805663
VNM_cluster_5151,VNM,11.761617847778874,106.55712539211892,0,2575.7657673179656
VNM_cluster_5910,VNM,11.923476560345406,106.53951031639588,0,13602.61897534678
VNM_cluster_6336,VNM,10.949543586604634,107.14236698769491,0,17972.59799600373
VNM_cluster_6627,VNM,10.69322355567678,106.72119914890337,0,52281.65505167437
VNM_cluster_6762,VNM,10.462682082047705,107.19602008705098,0,36818.960641954174
VNM_cluster_6770,VNM,10.46180739762914,107.19890817049112,0,36568.83065922607
VNM_cluster_7111,VNM,15.78449782314072,108.11146853208903,0,188874.54781453506
VNM_cluster_7128,VNM,15.98440047895914,108.05984010063776,0,211190.205634905
VNM_cluster_7295,VNM,11.027618219593702,108.06035727594266,0,33439.26142647662
VNM_cluster_7375,VNM,11.458572343400052,108.84001125173016,0,26583.428870160926
VNM_cluster_7377,VNM,11.450080961220175,108.86403669380368,0,27739.517073417268
VNM_cluster_7946,VNM,11.436974350272775,108.86758211388184,0,29235.033331960112
VNM_cluster_7940,VNM,11.43811955906515,108.87069430274872,0,29156.657998848354
VNM_cluster_7922,VNM,11.342594678836145,108.7418532163086,0,40652.13916911722
VNM_cluster_8002,VNM,11.883956490184971,109.20879629136871,0,15750.235231947856
VNM_cluster_8035,VNM,11.968196867655882,109.18049496787124,0,6693.443084510775
VNM_cluster_8176,VNM,14.055753996437891,109.05071587766464,0,100795.38731983402
VNM_cluster_8281,VNM,12.695210510819134,108.43634761821626,0,51378.798970846394
VNM_cluster_8413,VNM,14.020656435194727,108.03202858247532,0,11666.61946602883
VNM_cluster_8458,VNM,13.982366697971502,108.08155442712967,0,12122.912957262637
IRQ_cluster_1,IRQ,33.6711381260393,39.96915810684269,0,312432.2643382607
IRQ_cluster_23,IRQ,34.26839620094352,41.15804569639564,0,256506.0735593788
IRQ_cluster_28,IRQ,34.35170514456697,41.17675967296461,0,247628.09018102888
IRQ_cluster_6,IRQ,33.67096928545506,39.966119893190566,0,312152.2882572525
IRQ_cluster_8,IRQ,33.672165230812105,39.9660575993579,0,312140.3536979438
IRQ_cluster_1065,IRQ,31.77081307083467,47.12710357328076,0,123680.18769934816
IRQ_cluster_1083,IRQ,31.84987296429575,47.08968591548623,0,127501.99217029837
IRQ_cluster_1620,IRQ,33.7198055476744,44.6196927748099,0,216356.4463285461
IRQ_cluster_2267,IRQ,33.25791675036598,44.21097196483005,0,277088.8895116081
IRQ_cluster_1739,IRQ,33.3329219749761,43.74912199320173,0,283919.5572156113
IRQ_cluster_275,IRQ,36.277917515399935,44.09628468346858,0,29587.06417495823
IRQ_cluster_259,IRQ,36.28398522584571,44.08204715725343,0,30253.067116130278
IRQ_cluster_254,IRQ,36.28582185095853,44.06325959102198,0,30528.25284139161
IRQ_cluster_2103,IRQ,32.61734533478127,43.95750531531165,0,277190.64003121486
NOR_cluster_149,NOR,64.47222097585251,11.519825362048968,0,569060.2076000231
NOR_cluster_189,NOR,63.12252418614329,7.71056366088336,0,475374.2321537498
NOR_cluster_192,NOR,62.73527405422239,7.094615264041845,0,426456.3494936209
NOR_cluster_305,NOR,60.05539655427339,6.546707627472473,0,131425.0536847578
NOR_cluster_358,NOR,59.239560223204165,10.389437507588212,0,272459.26345498394
NOR_cluster_374,NOR,59.235354463744606,10.38600213164213,0,272229.02918473433
NOR_cluster_221,NOR,60.79599992099495,11.091928821237255,0,365549.7773848504
NOR_cluster_361,NOR,59.11229689493458,9.664115795279711,0,230361.7668997328
NOR_cluster_395,NOR,59.15293383555312,9.615722594955884,0,227836.98797089298
NOR_cluster_380,NOR,59.23043196257117,10.363485469185244,0,270911.1313120488
NOR_cluster_414,NOR,59.59471484336376,9.655908899228711,0,238206.33009791985
NOR_cluster_397,NOR,59.22289958309372,9.562776300178156,0,225452.4776340467
NOR_cluster_419,NOR,59.71973111352646,10.22651196418827,0,272820.917451457
NOR_cluster_417,NOR,59.59708782059576,9.66247376061872,0,238632.49740031044
NOR_cluster_420,NOR,59.91601414461724,10.962816959279069,0,318492.20750315284
NOR_cluster_429,NOR,59.93162744008757,11.036276787388124,0,322915.21287100425
NOR_cluster_459,NOR,59.713895893465526,10.228197227366978,0,272734.5235243767
NOR_cluster_476,NOR,59.68372566327978,10.656085840178475,0,295112.1271581794
NOR_cluster_484,NOR,60.06558160901702,11.136276669279123,0,332837.5178127194
NOR_cluster_435,NOR,59.726411077457726,10.23652417630736,0,273565.030779461
NOR_cluster_596,NOR,59.223316095842506,10.9002858585486,0,281407.964599022
NOR_cluster_468,NOR,59.81746267088785,10.851463343106785,0,309445.48598630354
NOR_cluster_641,NOR,58.10720840237832,7.946772511839743,0,141359.93107747074
NOR_cluster_643,NOR,58.106652033835246,7.945224287776234,0,141321.358099102
NOR_cluster_671,NOR,65.82983001415073,13.216905129634542,0,550599.6583912881
NOR_cluster_515,NOR,59.92973948519068,11.037488743831291,0,322918.1143420455
NOR_cluster_423,NOR,59.93120394414745,10.467206658030715,0,292789.10002199345
NOR_cluster_688,NOR,68.87251851457741,17.990387320329376,0,688900.4310483462
NOR_cluster_681,NOR,60.32594945798796,12.020720647874796,0,388614.51286352077
NOR_cluster_676,NOR,60.65824636237182,12.064250773218289,0,404975.0740832463
NOR_cluster_171,NOR,63.37629454463934,10.358382958313117,0,551391.1681284623
SLV_cluster_267,SLV,13.802058922283068,-89.36701167974022,0,85818.13032488628
SLV_cluster_335,SLV,13.452047379080474,-89.01149515781925,0,136882.59870208843
SLV_cluster_57,SLV,13.507244879181233,-88.2330736464004,0,187482.71697684223
SLV_cluster_93,SLV,13.717007994059191,-89.76323613951611,0,86632.4128937008
CRI_cluster_50,CRI,10.28216811724728,-84.96516016589675,0,219675.89809664842
CRI_cluster_1290,CRI,10.005635402397791,-83.0768949646226,0,91828.49431327257
CRI_cluster_22,CRI,10.587710610575115,-85.53447424376012,0,158400.07369328564
CRI_cluster_526,CRI,8.963389735345219,-83.52033301662887,0,122169.73461775958
RWA_cluster_21,RWA,-2.585817151137475,29.56694954597691,0,72604.25175898719
RWA_cluster_40,RWA,-2.4997583670855823,28.896071889185027,0,136847.61617383786
RWA_cluster_46,RWA,-2.46181284819942,29.04264451535867,0,120027.00005414004
RWA_cluster_44,RWA,-2.464264012642916,29.03689463765674,0,120713.5322607417
RWA_cluster_90,RWA,-2.033883432448591,30.01657627875573,0,19424.437495158058
RWA_cluster_96,RWA,-1.52604181838337,30.040161350928862,0,74350.5909925854
RWA_cluster_95,RWA,-1.5170465309443997,30.035197868384685,0,75389.8680202805
LTU_cluster_106,LTU,55.919248494018994,23.358697998161453,0,27811.806935737313
LTU_cluster_138,LTU,55.91593528849432,23.354106141404262,0,27606.187150561716
LTU_cluster_14,LTU,54.92797051859412,23.996201630051143,0,25698.45677831069
LTU_cluster_12,LTU,54.92923263188012,23.988379533158867,0,25879.790985438474
LTU_cluster_253,LTU,55.27351193627879,23.946215457130712,0,2798.834224114027
LTU_cluster_162,LTU,55.92233601432521,23.35453823907237,0,27492.127177833252
LTU_cluster_32,LTU,54.94364660609798,23.88285613373788,0,28859.620886950805
LTU_cluster_367,LTU,54.56878096412122,23.34946292068004,0,26940.079785388658
LTU_cluster_369,LTU,54.66018369512548,23.029066596909697,0,32883.87269093955
LTU_cluster_232,LTU,55.90312855676097,23.27373967473197,0,23135.319462371208
LTU_cluster_423,LTU,54.538673263607166,23.34006208085365,0,30312.57340478693
LTU_cluster_461,LTU,54.75182600133668,23.490379839309416,0,5244.118231596373
LTU_cluster_276,LTU,55.37835906926849,23.11115632705457,0,33569.99201458719
LTU_cluster_596,LTU,55.70687283621288,21.16485325300961,0,85879.0604692564
LTU_cluster_597,LTU,55.25035764691137,22.30345212339532,0,63191.47473997416
LTU_cluster_598,LTU,55.66870232515468,21.21028970504012,0,90431.80827159356
LTU_cluster_60,LTU,54.92622200508533,23.980471661272983,0,25598.758973507574
LTU_cluster_323,LTU,55.259270571198265,23.48609238405095,0,31981.877505130782
LTU_cluster_606,LTU,55.76148880312383,21.162301236419378,0,79824.75013119506
LTU_cluster_667,LTU,55.75007990450551,21.125366134081915,0,80862.7525927544
LTU_cluster_601,LTU,55.66130020154717,21.1920511469315,0,91105.71828901056
LTU_cluster_77,LTU,54.35888897392014,23.441154114972395,0,43757.15830507743
LTU_cluster_728,LTU,55.761698250307205,21.13328328129501,0,79618.3397599508
LTU_cluster_753,LTU,55.88097826109916,21.264099392995533,0,67777.94995750555
LTU_cluster_98,LTU,55.90197797592675,23.26822097602604,0,22849.21239972578
LTU_cluster_97,LTU,55.39487738257303,22.90397396867945,0,31022.282301354393
LTU_cluster_714,LTU,55.66663668030078,21.21131260718128,0,90667.94195991526
LTU_cluster_1014,LTU,54.611900684687846,24.00132698630665,0,9643.339880382644
LTU_cluster_1015,LTU,54.78630059236546,24.65229169508761,0,18090.88325624218
LTU_cluster_1035,LTU,55.070350764525145,24.255308947215667,0,9008.082968782943
LTU_cluster_1076,LTU,55.04641802619997,24.947945233047072,0,35696.45049341416
LTU_cluster_1042,LTU,54.8610426476006,24.0491738688484,0,18249.970742357546
LTU_cluster_1098,LTU,54.9455730340492,24.008592703974813,0,26845.6110314033
LTU_cluster_1171,LTU,55.245380520401646,24.74522943178276,0,28515.92504504023
LTU_cluster_1220,LTU,55.71331835810901,24.36643736340009,0,5148.463248722939
LTU_cluster_1217,LTU,55.712622088674905,24.36387254426436,0,5219.128204393348
LTU_cluster_1361,LTU,55.58961463242257,26.466287727551418,0,78063.32180974635
LTU_cluster_1261,LTU,55.75717861228433,24.306170379497,0,11267.846673463146
LTU_cluster_1391,LTU,55.74311323960475,26.249447348381867,0,66396.1968286568
LTU_cluster_1414,LTU,55.604845963285726,26.420059049405364,0,76968.42515436572
LTU_cluster_1523,LTU,55.96036463168249,25.565142873207527,0,56692.4926129809
LTU_cluster_1407,LTU,55.73947552183144,26.25651792350473,0,66734.75973796201
LTU_cluster_816,LTU,54.72705338555642,25.300614108299083,0,18614.144426189814
LTU_cluster_1489,LTU,55.61942716156906,25.587538143821263,0,53611.9939179316
LTU_cluster_1664,LTU,55.31681130867382,26.670472026945344,0,75635.68456268127
LTU_cluster_875,LTU,54.59582112068868,25.208739130726563,0,2873.932909709038
LTU_cluster_897,LTU,54.665317974601685,25.21680151898192,0,10544.954157795659
LTU_cluster_946,LTU,54.41158959774669,24.000182646669423,0,8369.622690801509
LTU_cluster_944,LTU,54.40782305229289,24.019723898638304,0,7053.559562693941
LTU_cluster_956,LTU,54.406543754236175,24.02169767649704,0,6874.249751887542
LTU_cluster_964,LTU,54.38755413330538,24.02251583680216,0,6137.227795796964
LTU_cluster_967,LTU,54.38751418973624,24.01488900157469,0,6623.440938858828
LTU_cluster_968,LTU,54.41238235207978,24.066774040662462,0,4974.176122523982
LTU_cluster_979,LTU,55.04969562757408,24.958890370404458,0,36483.032539585336
LTU_cluster_986,LTU,54.92425383019919,24.063406780303843,0,22769.857613073244
LTU_cluster_999,LTU,54.91899041423979,24.217692575790096,0,13399.396154990738
LTU_cluster_997,LTU,54.856546918290974,24.447486644379147,0,2926.51044826514
LTU_cluster_908,LTU,54.6379081747062,25.20453817565956,0,7426.011202068625
LTU_cluster_1560,LTU,55.52504019760637,25.10760089175186,0,46034.576253236206
UKR_cluster_125,UKR,48.41962476102968,22.3909826800772,0,33346.027152167146
UKR_cluster_144,UKR,47.95864029907999,23.87705061574509,0,56866.48645261509
UKR_cluster_246,UKR,48.38945122228121,22.72242661591545,0,24497.40633373837
UKR_cluster_401,UKR,49.28030169769438,23.42381033929632,0,115055.82048825773
UKR_cluster_319,UKR,48.41920773773851,22.737426965296223,0,25578.354158184346
UKR_cluster_576,UKR,49.3011908835165,23.55916295774163,0,118774.32927269029
UKR_cluster_523,UKR,49.55990248027622,23.303379871232504,0,84722.90082072299
UKR_cluster_478,UKR,49.80038506889985,23.14241939866996,0,57243.7195839584
UKR_cluster_651,UKR,49.29958755683935,23.55363721037513,0,118675.04787468068
UKR_cluster_402,UKR,48.98944184787443,23.960771475547794,0,106647.55231110431
UKR_cluster_163,UKR,48.42999799685552,22.21277361169244,0,22452.179065713226
UKR_cluster_684,UKR,49.78743216345538,23.866943847725327,0,102236.48613878341
UKR_cluster_686,UKR,49.813033120681865,23.96335431621052,0,107569.61747274258
UKR_cluster_581,UKR,49.30383662669509,23.558216233402216,0,118498.49974079143
UKR_cluster_1116,UKR,48.67887877572311,29.73433596763901,0,115476.20826562821
UKR_cluster_653,UKR,49.15476223916531,23.86966311060508,0,117214.75917148565
UKR_cluster_1323,UKR,48.800346031304656,29.405166146281168,0,110274.6738968314
UKR_cluster_1594,UKR,48.9933017484637,29.792817607694463,0,106194.39378986834
UKR_cluster_1784,UKR,49.20331706070835,28.443805773312,0,62693.567916232656
UKR_cluster_2328,UKR,48.427690547861246,27.82569839535996,0,128326.58974326361
UKR_cluster_2249,UKR,49.04168223672461,28.41482691560285,0,80074.29574711066
UKR_cluster_1939,UKR,49.27182816549776,28.5218850183649,0,53425.608983941005
UKR_cluster_722,UKR,49.8621195030945,23.99032720693992,0,107594.73581259543
UKR_cluster_2363,UKR,48.26584243572703,25.993171556377288,0,65593.1101196561
UKR_cluster_2945,UKR,51.332889681021165,28.82060038119864,0,69063.82685653541
UKR_cluster_2658,UKR,45.95532604150805,29.41576714830143,0,99175.78991176392
UKR_cluster_2951,UKR,51.32945637327365,28.786629188574807,0,69846.55273257695
UKR_cluster_2902,UKR,45.43472562196418,29.285288107076287,0,120531.15847387507
UKR_cluster_2975,UKR,50.69598546061344,29.59837257303295,0,24815.638572327483
UKR_cluster_3030,UKR,50.76961767193424,29.29362315783715,0,1937.9596754810952
UKR_cluster_639,UKR,49.30173975088401,23.55093876805137,0,118366.178645778
UKR_cluster_2788,UKR,46.00639763260671,29.43165451197053,0,93445.7367304575
UKR_cluster_3044,UKR,50.95196007393306,28.676352670932456,0,45944.92720887989
UKR_cluster_3205,UKR,50.18075105598877,28.73843032883965,0,36512.321862469515
UKR_cluster_3285,UKR,50.2825952608131,28.691626249963843,0,46901.52902128131
UKR_cluster_3216,UKR,50.18962027965223,28.28322768475626,0,42478.666250844435
UKR_cluster_3206,UKR,50.181021934980045,28.74149130679343,0,36602.25550869989
UKR_cluster_3395,UKR,49.8841899997737,28.63174311612691,0,3256.6438800355913
UKR_cluster_3185,UKR,50.28606445424627,28.692603587806605,0,47293.271173965804
UKR_cluster_3693,UKR,50.94847941121399,28.605660023043047,0,50356.52294244932
UKR_cluster_3850,UKR,49.57667359314994,25.61759868076264,0,91980.7679792299
UKR_cluster_3886,UKR,49.51072640277268,25.616908707815305,0,85557.94319919773
UKR_cluster_3913,UKR,49.56365075312768,25.55212753252002,0,92992.02868015875
UKR_cluster_3995,UKR,49.250050443241854,26.26377519041536,0,45823.69398980645
UKR_cluster_4276,UKR,49.24401103123839,28.389839362578268,0,60497.18895240075
UKR_cluster_4207,UKR,49.24506384956818,28.393351868351765,0,60268.04095359941
UKR_cluster_3711,UKR,50.96432813810101,28.655457026874792,0,47849.197131764304
UKR_cluster_4486,UKR,49.39683535418247,27.05498490254935,0,88011.61942654593
UKR_cluster_3981,UKR,49.539633282485056,26.201774267152537,0,77749.30063967893
UKR_cluster_4527,UKR,49.39579316973288,27.06381386853297,0,88389.22142859027
UKR_cluster_4509,UKR,49.39727234191813,27.059555760375822,0,88282.38353291081
UKR_cluster_4467,UKR,49.40550312480613,26.93938257204492,0,82965.50590974536
UKR_cluster_4571,UKR,49.08218212146871,27.69077710201987,0,107336.22285594848
UKR_cluster_4661,UKR,49.04459985585258,24.34680905865252,0,131105.0914353658
UKR_cluster_4657,UKR,49.03439112151044,24.34877746536253,0,130479.55385779079
UKR_cluster_4745,UKR,48.68308960153112,25.475042691571897,0,55586.077423144765
UKR_cluster_4715,UKR,49.04619993230465,24.352838990324656,0,131554.774755974
UKR_cluster_4685,UKR,48.9526673742705,24.71101085790401,0,109185.37247408039
UKR_cluster_4645,UKR,49.0449184288539,24.34978625562402,0,131293.04091466567
UKR_cluster_4995,UKR,48.545072377832994,25.035239856140272,0,91230.24618339214
UKR_cluster_5244,UKR,48.65410700938381,26.60191410838907,0,36331.92197855125
UKR_cluster_4647,UKR,49.04545696217196,24.358459280868885,0,131813.10788578464
UKR_cluster_4704,UKR,49.04500325881352,24.35458080806033,0,131565.0668811028
UKR_cluster_5248,UKR,48.72753984945744,26.59856244348633,0,32131.759178470253
UKR_cluster_5688,UKR,50.20778900010859,24.38875694834735,0,130961.23292332771
UKR_cluster_5598,UKR,50.0809200596033,25.130620556232103,0,157927.4621393744
UKR_cluster_5362,UKR,48.655639171393375,26.600224953518087,0,36132.72622384481
UKR_cluster_5720,UKR,50.83136128439705,25.260074773305234,0,121639.52800531255
UKR_cluster_5215,UKR,48.65119910593675,26.59949362692561,0,36373.07297661379
UKR_cluster_5770,UKR,50.741088816258966,25.276725706697103,0,127893.11169443284
UKR_cluster_5793,UKR,50.69016122167282,25.30566492320036,0,130723.90709048038
UKR_cluster_5887,UKR,50.4175782228859,25.742117256985384,0,140062.63218961284
UKR_cluster_6213,UKR,50.10766232384991,24.33281771058784,0,127021.35043916987
UKR_cluster_6312,UKR,49.95195379973237,24.196559712094214,0,119426.46910833957
UKR_cluster_6366,UKR,49.77483882168043,24.02215691019644,0,113051.39624283153
UKR_cluster_6295,UKR,50.09643197297977,24.3608235245474,0,129080.91603384985
UKR_cluster_6017,UKR,50.63715773658456,26.27967554188605,0,105496.17363130195
UKR_cluster_6311,UKR,49.90695838821114,24.099306104443865,0,113731.52424722216
UKR_cluster_6397,UKR,49.78403223457013,24.017709816321528,0,112374.09848882708
UKR_cluster_5261,UKR,48.71921507271382,26.561987452697064,0,30088.628553206476
UKR_cluster_6392,UKR,49.84264324408549,24.102461005691868,0,115912.05570739359
UKR_cluster_6444,UKR,51.2006412584807,24.657459980546705,0,137396.2965245077
UKR_cluster_6483,UKR,51.24619457068858,24.713844731797423,0,132135.58495476597
UKR_cluster_842,UKR,50.72595981788287,24.186750478356178,0,132414.3950643642
UKR_cluster_856,UKR,50.29529197826735,24.244737747870936,0,121535.50927116326
UKR_cluster_861,UKR,50.72522069849958,24.14507499336891,0,129801.97345200065
UKR_cluster_881,UKR,50.28899650622402,24.266703142669723,0,123000.86278263343
UKR_cluster_834,UKR,50.74452732781792,24.15228078908358,0,131296.8706103483
UKR_cluster_6464,UKR,51.17941324659441,24.61754966091045,0,140782.30154988484
UKR_cluster_830,UKR,50.39997749329188,24.22485425827064,0,122138.5288276441
UKR_cluster_10046,UKR,48.0749708274846,33.52169305619978,0,30228.29032361317
UKR_cluster_10065,UKR,48.06642298721478,33.51057524860325,0,28970.406807116648
UKR_cluster_10059,UKR,47.87763848533095,33.2610145310036,0,1423.0297556360572
UKR_cluster_10038,UKR,47.97181355709863,33.41221047825128,0,16430.898970875933
UKR_cluster_10070,UKR,48.00952560560958,33.445436668220054,0,21069.049221905167
UKR_cluster_10066,UKR,48.005566392076176,33.44037621424945,0,20492.579830487863
UKR_cluster_10083,UKR,48.14987328852983,33.55647166174445,0,38233.886246521055
UKR_cluster_10090,UKR,48.091576882979545,33.404777298076326,0,26670.330443729425
UKR_cluster_10084,UKR,48.14457969435034,33.57134154960695,0,38465.797524051086
UKR_cluster_10101,UKR,48.02886124809445,33.48179760145837,0,24510.680230776532
UKR_cluster_10095,UKR,48.01260047555295,33.45409432436565,0,21771.05553380485
UKR_cluster_10104,UKR,48.141010709330736,33.56959908765936,0,38078.16411040037
UKR_cluster_10093,UKR,48.14134818395962,33.548746955019006,0,37133.9078563609
UKR_cluster_10091,UKR,48.07536474940245,33.5120215644592,0,29769.15221874094
UKR_cluster_10117,UKR,48.13729737323669,33.56177964551376,0,37389.58326076624
UKR_cluster_10110,UKR,48.03452795385805,33.48499142511735,0,25116.52191408117
UKR_cluster_10108,UKR,48.14472629593863,33.54905294121632,0,37444.349124300934
UKR_cluster_10119,UKR,48.1428985130787,33.5690330640004,0,38212.561718190285
UKR_cluster_10132,UKR,48.08064743911625,33.512951249803905,0,30250.390737815458
UKR_cluster_10086,UKR,47.969314588397,33.41344419552628,0,16327.838367899632
UKR_cluster_10133,UKR,48.33046231362047,33.484592032632065,0,53448.95109543401
UKR_cluster_10160,UKR,48.10447991984932,32.78491461289335,0,25437.076840103695
UKR_cluster_10138,UKR,48.14796869896936,33.55531455180592,0,38014.03154562156
UKR_cluster_10166,UKR,48.050289919444495,33.491677843837955,0,26704.294897942982
UKR_cluster_10177,UKR,48.02553490302289,33.467355734246205,0,23478.648170224318
UKR_cluster_10213,UKR,47.896847081731295,33.30851351677766,0,5391.983914298029
UKR_cluster_10178,UKR,48.04478567437834,33.468469835865186,0,25075.630989281097
UKR_cluster_10300,UKR,48.00902323135584,33.45738427199176,0,21680.529528099734
UKR_cluster_10267,UKR,48.34443244962261,33.47975564646386,0,54796.377795163084
UKR_cluster_10199,UKR,48.348552581310805,33.48220419274547,0,55288.428925735694
UKR_cluster_10314,UKR,48.11554882026755,32.784875286096714,0,24617.075899896594
UKR_cluster_10317,UKR,48.1379438484623,33.557592447894365,0,37247.810375292625
UKR_cluster_10347,UKR,48.03348339825421,33.48355126241471,0,24958.84273329584
UKR_cluster_10355,UKR,48.33046996673174,33.49460428485411,0,53704.92126896773
UKR_cluster_10511,UKR,47.65965515937904,34.13993980858157,0,71366.66892891393
UKR_cluster_10416,UKR,47.86895932712458,33.490599702308806,0,18573.441221186073
UKR_cluster_10531,UKR,47.65717384193834,34.09374829919012,0,68230.58088022962
UKR_cluster_10646,UKR,48.36683822197278,35.08420566625526,0,43758.437194890685
UKR_cluster_10564,UKR,48.4214253912393,34.931069114358344,0,50638.63268076022
UKR_cluster_10515,UKR,47.66311856113098,34.098023356788566,0,68291.3983103556
UKR_cluster_10514,UKR,47.65890687922487,34.093226804581874,0,68124.10461596717
UKR_cluster_10661,UKR,47.88471468809229,35.016019343439616,0,10346.595142473314
UKR_cluster_10668,UKR,47.95203505890135,35.43994820441455,0,28661.206928373664
UKR_cluster_10669,UKR,47.93273349413966,35.42020731531118,0,27475.6756565527
UKR_cluster_10555,UKR,47.66451936688411,34.08648744525067,0,67428.6413666549
UKR_cluster_10692,UKR,47.85323521334449,35.28445231058708,0,21644.666762935285
UKR_cluster_10015,UKR,48.50401489110275,32.789213985937245,0,33172.71417537045
UKR_cluster_10757,UKR,47.88504650164182,35.026867146255455,0,10105.197015268592
UKR_cluster_10873,UKR,47.48598376424185,34.5196361232013,0,67477.18268912891
UKR_cluster_10786,UKR,47.89639608355789,35.07396268931067,0,8700.165743379148
UKR_cluster_10819,UKR,47.8747562209129,35.27837156817883,0,19868.79481830511
UKR_cluster_10673,UKR,47.897302889771865,35.06632111689231,0,8532.3730193239
UKR_cluster_10875,UKR,47.64192702701322,34.66269462280529,0,47177.95881130123
UKR_cluster_10886,UKR,47.63914025785841,34.65992360932394,0,47549.76800698632
UKR_cluster_10878,UKR,47.507841584719365,34.64233581858038,0,60352.770000551885
UKR_cluster_10719,UKR,47.781145691105785,35.24656079900455,0,25687.191885894048
UKR_cluster_10896,UKR,47.58536076528369,34.29251426814201,0,71573.73347513704
UKR_cluster_10902,UKR,47.61786391915344,34.424370218220275,0,61601.203663776265
UKR_cluster_10954,UKR,47.498458539170585,34.39131263644449,0,72572.09948656212
UKR_cluster_10960,UKR,47.62264474353775,35.05078356832366,0,39043.01506700899
UKR_cluster_11009,UKR,47.59008128793487,35.363665420356554,0,48447.40605855387
UKR_cluster_11305,UKR,46.98323819448229,31.933080103678225,0,5331.19823487049
UKR_cluster_11119,UKR,47.48506932784927,34.63356440193826,0,62870.5876981332
UKR_cluster_10903,UKR,47.65311997578611,34.62138959785092,0,48230.02793202961
UKR_cluster_11355,UKR,47.16424341091015,31.75349547504805,0,22997.395647804085
UKR_cluster_11169,UKR,46.9121090040404,32.083062626293504,0,17848.83572128633
UKR_cluster_11561,UKR,46.17104096941715,30.35870845745337,0,74272.81899943744
UKR_cluster_11361,UKR,46.97861917153015,32.075406105656626,0,15994.312494141383
UKR_cluster_11325,UKR,46.977199209002826,32.07480828385429,0,15942.520860165247
UKR_cluster_11683,UKR,46.4410353294728,30.645790490304712,0,37033.285582596305
UKR_cluster_11684,UKR,46.43994735507544,30.638671235226248,0,37468.446635913264
UKR_cluster_11686,UKR,46.555069975261326,30.649755687129964,0,27966.96348121004
UKR_cluster_11740,UKR,46.628305574595984,31.47239448335234,0,4598.524331586354
UKR_cluster_11711,UKR,46.44736676855421,30.6734132683193,0,35188.38745594695
UKR_cluster_11714,UKR,46.553370509243365,30.65150903539922,0,27969.62959720827
UKR_cluster_11763,UKR,46.59523111138528,30.8110058535534,0,15762.62009081611
UKR_cluster_11759,UKR,46.59162397053152,30.97382731517844,0,12409.419352001514
UKR_cluster_11770,UKR,46.451694310117325,30.64369605527414,0,36214.01514647808
UKR_cluster_11694,UKR,46.449433528027726,30.67322350880459,0,35012.37374803043
UKR_cluster_11790,UKR,46.58942489585906,30.81544701230688,0,16038.706918833721
UKR_cluster_11895,UKR,46.32737804311413,30.559089172259647,0,51138.43719760726
UKR_cluster_11983,UKR,50.79491565695943,30.13713962780329,0,60845.45522675085
UKR_cluster_11840,UKR,46.488651663127634,30.61610200471231,0,34666.004296480554
UKR_cluster_11887,UKR,46.44547328140863,30.67390222685225,0,35335.9416328364
UKR_cluster_12017,UKR,50.50938026405335,30.84263339285988,0,37068.678115478164
UKR_cluster_12021,UKR,50.50762558411723,30.844059503913627,0,36891.062412777326
UKR_cluster_12059,UKR,50.747264974146816,31.026911716059747,0,47612.657602829786
UKR_cluster_12211,UKR,51.45870666676616,31.23189838209519,0,32504.72332998899
UKR_cluster_12297,UKR,49.80802481519858,30.044657658911884,0,14406.004623989711
UKR_cluster_12068,UKR,50.749793238038514,31.0268451733364,0,47869.79618023836
UKR_cluster_12248,UKR,49.81118318205875,30.03178790396331,0,14589.099547142712
UKR_cluster_12303,UKR,49.77565346082236,30.16497648323382,0,16193.254206988575
UKR_cluster_12351,UKR,49.81922164763217,30.13888993190025,0,11284.549486146509
UKR_cluster_12356,UKR,49.783213447575385,30.17909954776495,0,15488.469547919492
UKR_cluster_12374,UKR,50.34371647968263,30.428106631552367,0,51216.24592966515
UKR_cluster_11786,UKR,46.584291382048136,30.80661741777566,0,16907.254983974923
UKR_cluster_12400,UKR,50.08497042225296,30.60579304810744,0,37725.103897672954
UKR_cluster_12403,UKR,50.43450569665384,30.317172920818976,0,58453.532934676114
UKR_cluster_12404,UKR,50.345770906216046,30.45449790741056,0,52195.34826950833
UKR_cluster_12391,UKR,50.60001206713045,30.4866219310053,0,64109.567944037066
UKR_cluster_12419,UKR,50.35060562403461,30.92692915788327,0,27142.709452113195
UKR_cluster_12413,UKR,50.59646256132415,30.49037913575001,0,63705.286898774975
UKR_cluster_11477,UKR,46.14666623934824,30.525092779407657,0,69689.09367957665
UKR_cluster_12437,UKR,50.12741539231361,30.629270412322704,0,41598.54605359743
UKR_cluster_12451,UKR,50.52584984694331,30.642795638346698,0,50735.862820177674
UKR_cluster_12457,UKR,50.58914299933361,30.48576364139676,0,63674.458504293274
UKR_cluster_12424,UKR,50.501437767751554,30.80329919254234,0,39209.38577267762
UKR_cluster_12458,UKR,50.35443935762413,30.47432633211758,0,53673.681211908864
UKR_cluster_12425,UKR,50.20207784621617,30.31321734284762,0,33543.70095124346
UKR_cluster_12463,UKR,50.39426830060963,30.78381010661926,0,37477.03105159728
UKR_cluster_12466,UKR,50.20956178004409,30.31155538773212,0,34279.44627061143
UKR_cluster_12487,UKR,50.25210616401488,30.32747039321392,0,39111.66024461608
UKR_cluster_12486,UKR,50.3454328163905,30.93011315230539,0,26943.243452340637
UKR_cluster_12483,UKR,50.14879399848371,30.749754547623617,0,46111.710392870766
UKR_cluster_12478,UKR,50.126557910118144,30.63441955879399,0,41853.625929639595
UKR_cluster_12490,UKR,50.254023244175386,30.325271152930824,0,39260.54589511024
UKR_cluster_12542,UKR,50.34659865669929,30.47557338972036,0,52932.05205032006
UKR_cluster_12439,UKR,50.25951984880601,30.316093011871207,0,39630.172456629676
UKR_cluster_12521,UKR,50.35046143919171,30.47536705740829,0,53309.78644607495
UKR_cluster_12491,UKR,50.152301599906174,30.744906694148003,0,46213.3967975979
UKR_cluster_12550,UKR,50.34801436263547,30.47832200126845,0,53160.324218247646
UKR_cluster_12563,UKR,50.39733938027115,30.34162656151741,0,54843.07563484013
UKR_cluster_12414,UKR,50.34138171528375,30.425077434444667,0,50892.69964666836
UKR_cluster_12559,UKR,50.34910340439504,30.45255548990041,0,52472.6791575327
UKR_cluster_12568,UKR,50.578340044049,30.482107545240336,0,63445.01281940528
UKR_cluster_12575,UKR,50.35132072751835,30.478938912776787,0,53508.456900253084
UKR_cluster_12574,UKR,50.15112241416943,30.74812793203461,0,46080.58900982549
UKR_cluster_12697,UKR,50.56387381052113,30.206226609367583,0,70103.99238033187
UKR_cluster_12625,UKR,50.12852872692408,30.63648014728702,0,42096.25537649447
UKR_cluster_12699,UKR,50.52996017447296,30.26737761206749,0,68318.09945950031
UKR_cluster_12709,UKR,50.61117457506142,30.4329186440464,0,68074.87545314386
UKR_cluster_12721,UKR,50.61800840055386,30.439376782708848,0,67974.01224436115
UKR_cluster_12686,UKR,50.59227538702877,30.221421958623644,0,70085.41934772406
UKR_cluster_12822,UKR,50.0347722472435,32.98679274943076,0,71584.63988099371
UKR_cluster_12737,UKR,51.537776746510666,31.29452043114276,0,36212.51744772417
UKR_cluster_13187,UKR,49.60719544198911,34.498453704731446,0,92041.61412554496
UKR_cluster_12726,UKR,50.55621741481716,30.271151436400984,0,71247.82972518129
UKR_cluster_13203,UKR,49.55004376625144,34.624375653001124,0,101702.95873811346
UKR_cluster_12733,UKR,51.53669217583275,31.29381871472632,0,36157.21216021396
UKR_cluster_13221,UKR,49.60739423418308,34.493892562105806,0,91887.7973299341
UKR_cluster_12757,UKR,51.65406343754775,30.737577464681284,0,15360.91650110154
UKR_cluster_13219,UKR,49.456601131117694,35.142870458848975,0,107085.20167510024
UKR_cluster_13394,UKR,48.71881532457372,32.65966431739771,0,34921.01958872509
UKR_cluster_13422,UKR,49.05232224818419,33.20606245891518,0,89113.88413851814
UKR_cluster_13427,UKR,49.06397796749391,33.25859456953566,0,92919.91460200767
UKR_cluster_13382,UKR,48.71346687491411,32.68875089742248,0,36419.955677760525
UKR_cluster_13460,UKR,49.05479846976809,33.21130736853034,0,89584.28715417236
UKR_cluster_13417,UKR,49.05534300781387,33.21785328538656,0,89994.4138728875
UKR_cluster_13486,UKR,48.6703683158807,33.08166318298432,0,61072.69265198859
UKR_cluster_13473,UKR,49.05251374998687,33.21090558691202,0,89402.51820214266
UKR_cluster_13534,UKR,49.04797746417162,33.20785767346315,0,88914.29508137438
UKR_cluster_13528,UKR,48.8421733319508,32.33060739534841,0,33280.611963558455
UKR_cluster_13511,UKR,48.66641206172546,33.06688668420894,0,60024.208412020445
UKR_cluster_13440,UKR,49.052631199536215,33.20180192039173,0,88893.72939979595
UKR_cluster_13544,UKR,49.0553673974604,33.2270531372205,0,90520.88772771016
UKR_cluster_13563,UKR,49.05373550131972,33.20664652833353,0,89245.57741748347
UKR_cluster_13553,UKR,48.71333270393662,32.69153725615168,0,36588.6401073744
UKR_cluster_13435,UKR,49.04478009260564,33.17433473909641,0,86790.1635004986
UKR_cluster_13656,UKR,49.23690732856789,31.88395316886481,0,38638.255082177886
UKR_cluster_13616,UKR,49.20926225066446,31.853253454111368,0,34991.99065066106
UKR_cluster_13565,UKR,49.04227978750206,33.21237111713446,0,88780.07040175909
UKR_cluster_13782,UKR,49.11444330966094,33.29515947461938,0,98507.27209191542
UKR_cluster_13781,UKR,49.12966821300888,33.443559333386304,0,108065.00636335203
UKR_cluster_13622,UKR,49.43572639775277,31.99900206955984,0,62265.31768309909
UKR_cluster_13786,UKR,49.14520126392962,33.43956945802811,0,108868.81433211734
UKR_cluster_13783,UKR,49.1338735752357,33.4402764209546,0,108151.90807736725
UKR_cluster_13808,UKR,49.111758526972096,33.28437493938678,0,97712.10205752394
UKR_cluster_13818,UKR,49.11165688514237,33.29371465191431,0,98229.18543422857
UKR_cluster_13822,UKR,49.14423194450864,33.43422641942083,0,108494.37467306187
UKR_cluster_13817,UKR,49.14183352811592,33.44323978785682,0,108855.48076080758
UKR_cluster_13809,UKR,49.14070248941509,33.440988322893496,0,108648.99247788938
UKR_cluster_13826,UKR,49.11212987995814,33.297336072421494,0,98466.32878218354
UKR_cluster_13834,UKR,49.13221465648547,33.44760675919154,0,108470.11615978369
UKR_cluster_13838,UKR,49.13148713944111,33.436405328122646,0,107767.4971284269
UKR_cluster_12596,UKR,50.38079314018763,30.95905651351456,0,24964.973565422235
UKR_cluster_14010,UKR,49.01673748313875,33.649498022919374,0,114289.71849417966
UKR_cluster_14113,UKR,48.47606825945713,34.01285040600649,0,87698.56826711795
UKR_cluster_13824,UKR,49.12785370823174,33.4434516124206,0,107938.95690634284
UKR_cluster_14153,UKR,48.47205793395645,34.01091221375749,0,87268.36376268735
UKR_cluster_14145,UKR,48.478519129316176,34.03731478121804,0,89094.65436071297
UKR_cluster_14192,UKR,48.596677708596346,34.561356122070535,0,78354.37511861637
UKR_cluster_14193,UKR,48.5123109684459,34.569034881872255,0,69919.07829259193
UKR_cluster_14289,UKR,48.61060485756137,34.56540853714181,0,79587.0992031681
UKR_cluster_14378,UKR,50.599261337160485,32.32936680561078,0,7220.607961230561
UKR_cluster_14529,UKR,51.24237424753407,33.170240793715664,0,91920.29702076285
UKR_cluster_14587,UKR,51.242373445104064,33.16540261852385,0,91725.71887321894
UKR_cluster_14173,UKR,48.47929690530799,34.03978351138513,0,89280.3752899504
UKR_cluster_14555,UKR,51.23811071226079,33.17568797822188,0,91755.03718113626
UKR_cluster_14755,UKR,50.5511062715402,34.48055785860717,0,24675.790636739726
UKR_cluster_13856,UKR,49.15494005039409,33.43384301139552,0,109198.88647153169
UKR_cluster_14904,UKR,50.88547962011399,34.82855032625775,0,28888.502981197187
UKR_cluster_14909,UKR,50.88600836231211,34.83340200802412,0,28964.947493056603
UKR_cluster_14896,UKR,50.95041023524572,34.75781301161522,0,36261.001387137476
UKR_cluster_14931,UKR,50.86123824558377,34.87463273461487,0,26559.270678712703
UKR_cluster_15307,UKR,50.275358141334806,31.46712022811535,0,14524.966507998031
UKR_cluster_14910,UKR,50.8844328561357,34.85442237226325,0,28913.71985357057
UKR_cluster_15184,UKR,50.26679658328691,31.76805999994269,0,34133.13173734854
UKR_cluster_15249,UKR,50.26868907901126,31.767383922441507,0,34024.35691182273
UKR_cluster_15513,UKR,50.22320135821675,32.5220705940391,0,38816.21076405667
UKR_cluster_15270,UKR,50.30867402262496,31.470466376514217,0,12708.547196755058
UKR_cluster_15572,UKR,50.026922547090216,32.72237431398904,0,63725.35763190509
UKR_cluster_15788,UKR,45.29430573739921,35.7868846130625,0,29090.613013137146
UKR_cluster_15615,UKR,44.56785144283548,33.616917364415,0,63443.66918872941
UKR_cluster_15815,UKR,45.03286383145975,35.34480536733294,0,16147.75589523577
UKR_cluster_15929,UKR,44.7772099567647,33.54611010126119,0,40069.37658880039
UKR_cluster_15952,UKR,45.20287420436591,33.323329588779714,0,20390.421308296678
UKR_cluster_15936,UKR,45.385125616178456,33.11541342612507,0,44771.0248397823
UKR_cluster_16144,UKR,45.1345783949999,33.615889060136325,0,3907.1560771487534
UKR_cluster_16235,UKR,45.10723643258956,33.998066765610126,0,34045.95982894669
UKR_cluster_16237,UKR,45.10994418624827,33.99952279549452,0,34130.71362036445
UKR_cluster_15624,UKR,44.566405154740856,33.41798625219311,0,64545.133052980826
UKR_cluster_16381,UKR,49.00895355923674,35.34468047909328,0,117053.66508961389
UKR_cluster_16340,UKR,45.02377640528192,34.01594476679458,0,37497.96665744402
UKR_cluster_16387,UKR,48.66886889374059,35.27508103616665,0,78967.32256405015
UKR_cluster_16161,UKR,45.10565782155463,33.56983585942103,0,3527.755604357485
UKR_cluster_16391,UKR,48.53623882449812,35.07311388718268,0,62558.51670365466
UKR_cluster_16383,UKR,48.51453807757191,35.08881298091126,0,60181.17361647521
UKR_cluster_16398,UKR,48.61748851737336,35.40781672035492,0,76155.56781001898
UKR_cluster_16404,UKR,48.53375697449864,35.07855610106869,0,62291.91902718566
UKR_cluster_16196,UKR,45.10834371623792,34.00086465293694,0,34252.31010795591
UKR_cluster_16420,UKR,48.71030346520295,35.37669800762013,0,85254.14748233321
UKR_cluster_16424,UKR,48.639032193238535,35.22942735063826,0,75075.2728110908
UKR_cluster_16438,UKR,49.01781970703014,35.344316815274475,0,118018.140386402
UKR_cluster_16428,UKR,48.61865486482824,35.4032959102357,0,76164.05076609539
UKR_cluster_16455,UKR,48.62344272703356,35.20933239035951,0,73123.43361562249
UKR_cluster_16446,UKR,48.70784234789119,35.37970233228078,0,85053.55818441423
UKR_cluster_16459,UKR,48.62109234767954,35.40156259293322,0,76376.12494396597
UKR_cluster_16630,UKR,48.32083619778115,35.50137201030352,0,50788.50178905093
UKR_cluster_16501,UKR,48.62521614434801,35.399306467008955,0,76752.77919902638
UKR_cluster_16620,UKR,48.39614837246111,35.08653940662954,0,47022.08586976458
UKR_cluster_16536,UKR,48.62243312591467,35.39985498817477,0,76474.48008953515
UKR_cluster_16659,UKR,48.32036638666624,35.49697202251716,0,50537.16035652125
UKR_cluster_16632,UKR,48.338796336247775,35.48828504314297,0,51711.56586462505
UKR_cluster_16669,UKR,48.50510656699973,35.93329698607608,0,54459.90908126859
UKR_cluster_16662,UKR,48.32345113025141,35.50474573704109,0,51171.60636437542
UKR_cluster_16661,UKR,48.32442291442794,35.50192562651973,0,51118.02897361987
UKR_cluster_16679,UKR,48.48337996363422,35.92696879953001,0,52823.44858107529
UKR_cluster_16673,UKR,48.54832050682642,35.83614312430633,0,62642.68446336335
UKR_cluster_16690,UKR,48.50583169193112,35.93817479597923,0,54312.56159854271
UKR_cluster_16682,UKR,48.478855440243215,35.93100552922245,0,52244.38016356369
UKR_cluster_16683,UKR,48.49586711174731,35.9566924121661,0,52615.811504958205
UKR_cluster_16726,UKR,48.491982760191,35.92806043200189,0,53527.45260650794
UKR_cluster_16744,UKR,48.55230171753552,35.869046739912186,0,61495.777942162524
UKR_cluster_16654,UKR,48.32485995636896,35.49818336544836,0,50976.06760747982
UKR_cluster_6990,UKR,51.25671530333263,33.20212176663944,0,94509.31622496007
UKR_cluster_6996,UKR,51.258119774258496,33.20025450338848,0,94559.74448370819
UKR_cluster_7001,UKR,51.26567189278263,33.21584860910288,0,95876.42259295855
UKR_cluster_7035,UKR,51.88496527537976,33.52750628032512,0,165815.88978500557
UKR_cluster_7071,UKR,51.88976556116689,33.515996318557384,0,165915.26982704806
UKR_cluster_7082,UKR,51.54102980616376,33.3633160541979,0,127018.57509543949
UKR_cluster_6989,UKR,51.26099963193788,33.205145848738674,0,95018.6196293608
UKR_cluster_7186,UKR,51.95220820214631,33.94220670355622,0,159328.75223846943
UKR_cluster_7413,UKR,48.15973552920112,30.59653669344104,0,60947.465630948696
UKR_cluster_7526,UKR,48.15803624454228,30.586876226639053,0,61409.42461493101
UKR_cluster_7333,UKR,51.53681443645083,31.387083282503347,0,42600.30262989415
UKR_cluster_7490,UKR,48.159929599409146,30.58975373529216,0,61363.23139133354
UKR_cluster_7619,UKR,48.78064466720826,30.26078763336176,0,79088.94106205889
UKR_cluster_7674,UKR,48.05336782152335,30.88707439703499,0,36776.35315086552
UKR_cluster_7752,UKR,48.50531193965022,32.202302066118584,0,6360.997744255131
UKR_cluster_7414,UKR,48.15991587418562,30.593854244734903,0,61118.633561292445
UKR_cluster_7582,UKR,48.76379348543215,30.19698864148692,0,83187.48172137077
UKR_cluster_7684,UKR,48.05352231840037,30.880928523789816,0,37124.88299575705
UKR_cluster_7754,UKR,48.49150056517137,32.201131224411235,0,7588.414229863269
UKR_cluster_7755,UKR,47.81031527823494,31.19262325047788,0,4674.69009747896
UKR_cluster_7759,UKR,48.495862996399765,32.189847639811944,0,7754.263150004828
UKR_cluster_7756,UKR,47.90401864282557,31.275497262478165,0,8627.720131790438
UKR_cluster_7560,UKR,48.76424113902124,30.195101500905512,0,83333.3476803365
UKR_cluster_7825,UKR,47.90600441451362,31.271794180383345,0,8785.42134635166
UKR_cluster_7837,UKR,48.531176426757646,32.11653798550416,0,10885.347648472705
UKR_cluster_7941,UKR,48.47052916890515,32.286342219363874,0,8599.878745498852
UKR_cluster_7757,UKR,48.4852828585538,32.21722966621142,0,7559.6314659809605
UKR_cluster_7830,UKR,48.33640388464859,31.50751439022076,0,32507.966812846702
UKR_cluster_8113,UKR,48.44461582244646,31.09492389171923,0,22534.207268785816
UKR_cluster_7981,UKR,48.49415624659142,32.21289513941766,0,6853.969384537718
UKR_cluster_8451,UKR,47.593767708544064,31.327856414238607,0,26755.642935263324
UKR_cluster_9010,UKR,46.74027949369621,33.41170297046596,0,1719.8614362176454
UKR_cluster_9008,UKR,46.832104503342464,33.39597097090989,0,7962.722026617414
UKR_cluster_9138,UKR,46.72788223311947,33.48915727829323,0,5744.763704758941
UKR_cluster_9311,UKR,47.565495682273465,33.6333726263695,0,45433.74346825637
UKR_cluster_9369,UKR,46.886423090105566,35.339550395221394,0,122552.02496039707
UKR_cluster_9111,UKR,46.81369109210029,33.52370125009513,0,2439.7509960960306
UKR_cluster_9510,UKR,47.26234973530017,35.6861341301362,0,92115.58355265828
UKR_cluster_9664,UKR,46.107390703362725,33.68106983740158,0,18977.558999939676
UKR_cluster_9557,UKR,47.23017126409932,35.68186523706841,0,95054.73201064194
UKR_cluster_9756,UKR,46.12460486979217,33.69163966234092,0,20458.142642264876
UKR_cluster_9726,UKR,46.42006315418969,33.14515942231761,0,42740.97131693914
UKR_cluster_9897,UKR,45.86555588980603,34.38652203318483,0,31718.900335574308
UKR_cluster_9894,UKR,45.70260817617684,34.405865659626215,0,15603.659242680123
UKR_cluster_9930,UKR,45.705725700091705,34.40801815797437,0,15982.874212569299
UKR_cluster_9901,UKR,45.69911222927888,34.39857744983856,0,14959.617607723796
UKR_cluster_9985,UKR,47.68607501521822,33.16490400747006,0,22094.960824526777
UKR_cluster_9989,UKR,47.68607392429361,33.14885848672252,0,22437.266932403505
UKR_cluster_9973,UKR,47.67729360815958,33.17198822034063,0,22912.69390292884
UKR_cluster_16833,UKR,49.6929188979332,37.6049899862099,0,57643.482211815295
UKR_cluster_16835,UKR,49.68271984189308,37.63699474842187,0,57313.41703789928
UKR_cluster_16823,UKR,49.6528626836404,37.65536820437695,0,59480.42450178133
UKR_cluster_16966,UKR,49.90050760271311,36.36119888719551,0,6617.842054991598
UKR_cluster_16971,UKR,49.89026302282311,36.45571266811219,0,3106.287077358036
UKR_cluster_16965,UKR,50.03649440813169,36.37298490881448,0,14277.352000719571
UKR_cluster_16975,UKR,50.035939311909466,36.36949777674214,0,14318.267123759268
UKR_cluster_16998,UKR,49.93647391873395,36.35358063425224,0,7174.477916674323
UKR_cluster_17013,UKR,50.02727799950006,36.37292458916741,0,13338.711522402982
UKR_cluster_17021,UKR,49.90207122628807,36.37143561004509,0,5866.110186733369
UKR_cluster_17011,UKR,49.91580799813666,36.25640172414798,0,13832.64671878205
UKR_cluster_17006,UKR,50.08140875741058,36.78818831690992,0,30269.75206291422
UKR_cluster_17014,UKR,50.021849654085536,36.37506097880492,0,12726.234060993651
UKR_cluster_17026,UKR,49.987101097222485,36.388733937852734,0,8838.926684832448
UKR_cluster_17037,UKR,50.02621250865535,36.36534313608574,0,13464.49391914492
UKR_cluster_17035,UKR,49.89803058858166,36.438829176697546,0,2341.2894947344694
UKR_cluster_17077,UKR,49.89104990638605,36.028558262378176,0,30299.194630079084
UKR_cluster_17123,UKR,50.07853589008212,36.21684036641983,0,24407.02645818931
UKR_cluster_17146,UKR,50.06942884646428,36.21444273793549,0,23797.9196980422
UKR_cluster_17224,UKR,48.06990680570233,39.81198419781939,0,94408.1890926366
UKR_cluster_17140,UKR,49.982721257124616,36.08838030097227,0,26828.548783606846
UKR_cluster_17212,UKR,48.07939628577322,39.70058275090408,0,88387.78823680746
UKR_cluster_17251,UKR,47.98662998141785,37.25145711573289,0,67041.8749134966
UKR_cluster_17246,UKR,48.20176987602855,37.34981733799472,0,72820.51547218296
UKR_cluster_17254,UKR,48.25872673235583,37.19381464095578,0,63366.41751117264
UKR_cluster_17232,UKR,48.32134894218627,39.72975785600271,0,70558.61799940625
UKR_cluster_9716,UKR,46.75696222424163,33.1984094947469,0,17161.354522030422
UKR_cluster_17263,UKR,47.99091660274451,37.26290132596439,0,67777.22019946949
UKR_cluster_17258,UKR,47.98200293442184,37.26601236677322,0,68209.75696465533
UKR_cluster_17294,UKR,48.29934342708556,37.19420012888103,0,64695.35777674831
UKR_cluster_17266,UKR,48.3009460633708,37.286173645020895,0,71227.05919762417
UKR_cluster_17281,UKR,47.98782825046302,37.26297380411475,0,67852.43921507667
UKR_cluster_17317,UKR,48.25551289968436,37.18225751005647,0,62448.01490988031
UKR_cluster_17319,UKR,48.34867490021532,37.21660430375866,0,68179.99522825556
UKR_cluster_17311,UKR,48.26522796500728,37.17721851243815,0,62371.79643865296
UKR_cluster_17326,UKR,48.254004027457306,37.17337398029924,0,61769.26918063699
UKR_cluster_17245,UKR,48.32175377944424,39.74044488533571,0,71153.98354313304
UKR_cluster_17353,UKR,48.19824227923861,37.33212962785537,0,72138.77872623179
UKR_cluster_17300,UKR,48.29231168761186,37.27036369644285,0,69830.33476407251
UKR_cluster_17402,UKR,47.98374820905505,37.26416888843024,0,68034.30106146385
UKR_cluster_17374,UKR,48.25939350161491,37.17930364336455,0,62347.80152442669
UKR_cluster_17467,UKR,48.66057755090771,37.99245056252952,0,50518.247065698786
UKR_cluster_17499,UKR,48.63749739006891,36.98706899187192,0,74331.81656618806
UKR_cluster_17528,UKR,48.53235059791267,37.0649898296274,0,69678.03946021288
UKR_cluster_17472,UKR,48.70117967915841,38.06639880909778,0,43870.008206785926
UKR_cluster_17520,UKR,48.537663390159615,37.067359766446856,0,70204.31041733113
UKR_cluster_17530,UKR,48.70590465205702,38.06915765967623,0,43312.53980039586
UKR_cluster_17510,UKR,48.53622671232497,37.06411584821508,0,69920.20462201942
UKR_cluster_17555,UKR,48.38489763332812,37.905376916480265,0,49699.87047808654
UKR_cluster_17572,UKR,48.66191995912119,37.99538474735601,0,50277.68407160956
UKR_cluster_17696,UKR,48.58927535789039,37.827862292703045,0,63929.30124022359
UKR_cluster_17615,UKR,48.63652269179678,36.99046372600556,0,74401.13091852846
UKR_cluster_17581,UKR,48.70453862346979,38.066492935155885,0,43540.63678674662
UKR_cluster_17597,UKR,48.38973582507005,37.87117896589709,0,51629.664577559844
UKR_cluster_17592,UKR,48.58461304321963,38.02332470875801,0,56845.864319287844
UKR_cluster_17736,UKR,48.31859255726515,37.978565578884975,0,40557.661422030935
UKR_cluster_17754,UKR,48.26999403915571,38.12934388574045,0,30336.428700441764
UKR_cluster_17756,UKR,48.32653615544008,38.07261695514347,0,37799.5828871014
UKR_cluster_17761,UKR,48.32507266231506,37.96720527334505,0,41630.99489408862
UKR_cluster_17741,UKR,48.20640367705023,37.96482254421658,0,31952.931006537416
UKR_cluster_17765,UKR,48.1142977159831,38.1472465383079,0,15044.755003272941
UKR_cluster_17495,UKR,48.53563177387001,37.06818365669229,0,70097.22259674547
UKR_cluster_17767,UKR,48.35363615747743,37.96259698522464,0,44442.984613298635
UKR_cluster_17775,UKR,48.335740814626696,37.95091473400039,0,43296.91766065645
UKR_cluster_17786,UKR,48.40384695641213,38.09742557009663,0,45084.054624582306
UKR_cluster_17792,UKR,48.31776043401306,37.96905813324717,0,40890.86247073996
UKR_cluster_17791,UKR,48.33663081301197,37.94955729989519,0,43435.90999094347
UKR_cluster_17789,UKR,48.430143903758506,38.18311806865108,0,46348.21988842174
UKR_cluster_17814,UKR,48.0908639814147,37.98040306424074,0,24472.651358775503
UKR_cluster_17817,UKR,47.98183445444162,37.64768856338844,0,48120.98829282017
UKR_cluster_17818,UKR,47.9836024130726,37.64483521197093,0,48314.931724761285
UKR_cluster_17834,UKR,48.14212490184204,37.89184367651468,0,32694.356428774336
UKR_cluster_17839,UKR,47.93916638648614,37.76175980932316,0,40468.501340207666
UKR_cluster_17738,UKR,48.40056680502808,38.0981258732796,0,44722.07367410377
UKR_cluster_17845,UKR,48.0256521280376,37.72208436169324,0,42388.58920466949
UKR_cluster_17819,UKR,48.06610546381431,37.7627953048956,0,39677.46725330081
UKR_cluster_17858,UKR,48.0550649258631,38.14005940892939,0,11960.582469991848
UKR_cluster_17874,UKR,48.13398509751294,37.73374554620816,0,43376.35794388101
UKR_cluster_17873,UKR,48.05090600373201,37.71869998079262,0,42765.81356110839
UKR_cluster_17861,UKR,48.10129702186401,37.96423120713197,0,25992.5708536031
UKR_cluster_17864,UKR,48.06543940645256,38.04184965843929,0,19278.49830205144
UKR_cluster_17877,UKR,47.96577050875918,37.92753453494349,0,27774.2538274769
UKR_cluster_17800,UKR,48.32598871290482,38.13613293948426,0,35966.89972234868
UKR_cluster_17926,UKR,47.92395901969064,37.514091759359545,0,58878.9832653186
UKR_cluster_17886,UKR,48.0940538739066,37.98074413167312,0,24565.114846822566
UKR_cluster_17953,UKR,48.10005399678678,37.96962469851341,0,25568.985388682217
UKR_cluster_17937,UKR,47.93544155990512,37.59170154473988,0,52960.52408628044
UKR_cluster_17949,UKR,48.03233220196312,37.719555881077845,0,42591.91159089072
UKR_cluster_17883,UKR,48.117666516897934,37.767047845062194,0,40497.711418060644
UKR_cluster_18000,UKR,48.09941061357029,37.96295407908253,0,26009.70873202007
UKR_cluster_18062,UKR,48.9566815369941,38.3586277167973,0,9882.68825906306
UKR_cluster_17958,UKR,48.10056193621472,37.94645570477483,0,27207.40009540728
UKR_cluster_18026,UKR,48.96723734790309,37.81450366619834,0,40665.979121770404
UKR_cluster_18045,UKR,49.04009373943583,37.5507728697269,0,58919.119375117734
UKR_cluster_18065,UKR,48.86348483972231,38.48546286367991,0,22249.302496208267
UKR_cluster_18064,UKR,49.03699832350933,38.37456240701524,0,1475.8292793842381
UKR_cluster_18068,UKR,48.93227552833069,38.5607449556019,0,19369.503925794426
UKR_cluster_18070,UKR,48.927902698968055,38.5579665169576,0,19538.60983542947
UKR_cluster_18069,UKR,49.03636407394801,38.37722048427726,0,1670.9006754928464
UKR_cluster_18074,UKR,48.86133379253683,38.49315373614749,0,22703.67080081727
UKR_cluster_16977,UKR,49.902238525211246,36.36636636293304,0,6208.045991394946
UKR_cluster_18073,UKR,48.95794405823205,38.356869013324186,0,9743.590501221162
UKR_cluster_18084,UKR,48.871100952873086,38.43405864297433,0,20156.209352860693
UKR_cluster_18063,UKR,48.86577653329434,38.49225129540138,0,22229.869990504216
UKR_cluster_18075,UKR,48.85632790920474,38.485817768664965,0,22986.5064418833
UKR_cluster_18082,UKR,48.94995790431213,38.5100310505614,0,15305.632777852154
UKR_cluster_18097,UKR,48.86387643818482,38.48048097152572,0,22061.02283911484
UKR_cluster_18126,UKR,48.86413165575652,38.429818309184405,0,20824.26074573187
UKR_cluster_18108,UKR,48.86023216313624,38.48473386009337,0,22557.330576670964
UKR_cluster_18135,UKR,48.86152258325168,38.48776122174369,0,22517.608370722257
UKR_cluster_18130,UKR,48.74752896215191,38.48727620199882,0,34438.72218873978
UKR_cluster_18122,UKR,48.92146109252878,38.51557281684368,0,17911.259117251102
UKR_cluster_18128,UKR,48.99961172189029,37.76361533911639,0,43719.755715653206
UKR_cluster_18149,UKR,48.97912142393621,37.824668041129016,0,39670.374349103266
UKR_cluster_18142,UKR,48.86015173751605,38.47619675709412,0,22319.324392832936
UKR_cluster_18160,UKR,48.94981037906751,38.51659630604924,0,15664.917121220165
UKR_cluster_18193,UKR,48.92996328316988,38.48192868781913,0,15670.266532313317
UKR_cluster_18194,UKR,48.86165070224526,38.48071571840596,0,22294.781662993257
UKR_cluster_18212,UKR,48.94987914072978,38.53084404579234,0,16437.600258352246
UKR_cluster_18232,UKR,48.958233597490775,38.36020581042174,0,9710.391829365682
UKR_cluster_18216,UKR,48.91763055799701,38.26640627660039,0,15751.04922686822
UKR_cluster_18197,UKR,48.85980400559987,38.48151433173117,0,22506.442067420005
UKR_cluster_18244,UKR,48.85864604390692,38.48290229844374,0,22664.94470701061
UKR_cluster_18094,UKR,48.87151572406464,38.11074616802974,0,26519.500999444284
UKR_cluster_18292,UKR,49.62853682170312,37.69004708294822,0,60700.72014500832
UKR_cluster_18293,UKR,49.625632106943584,37.66560280210937,0,61786.6712862699
UKR_cluster_18262,UKR,48.8580331456908,38.47947165862659,0,22628.992563222197
UKR_cluster_18407,UKR,47.91269128211762,38.2096750550384,0,13382.051607774009
UKR_cluster_18418,UKR,47.72717958216261,37.41179181372851,0,57293.51341246577
UKR_cluster_18434,UKR,47.61630467937585,37.49952929751973,0,44999.57563594282
UKR_cluster_18299,UKR,49.620387951442645,37.68880924048899,0,61553.41951009943
UKR_cluster_18365,UKR,49.6278565761186,37.68337503506756,0,60982.68821009483
UKR_cluster_18618,UKR,47.79029305308211,38.49998698005013,0,29849.860489665996
UKR_cluster_18631,UKR,47.09192908295113,37.4920294631539,0,53599.681992954116
UKR_cluster_18636,UKR,47.11353900378119,37.68529960622399,0,41926.06390128993
UKR_cluster_18651,UKR,47.16473262971619,37.6113166778565,0,41476.6299350574
UKR_cluster_18649,UKR,47.12794159293675,37.68815359715696,0,40522.29121906287
UKR_cluster_18637,UKR,47.10811089214518,37.67874908802143,0,42706.34554097379
UKR_cluster_18688,UKR,47.06557615299888,37.47874231145541,0,56334.82439741996
UKR_cluster_18355,UKR,49.62482592164557,37.691787065076696,0,61015.852370264096
UKR_cluster_18442,UKR,47.757133180224365,37.65911041759615,0,46666.471339487514
UKR_cluster_18789,UKR,48.63033957637878,38.37466671116838,0,44888.907324948894
UKR_cluster_18790,UKR,48.61918491920444,38.36685788998857,0,45716.566377639356
UKR_cluster_18795,UKR,48.61597644985262,38.36312083746016,0,46066.01328638684
UKR_cluster_18809,UKR,48.22352526119516,38.25577211239994,0,22825.122051526247
UKR_cluster_18817,UKR,48.4357943774428,38.22674647550663,0,46521.223339701646
UKR_cluster_18818,UKR,48.029570961437685,38.49607064879447,0,15218.027208183947
UKR_cluster_18819,UKR,48.15747045554487,38.357723854819774,0,16080.884735579697
UKR_cluster_18820,UKR,48.15798947868644,38.26432165817374,0,15515.68635265244
UKR_cluster_18823,UKR,48.46222616981334,38.279881464498345,0,49216.85655547762
UKR_cluster_18825,UKR,48.637751150434106,38.536809378065634,0,33092.90374956571
UKR_cluster_18826,UKR,48.15620875326223,38.36085250236209,0,16019.983084833873
UKR_cluster_18827,UKR,48.45265218443616,38.76986089333155,0,32400.638101056196
UKR_cluster_18828,UKR,48.58193959335261,38.68424552379605,0,25650.07637662311
UKR_cluster_18830,UKR,48.26386710812584,38.20471067928848,0,27913.545823918157
UKR_cluster_18791,UKR,48.65756848120003,38.3830642173353,0,43178.134981117546
UKR_cluster_18836,UKR,48.26141434199833,38.20314614696515,0,27675.77605418142
UKR_cluster_18422,UKR,47.75851563747582,37.66337125712301,0,46607.98775513641
UKR_cluster_18840,UKR,48.22241411327231,38.26007560772302,0,22666.84188979055
UKR_cluster_18842,UKR,48.10982011304052,38.60746475652316,0,25496.81817019627
UKR_cluster_18846,UKR,48.039398535577895,38.63237360574577,0,25407.219008489177
UKR_cluster_18839,UKR,48.436590979634445,38.23435851281361,0,46554.246223884875
UKR_cluster_18851,UKR,48.58791895761697,38.65189101206519,0,27312.098791100943
UKR_cluster_18859,UKR,48.16107655652552,38.3743427301401,0,16870.691019357535
UKR_cluster_18878,UKR,48.435433898236106,38.22890972950223,0,46464.97468009185
UKR_cluster_18874,UKR,48.417605865553405,38.62984579908144,0,41281.81162819563
UKR_cluster_18141,UKR,48.92122313892913,38.51832497969024,0,18060.231914957774
UKR_cluster_18893,UKR,48.07134003296999,38.696105992599534,0,30586.55803508001
UKR_cluster_18890,UKR,48.42987704722652,38.21786878523851,0,45940.822774506356
UKR_cluster_18906,UKR,48.41871687230269,38.63330822302532,0,41028.07211377984
UKR_cluster_18838,UKR,48.16377862082735,38.93622841529016,0,50460.916071111846
UKR_cluster_18927,UKR,48.63109771658924,38.51937660468716,0,34520.065960742904
UKR_cluster_18930,UKR,48.62234724661653,38.51686831611132,0,34962.59417596452
UKR_cluster_18924,UKR,48.29171031908201,38.88474934522351,0,47077.852547834234
UKR_cluster_18861,UKR,48.63862285206085,38.53762935546203,0,33010.52562166546
UKR_cluster_18938,UKR,48.46511109085549,38.27913187539501,0,49538.62653324908
UKR_cluster_18966,UKR,48.06783417573785,38.734192142684286,0,33307.883951208474
UKR_cluster_18989,UKR,48.08312308100144,38.61574202090862,0,25078.11134591188
UKR_cluster_19011,UKR,48.46467910438054,38.27162216766492,0,49504.41057647839
UKR_cluster_19028,UKR,48.6308542337598,38.515343263798094,0,34813.346363535245
UKR_cluster_18999,UKR,48.6290652444857,38.50886731374455,0,35324.608217575
UKR_cluster_19045,UKR,48.63150477204479,38.53202478334066,0,33611.36465144937
UKR_cluster_18994,UKR,48.30702881202614,38.27923228224376,0,31965.523415546388
UKR_cluster_19116,UKR,48.62958147630765,38.527810679318456,0,33966.978795062045
UKR_cluster_19049,UKR,48.07513250728381,38.69712114219828,0,30741.391204633044
UKR_cluster_19058,UKR,48.43318637308923,38.21319471506944,0,46348.4868846937
UKR_cluster_19090,UKR,48.16224283781754,38.92976155332473,0,49951.92123725125
UKR_cluster_19118,UKR,48.461468069713256,38.84385366475333,0,29340.51470114157
UKR_cluster_19130,UKR,48.16565347125864,38.35547272117864,0,16902.553397960164
UKR_cluster_18967,UKR,48.11180916176812,38.14715927624404,0,14857.449478130888
UKR_cluster_19221,UKR,48.00633154268911,38.256980487312056,0,2996.6162035658867
UKR_cluster_18920,UKR,48.15948004944725,38.93725264430424,0,50385.447305280424
UKR_cluster_19134,UKR,48.16902254124582,38.21346497060012,0,17599.873000761767
UKR_cluster_19227,UKR,48.05818993692904,38.14186388589169,0,11953.67393371235
UKR_cluster_19216,UKR,48.054564291494565,38.14673304282032,0,11474.282996479727
UKR_cluster_19279,UKR,48.10669983837441,39.101005271880695,0,60894.59900876396
UKR_cluster_19353,UKR,48.5269636203124,39.36544349483269,0,35327.73915834409
UKR_cluster_19255,UKR,48.00710479545153,38.25284735022378,0,3229.0606184629373
UKR_cluster_19284,UKR,48.1070522559144,39.097352848177806,0,60632.70901011377
UKR_cluster_19359,UKR,48.35448223850629,39.65759452627975,0,64089.28287437863
UKR_cluster_19375,UKR,48.53218449451966,39.366281126301466,0,35044.16946845914
UKR_cluster_19294,UKR,48.100879546985546,39.09670716063132,0,60482.62773633439
UKR_cluster_19377,UKR,48.51399332260601,39.35589160367758,0,35628.66860647535
UKR_cluster_19391,UKR,48.55610832910201,38.88229340069228,0,18482.653528614308
UKR_cluster_19392,UKR,48.7432670140501,39.22536237527776,0,18808.696047970516
UKR_cluster_19396,UKR,48.77957778116054,38.90485588273644,0,9145.406798089867
UKR_cluster_19389,UKR,48.34284009041668,39.66088793768552,0,65090.80603827127
UKR_cluster_19481,UKR,48.53055621653059,39.36633570334345,0,35150.873756381865
UKR_cluster_19439,UKR,48.52521748143446,39.36881209112683,0,35642.459944036695
UKR_cluster_19432,UKR,48.35425429579386,39.65452012490678,0,63927.3708409982
UKR_cluster_19427,UKR,48.5250110662967,39.364099949615,0,35374.20214692596
UKR_cluster_19529,UKR,48.5195186655548,36.06689953745033,0,50698.970707920125
UKR_cluster_19548,UKR,48.534336803078304,36.07553706490906,0,51912.26702610366
UKR_cluster_19557,UKR,48.51689371030709,36.06476811019232,0,50507.23874791202
UKR_cluster_19571,UKR,48.3573221522563,36.40785829777455,0,27641.091131161756
UKR_cluster_19526,UKR,48.35753589734313,36.39214612573157,0,27566.937961090967
UKR_cluster_19720,UKR,49.17610297912874,37.29590782797027,0,45872.69356763869
UKR_cluster_19601,UKR,48.5228179453109,36.06616579348084,0,51052.073436544575
UKR_cluster_19804,UKR,49.795831949511886,36.584912083004205,0,16685.896174544272
UKR_cluster_19835,UKR,49.5103600367983,36.56476338648839,0,20606.908035399432
UKR_cluster_19844,UKR,49.823658501694624,36.33732520755501,0,13212.29612432348
UKR_cluster_19336,UKR,48.10490189545823,39.10033010198025,0,60814.628707160504
UKR_cluster_19839,UKR,49.8459096696486,36.72629113702657,0,21382.638032558592
UKR_cluster_19849,UKR,49.71163555542794,36.925526616346566,0,28376.604957202522
UKR_cluster_19866,UKR,49.85151301950528,36.66719431647797,0,17251.75253011215
UKR_cluster_19883,UKR,49.85147235904881,36.66001199022453,0,16790.122656609154
UKR_cluster_19943,UKR,49.53453454059003,36.71420395917834,0,12131.92972592423
UKR_cluster_19624,UKR,48.865065919505135,36.30179844606477,0,77111.84277595177
UKR_cluster_19947,UKR,49.79452222270557,36.5852351887619,0,16818.05438965278
UKR_cluster_20136,UKR,47.97670379783879,36.28343773973533,0,16131.123766582385
UKR_cluster_19969,UKR,49.50936265509539,36.560616499702014,0,20868.655058026023
UKR_cluster_20240,UKR,47.77823701764204,37.2507363322864,0,70377.54573075389
UKR_cluster_20244,UKR,47.78130928584317,37.25108886051643,0,70551.25057669298
UKR_cluster_20243,UKR,47.78439896734812,37.2562128706138,0,70436.4185630514
UKR_cluster_20251,UKR,47.78472885299325,37.25181562053106,0,70725.64580595048
UKR_cluster_20252,UKR,47.78479637974672,37.24782324984707,0,70973.71370049288
UKR_cluster_20253,UKR,47.7756783409615,37.24489614553112,0,70575.60770524708
UKR_cluster_20471,UKR,46.71844875776264,36.82859206167424,0,118864.80384353692
UKR_cluster_20260,UKR,47.7829171317607,37.246028203402105,0,70963.58284897657
UKR_cluster_20528,UKR,46.78882955884428,36.77990409394596,0,116812.1794211268
UKR_cluster_20515,UKR,46.79804110763951,36.73540734118598,0,118932.99617690477
UKR_cluster_20550,UKR,46.789936001012926,36.79237822735365,0,115980.87459621049
UKR_cluster_20258,UKR,47.78665266013245,37.24164764636926,0,71469.90423290007
UKR_cluster_19449,UKR,48.317296282868845,39.71769671720947,0,70141.63287129029
UKR_cluster_20596,UKR,45.36821350935997,36.523149591214505,0,78073.92234807575
UKR_cluster_20611,UKR,45.37208688058285,36.460391507998,0,79885.0867902741
UKR_cluster_19950,UKR,49.83647073569946,36.72676959755962,0,21830.341602151457
UKR_cluster_20606,UKR,45.379063013946414,36.49137320303407,0,80736.88144969143
IRN_cluster_131,IRN,36.46832272176423,59.380936960637534,0,57212.21188436179
IRN_cluster_245,IRN,36.57621112945295,59.212428798558406,0,66386.06689926038
IRN_cluster_352,IRN,29.530795958346204,60.892295980499206,0,382292.55094525195
IRN_cluster_375,IRN,30.701069362862675,61.38776546078522,0,274234.9577172673
AGO_cluster_129,AGO,-11.106500026853835,13.92793303957986,0,246282.95038121322
AGO_cluster_258,AGO,-9.040914669851633,13.51541981116254,0,37300.19087849548
AGO_cluster_325,AGO,-14.945178147351694,13.605583433574353,0,388912.13668549043
MDV_cluster_5,MDV,4.691740318350519,73.45016703728491,0,599590.7131682218
DNK_cluster_1009,DNK,56.36915453999277,8.591545256324812,0,16708.538584890288
IRN_cluster_7,IRN,29.49555483443461,55.65662415074826,0,427293.2669853955
DNK_cluster_1135,DNK,56.132097846209376,8.986393776961897,0,13420.456184595609
DNK_cluster_1104,DNK,56.13233504443249,8.998293257147722,0,14130.686359036212
DNK_cluster_118,DNK,55.34616478947102,11.128525866787957,0,52980.65848579825
DNK_cluster_130,DNK,55.04483384693234,10.575071621981047,0,36230.06058969945
DNK_cluster_1146,DNK,56.5403356101977,9.04236772269982,0,32860.81094166019
DNK_cluster_1303,DNK,55.23039168185011,9.49024825126132,0,2500.930197267701
DNK_cluster_1307,DNK,55.50209654762234,9.437806327884289,0,11139.125909977383
DNK_cluster_1322,DNK,55.45931151950599,9.471270312568285,0,15591.347941125518
DNK_cluster_1308,DNK,55.458092769570655,9.472545396596969,0,15740.40113633566
DNK_cluster_1360,DNK,55.06214045230872,9.405094002283429,0,14063.255882351315
DNK_cluster_1359,DNK,55.0326507362709,9.40596947237135,0,15007.901659464076
DNK_cluster_1387,DNK,55.062444795775846,9.400426730400785,0,13764.533146625121
DNK_cluster_1412,DNK,55.08533505596559,8.55549302930605,0,40202.28442759351
MDV_cluster_4,MDV,4.21775798304715,73.54465687225047,0,628219.0733932015
DNK_cluster_1470,DNK,55.91111567573651,8.515034268359178,0,26225.014588024078
DNK_cluster_1495,DNK,55.94586524387333,8.519275074145733,0,23161.26129587838
DNK_cluster_1527,DNK,55.75018336003213,8.927451122275553,0,25979.159381236208
DNK_cluster_152,DNK,55.25311469587413,11.27717392186206,0,56072.35889369776
DNK_cluster_214,DNK,55.095432668999386,10.690157086083026,0,36541.57436096624
DNK_cluster_1624,DNK,55.75277981722252,8.909543078856235,0,25877.313071874218
DNK_cluster_253,DNK,55.464813423633785,11.792191805494044,0,26620.56162794904
DNK_cluster_235,DNK,55.38124857440407,10.435701329047223,0,12485.329798531533
DNK_cluster_22,DNK,54.777212572149736,11.51899498662411,0,90151.8601337936
DNK_cluster_270,DNK,55.25072315431892,11.758326898214316,0,49886.98833142402
DNK_cluster_286,DNK,55.41183358879819,11.557243921222971,0,32995.64934086898
DNK_cluster_254,DNK,55.46594932017184,11.794344984931612,0,26528.698452656437
DNK_cluster_355,DNK,56.44939929722187,10.054646589508968,0,13092.529763901039
DNK_cluster_356,DNK,56.44295806675741,10.107450921524183,0,14193.396540787942
DNK_cluster_314,DNK,55.46411477314826,11.79069674967113,0,26675.15112995095
DNK_cluster_415,DNK,56.4069839528799,10.881689148277932,0,55581.493964188485
DNK_cluster_42,DNK,54.85189832267259,11.885436340387496,0,88966.84653971322
DNK_cluster_511,DNK,56.09879851967406,10.135750978825012,0,4768.26180452555
DNK_cluster_258,DNK,55.46339433269006,11.789268888025084,0,26733.473425016397
DNK_cluster_528,DNK,56.25160562559084,10.148554781868874,0,8218.158504162602
DNK_cluster_531,DNK,56.25064083834133,10.152738107782616,0,8448.367402503241
DNK_cluster_557,DNK,56.09243156112071,10.145624617234487,0,3832.183907610734
DNK_cluster_56,DNK,55.45032122219739,10.403344789139492,0,16744.439287252084
DNK_cluster_574,DNK,56.04788145445419,9.932170752127384,0,15869.660579776977
DNK_cluster_57,DNK,55.20250393139693,10.293970639351192,0,13173.223705712118
DNK_cluster_60,DNK,55.39197020210529,10.33393606886616,0,8948.076454938293
DNK_cluster_68,DNK,55.32243275552102,10.32500311974881,0,3490.582447130972
DNK_cluster_638,DNK,55.82758404337656,9.84292392831497,0,12251.519631466414
DNK_cluster_660,DNK,55.71693847187896,9.592362734083158,0,7884.697784433246
DNK_cluster_756,DNK,55.65470541344145,11.407641405708604,0,18718.054235186737
DNK_cluster_789,DNK,55.7561728037136,11.960734451314032,0,16380.961835393255
DNK_cluster_703,DNK,55.56864044562912,10.096748551924875,0,2084.1773311862294
DNK_cluster_754,DNK,55.66425585740488,11.405450238237911,0,18605.938972834356
DNK_cluster_842,DNK,57.08467844187802,9.953044707568433,0,42311.90861088566
DNK_cluster_846,DNK,57.01734585014145,9.948251359791763,0,37011.407617800425
DNK_cluster_926,DNK,56.63289586790908,9.79453189471635,0,5111.854070210995
DNK_cluster_927,DNK,56.777534593621,9.33389470466858,0,9207.24306737613
DNK_cluster_989,DNK,56.3780568967554,8.583774806669421,0,16562.136862143514
DNK_cluster_1663,DNK,54.89036917207815,12.044989367549803,0,85688.44029454002
DNK_cluster_1679,DNK,55.65451431451956,12.274388766233596,0,6687.761952941717
DNK_cluster_1664,DNK,55.65421174264622,12.278314627078828,0,6935.234236804656
DNK_cluster_95,DNK,55.39019721971315,10.327400031274856,0,8590.101968519946
DNK_cluster_90,DNK,55.4435536687865,10.36385557044083,0,14945.387799763166
DNK_cluster_1725,DNK,55.254396515397474,12.22552368617522,0,46151.69683401202
DNK_cluster_1681,DNK,55.61716141608099,12.569181021697675,0,25650.1502319882
DNK_cluster_1763,DNK,55.82412722086164,12.573003658618005,0,30571.621703657704
DNK_cluster_1764,DNK,55.66368971308051,12.09856543044535,0,4546.114090193266
DNK_cluster_508,DNK,56.08978177019801,10.149380460414854,0,3456.8326582337945
DNK_cluster_1768,DNK,55.75931942691324,12.43915611914285,0,19633.490449587425
DNK_cluster_1696,DNK,55.57562288848519,12.10073320606146,0,11197.724810438438
DNK_cluster_1769,DNK,55.66296936022614,12.110440120096944,0,3818.6036318564156
DNK_cluster_1770,DNK,55.79347025997031,12.269571237355452,0,15237.732806794804
DNK_cluster_1784,DNK,55.80822676937579,12.504518164568108,0,26059.872669400538
DNK_cluster_1781,DNK,55.962568660970334,12.522576700803924,0,32321.648131901766
DNK_cluster_1806,DNK,55.746587178057545,12.3701884906451,0,15237.464553380281
IRN_cluster_348,IRN,29.425143699773376,60.85033546283285,0,392819.7742911085
DNK_cluster_1813,DNK,55.812348953875926,12.343943582863629,0,19348.92500789578
DNK_cluster_1802,DNK,55.93267713827185,12.510835310383758,0,33771.67113397064
DNK_cluster_1826,DNK,55.99388027233111,12.401927096736516,0,38981.12464799343
DNK_cluster_1830,DNK,55.858886988296845,12.396011114238968,0,25457.32232420204
DNK_cluster_1839,DNK,55.99162691331298,12.400437427246825,0,38714.08297458926
DNK_cluster_1829,DNK,55.738570594364965,12.147305437260371,0,7951.146109870754
DNK_cluster_1861,DNK,55.88231633971913,12.514349032553358,0,32072.064776304236
DNK_cluster_1856,DNK,56.026251260279,12.20542404984298,0,39864.06304035688
DNK_cluster_1819,DNK,55.69475392743691,12.10057820257441,0,5285.216234601386
DNK_cluster_1896,DNK,55.84276580199521,12.528256332746423,0,29619.00865682007
DNK_cluster_1857,DNK,55.7857924128038,12.37831993218885,0,18437.294187448446
DNK_cluster_1854,DNK,55.81250172583744,12.527378150068632,0,27494.678222537597
ROU_cluster_1013,ROU,45.782821140439566,20.837634981922943,2,1367.7528333166624
ROU_cluster_1011,ROU,46.00683189378937,20.5660338307114,2,18843.65164627569
ROU_cluster_1065,ROU,46.07026576275258,20.78689627089729,2,2257.992783716692
ROU_cluster_0,ROU,47.80238534041344,23.164924822243467,1,10825.07651698683
ROU_cluster_1110,ROU,46.378452435316106,21.32824171194053,2,19830.179960290006
ROU_cluster_1315,ROU,44.80477098120669,22.964381278508984,0,40277.37501704312
ROU_cluster_1361,ROU,45.00131585337418,23.27942226631145,1,7245.635713135025
ROU_cluster_1064,ROU,45.80452780185491,21.24110949447561,0,22058.646168003408
ROU_cluster_1381,ROU,44.96167360029957,23.50729512203668,0,16239.18991965921
ROU_cluster_1382,ROU,45.0022350229093,23.288525976573787,1,6700.832546421977
ROU_cluster_1430,ROU,43.99353645301411,22.94259572874876,0,12358.285813574521
ROU_cluster_1554,ROU,44.30491936955546,23.891370967505395,0,34888.591673318915
ROU_cluster_1397,ROU,44.62112537163044,23.474190501683744,1,48728.68923061231
ROU_cluster_1518,ROU,44.31161490539437,23.89120845921517,0,35498.7461679382
ROU_cluster_1541,ROU,44.3005024115417,23.904734543721524,1,35101.801983258796
ROU_cluster_1764,ROU,45.91375337827594,22.89440007577637,1,20456.864554304655
ROU_cluster_1703,ROU,45.91323819930035,22.896453895623928,1,20288.069318615522
ROU_cluster_1779,ROU,45.71288613927679,21.76616329722197,2,9023.158054546566
ROU_cluster_1740,ROU,45.91730430043887,22.73997247814301,1,31956.335187490917
ROU_cluster_1801,ROU,45.68175075120883,21.791590249383034,1,6982.452160838807
ROU_cluster_1831,ROU,45.70187071077273,21.89424463899232,0,1382.1452726738264
ROU_cluster_1837,ROU,46.45328664870644,21.97753733113359,2,5657.776505812849
ROU_cluster_1903,ROU,46.172910884925614,23.84576545951495,1,26555.351597062876
ROU_cluster_1774,ROU,45.69222301787356,21.718585443568774,2,12500.106468797918
ROU_cluster_1935,ROU,45.91146844059414,23.743744519902823,1,22176.637419673007
ROU_cluster_1964,ROU,46.13258777262639,23.638420333045843,1,11147.88979830707
ROU_cluster_1980,ROU,46.138274365874096,23.63854445107963,1,11645.321529901894
ROU_cluster_2030,ROU,46.1327350806184,23.64160589064611,1,11319.591566391604
ROU_cluster_1971,ROU,45.95979949611024,23.47488663565136,1,11983.875541885845
ROU_cluster_2003,ROU,45.86890430902375,23.22058897968348,2,6815.402888741517
ROU_cluster_2074,ROU,45.42064112783508,21.40770994874744,2,32897.80286182294
ROU_cluster_2109,ROU,45.360156148164,21.71363072016579,1,39403.514903202034
ROU_cluster_2072,ROU,45.42665890175437,21.607544409631984,1,36579.66031491678
ROU_cluster_2044,ROU,45.595262317148254,21.18978586229208,2,7788.033156555698
ROU_cluster_2081,ROU,45.64285555898254,21.55425346539939,2,25926.069473384818
ROU_cluster_2132,ROU,45.45195276730733,21.24937955563649,2,22911.227363404025
ROU_cluster_2134,ROU,45.44928513017155,21.409076370900248,2,31207.619604522024
ROU_cluster_1966,ROU,46.175656954300855,23.659174624758265,1,15952.21898929942
ROU_cluster_2135,ROU,45.58012426138038,21.563764527590443,2,27667.092336299374
ROU_cluster_2138,ROU,45.32175476887582,21.880421030224795,0,41495.43875149173
ROU_cluster_219,ROU,47.42694438603248,22.889971113223023,2,10520.319323096259
ROU_cluster_229,ROU,47.73149867330893,23.303005136659465,1,22744.86995449476
ROU_cluster_295,ROU,46.54975625791142,21.63179060376732,2,28710.142215814612
ROU_cluster_297,ROU,46.6188279467455,21.645990355149863,2,30751.018847839314
ROU_cluster_296,ROU,46.61326762371276,21.63079417134491,2,29475.138275934103
ROU_cluster_22,ROU,47.77324086326821,22.82158320081826,1,11828.293153237859
ROU_cluster_332,ROU,46.52102703678049,21.82107126632464,2,19188.74065970204
ROU_cluster_345,ROU,46.55074791217852,21.77188481023548,2,24196.380216429796
ROU_cluster_322,ROU,46.47727537107647,21.353428750456214,2,10962.405951609477
ROU_cluster_337,ROU,46.61447076461064,21.735859769739022,2,31128.197285989856
ROU_cluster_352,ROU,46.98741096058239,21.72141929079745,1,26896.89800043679
ROU_cluster_347,ROU,46.53773127526243,21.61888811447755,2,27758.87895500417
ROU_cluster_342,ROU,46.482872332310045,21.79788205956389,2,18269.718024874146
ROU_cluster_355,ROU,47.07429098102202,21.800061905095003,1,15975.87342028049
ROU_cluster_739,ROU,46.85873830154755,23.4967887600865,1,7430.373977496587
ROU_cluster_360,ROU,47.07448516980892,21.80820749166732,2,15478.3304144368
ROU_cluster_772,ROU,46.74566342536948,23.51321206744753,0,7165.376695152609
ROU_cluster_812,ROU,47.13386980559888,23.88879452253148,0,44656.38074833274
ROU_cluster_83,ROU,47.71957808639162,22.95404782269273,1,11459.024846331702
ROU_cluster_789,ROU,46.74340295420905,23.394525886946543,1,13823.4025851028
ROU_cluster_759,ROU,46.749704447589785,23.550981625068893,0,6047.172235471429
ROU_cluster_858,ROU,46.08099330770939,20.79302049031337,2,1463.2066581086021
ROU_cluster_860,ROU,46.05988924631299,20.88702977290525,2,8977.545998968904
ROU_cluster_810,ROU,46.85002808505167,23.813559830033963,1,20474.3919077913
ROU_cluster_861,ROU,45.71374362539036,20.917281950699905,2,9080.974487602298
ROU_cluster_862,ROU,45.62231645345469,21.16381447558165,2,4778.475406375322
ROU_cluster_89,ROU,47.48830388908716,22.77609223122654,1,3783.576222600356
ROU_cluster_890,ROU,45.77231178669359,21.29045310262627,0,21393.878637156537
ROU_cluster_921,ROU,45.98156505760189,21.44469712830652,2,46371.10735144486
ROU_cluster_92,ROU,47.36491937523495,22.384520386186946,2,29846.386581511844
ROU_cluster_93,ROU,47.70216207493951,22.638724634772267,2,27616.92232533069
ROU_cluster_2246,ROU,46.58850565487915,26.95850450344218,1,15165.884277515268
ROU_cluster_2329,ROU,46.61996188323824,26.872270961313696,1,7726.558454264751
ROU_cluster_2352,ROU,46.58611934970251,26.95845826248141,1,15301.033398188843
ROU_cluster_2376,ROU,46.597452525934855,26.8864089998996,1,10123.824901187532
ROU_cluster_2324,ROU,46.58669413093035,26.96051814789075,1,15401.732016193297
ROU_cluster_2383,ROU,46.37709879189778,26.983223297770337,2,3638.525005430611
ROU_cluster_88,ROU,47.44899127393271,22.26863880960183,2,36745.70162304063
ROU_cluster_2397,ROU,46.84923834817206,26.923277759432363,2,23575.774044767048
ROU_cluster_2490,ROU,46.90390707474199,26.514631010463248,1,34322.583118197836
ROU_cluster_2476,ROU,46.97245375000558,26.861286225094293,1,35349.43473466839
ROU_cluster_2510,ROU,46.93499626954163,26.347351488169227,0,45504.404266134225
ROU_cluster_2575,ROU,46.65299877382604,25.810210661393075,0,74634.79098041098
ROU_cluster_2498,ROU,46.98425573022536,26.917478706944014,2,37534.38505751233
ROU_cluster_2597,ROU,46.3443295595959,27.769980012505023,1,11319.408886056093
ROU_cluster_2632,ROU,46.24500284173176,28.10562634561408,1,5299.185422601714
ROU_cluster_2470,ROU,47.02277361579736,26.89249569604484,2,41274.33497020771
ROU_cluster_2650,ROU,47.13401867636957,27.709703374350017,1,60895.08650203724
ROU_cluster_2651,ROU,46.63234119291096,27.754519967879187,1,5031.314038683187
ROU_cluster_2748,ROU,45.769984612291466,25.46383238709516,1,4223.066277637676
ROU_cluster_2778,ROU,45.7415975050192,25.409783942396484,1,2625.705381738925
ROU_cluster_2763,ROU,45.6665448483717,25.50714873040888,0,9135.855053265497
ROU_cluster_2768,ROU,45.69912621010956,25.57087769929384,1,10753.141422863695
ROU_cluster_2731,ROU,45.73414326877415,25.46031514388797,1,1401.3513533272005
ROU_cluster_2805,ROU,45.32424769568008,25.559880377658374,0,46593.630255214404
ROU_cluster_2710,ROU,46.67142333477777,27.64896886639468,1,12226.489181122233
ROU_cluster_2817,ROU,45.63145310662486,25.51642045469859,1,12882.948730785032
ROU_cluster_2770,ROU,45.616858706330994,25.4755672288594,0,13399.346117238816
ROU_cluster_2845,ROU,45.688066867811926,25.46510109405965,0,5521.124977155294
ROU_cluster_2829,ROU,45.57040325727015,25.339012435381427,0,19996.21261809391
ROU_cluster_2926,ROU,45.84682804688752,25.763611941395613,1,5130.093675090441
ROU_cluster_3167,ROU,45.834757326298025,25.11416290899189,2,27753.572639034646
ROU_cluster_2870,ROU,45.79972616713398,25.477325902557453,2,7682.17346863547
ROU_cluster_3170,ROU,45.83825053288174,24.98363402937974,0,37369.40528016088
ROU_cluster_3238,ROU,45.8074967917476,27.350711064146143,1,22042.03908857822
ROU_cluster_3076,ROU,46.33135132496115,25.51588057126665,0,62100.1617510599
ROU_cluster_3270,ROU,45.71148858066055,27.20509185748208,1,8191.022566673294
ROU_cluster_3248,ROU,45.65477010588177,27.177911214967303,1,1773.457641352679
ROU_cluster_2908,ROU,45.82041638056305,25.594756687539576,0,13530.996456269524
ROU_cluster_3482,ROU,45.74796121969344,27.68705836849812,1,15313.49200250245
ROU_cluster_3509,ROU,45.87718108843367,27.552781542051715,1,24379.613126887845
ROU_cluster_3568,ROU,46.11351132444702,27.782107605938883,0,17488.650915746828
ROU_cluster_3297,ROU,45.66836495164045,27.173252858109727,1,2804.7994200095545
ROU_cluster_3511,ROU,45.8715699548105,27.913798071945525,0,37615.315706637884
ROU_cluster_3880,ROU,47.81540563553477,26.49792885727161,1,22730.33918331886
ROU_cluster_3875,ROU,47.77232668866642,26.584231481199044,1,21507.6456237362
ROU_cluster_3887,ROU,47.77128389555192,26.506818942052984,1,18455.057827828678
ROU_cluster_3761,ROU,45.87535549543944,27.55471907480576,1,24184.685355357637
ROU_cluster_3921,ROU,47.7927050967875,26.54417041624739,1,21807.415606209845
ROU_cluster_3978,ROU,47.30729121455394,27.11269182638784,2,63206.39790295365
ROU_cluster_4015,ROU,47.22581140808289,27.072980109583327,2,66346.89230943611
ROU_cluster_3984,ROU,47.223398308292175,27.006565997595683,1,62861.915007427335
ROU_cluster_4051,ROU,47.45634438564104,26.93536895452259,1,43419.86516566744
ROU_cluster_4050,ROU,47.76368214638725,27.05472020433271,2,50915.763532415986
ROU_cluster_4022,ROU,47.175708037450434,27.487325713641887,0,68463.45095946558
ROU_cluster_4310,ROU,46.76948481432832,24.83522018908713,1,3800.701097484681
ROU_cluster_4328,ROU,46.74103263190415,25.58953362365885,1,61345.704127252364
ROU_cluster_4333,ROU,46.76996221173007,24.823656319738834,1,2919.836274677144
ROU_cluster_4348,ROU,46.69148443969232,24.325757229756363,1,29218.537954958643
ROU_cluster_4395,ROU,46.55018547190974,24.5070496400491,0,23766.30568963931
ROU_cluster_4157,ROU,47.09938665470791,24.35396596517789,2,45786.55499749406
ROU_cluster_4320,ROU,46.770469308898704,24.83322400512296,1,3638.6902191851837
ROU_cluster_4476,ROU,44.942286099725685,28.719447779238244,2,63152.729551733115
ROU_cluster_4518,ROU,45.5530096649652,28.01375588578703,1,38849.40878891786
ROU_cluster_4634,ROU,44.55211938964184,24.58931332263733,2,26508.372957872154
ROU_cluster_4663,ROU,44.73023703477987,24.98558423753835,1,10581.326540174781
ROU_cluster_4448,ROU,44.897511589919134,28.70172629735006,1,57982.77446177973
ROU_cluster_4660,ROU,44.64997965233336,25.328479446524,1,15748.339671262233
ROU_cluster_4734,ROU,44.98435763734159,24.715412750506992,1,36369.364440453835
ROU_cluster_4671,ROU,45.05984098099479,25.437294513161245,0,32704.299675737944
ROU_cluster_4767,ROU,45.067052789658334,24.68467106837004,1,45842.04119686938
ROU_cluster_4535,ROU,45.55479287265649,28.01359878384105,1,38777.94430461028
ROU_cluster_4814,ROU,44.98733186412954,24.205208260852967,1,63026.68925726649
ROU_cluster_4816,ROU,45.027795575016064,24.25813164798354,1,62275.03404029432
ROU_cluster_4820,ROU,45.235343112914045,24.35435627145099,0,74324.94029626329
ROU_cluster_4825,ROU,45.0571615679485,24.372045085443144,1,57886.648849330144
ROU_cluster_4828,ROU,45.05544750761954,24.371674109400463,1,57768.175507230684
ROU_cluster_4856,ROU,45.08140708380824,24.67579615472392,1,47578.52268075802
ROU_cluster_4858,ROU,45.02421582996944,24.243534175730705,1,62933.09918525845
ROU_cluster_5118,ROU,46.2250346584433,24.5445152887674,1,32678.03686785822
ROU_cluster_4864,ROU,45.02384330407489,24.24601701722607,1,62753.25099401992
ROU_cluster_5138,ROU,46.17785551310248,24.39538812004132,1,30758.583327833767
ROU_cluster_4831,ROU,45.107487720808,24.33620357242855,0,63913.35686921384
ROU_cluster_5144,ROU,46.23935189187667,24.735365437620214,1,43385.704236074766
ROU_cluster_5179,ROU,46.22099690662935,24.53419979320209,1,32454.992515391452
ROU_cluster_4675,ROU,44.94147685444081,25.434951449689446,0,29605.942766788423
ROU_cluster_5195,ROU,45.69545307910583,24.260336984682667,2,68313.75225392761
ROU_cluster_5268,ROU,45.73867644670095,24.41083182628381,2,75672.68479469714
ROU_cluster_5321,ROU,44.29221453652484,26.32228748140662,1,7100.941959029518
ROU_cluster_5388,ROU,44.21569708669521,27.389283158626927,2,22284.978923272647
ROU_cluster_5256,ROU,45.77283333304747,24.15139983938852,0,56446.14665916031
ROU_cluster_5422,ROU,44.41542432629981,27.416506524505632,1,4717.67024523844
ROU_cluster_5424,ROU,44.1722232731551,27.29206636200676,2,27464.00285671179
ROU_cluster_5444,ROU,44.20623156951866,27.42749867830341,1,23856.663173855723
ROU_cluster_5446,ROU,44.24155401233869,27.357759554291743,1,19262.443802064285
ROU_cluster_5430,ROU,44.16888618767011,27.305142326754293,2,27653.817296943016
ROU_cluster_5457,ROU,44.26391434897127,27.2838336380537,1,17759.50583256522
ROU_cluster_5517,ROU,44.34331792796981,28.68453977615986,0,11922.486592060919
ROU_cluster_5463,ROU,44.43701362946236,27.264617085423204,1,7750.086978728074
ROU_cluster_5509,ROU,44.37926800025868,26.68494810482601,1,24722.49053048607
ROU_cluster_5519,ROU,44.39643705018413,28.534899048421167,2,1559.6598616390079
ROU_cluster_5536,ROU,43.892516061659286,28.475413324513323,2,29136.149158340908
ROU_cluster_5465,ROU,44.425061082097,27.27600621671712,1,6542.168427616298
ROU_cluster_5619,ROU,44.26253510643645,28.26106037660035,0,23795.081933447967
ROU_cluster_5682,ROU,43.8474540839182,28.5938605565683,0,31878.92503318064
ROU_cluster_5689,ROU,43.81743422348785,28.52158027500433,1,26059.993245495203
ROU_cluster_5695,ROU,45.11352051521301,26.901114990931564,1,1566.5666399184581
ROU_cluster_5719,ROU,45.12871887546676,26.86668860489042,1,1636.028749759354
ROU_cluster_5696,ROU,44.91253230969215,26.62667120400099,1,13208.185385346636
ROU_cluster_5781,ROU,44.92112105034153,26.57227080440223,1,11844.220246996168
ROU_cluster_5850,ROU,44.77166028341049,26.515383119749472,2,13770.147877089645
ROU_cluster_5574,ROU,44.34232374959627,28.46902718619264,1,5277.302113476844
ROU_cluster_5848,ROU,44.767149977960095,26.911740339581204,1,14105.023826675351
ROU_cluster_5943,ROU,44.83062010897364,26.789893567424205,1,16525.762617228538
ROU_cluster_5992,ROU,45.039107484280095,25.939293970404755,1,15760.617638391792
ROU_cluster_5132,ROU,46.23913353266686,24.73310528076046,1,43247.796411369796
ROU_cluster_5984,ROU,44.66779807550609,25.982213068469488,2,16436.845427655837
ROU_cluster_6122,ROU,44.52026895335211,26.14645134949013,0,19552.783479475496
ROU_cluster_6020,ROU,44.96237933186524,26.004879472741223,0,15687.599494407634
ROU_cluster_6223,ROU,44.8618134068311,26.02115141573541,0,18243.073013011148
ROU_cluster_6274,ROU,44.98458396592638,26.01083938376143,1,16859.0292739793
ROU_cluster_6420,ROU,44.52249087992899,26.080965976608784,0,19916.127417762156
ROU_cluster_6425,ROU,44.529292159844026,26.147610852327244,0,20512.56496220964
ROU_cluster_6309,ROU,44.844838154232754,25.98759444957338,1,16869.50142985349
ROU_cluster_6007,ROU,44.80633017750689,26.269589950883667,2,10214.281748726891
ROU_cluster_6591,ROU,44.58976048717628,27.33349750415693,1,11714.442698606324
ROU_cluster_6674,ROU,45.11582568206971,27.90166220190982,2,8456.709081302572
ROU_cluster_6682,ROU,45.05254503402135,27.820147045674684,2,1999.02414869225
ROU_cluster_6684,ROU,45.07257760020682,27.22764405382096,1,27426.21896307463
ROU_cluster_6675,ROU,45.0379153120701,27.83511497911894,2,1661.2716635455265
ROU_cluster_6710,ROU,45.14163537811796,27.51214403497304,1,28042.393160732685
ROU_cluster_6794,ROU,45.16652981728381,27.39773235238453,2,37416.06909141718
ROU_cluster_6731,ROU,45.14038819633916,27.51322365066897,1,27913.884429367936
ROU_cluster_6821,ROU,45.081374990411305,27.255287798847725,1,29385.858186075453
ROU_cluster_6833,ROU,44.58267652985492,27.15174239823472,1,3785.8844101845107
ROU_cluster_6896,ROU,44.59202313599242,28.569495309501107,2,22523.86447660682
ROU_cluster_6747,ROU,45.17789515953508,27.732229914109205,1,16682.183562491828
ROU_cluster_6870,ROU,45.31591769061279,27.86975216170347,1,29526.266083455394
ROU_cluster_6972,ROU,43.77677335075324,25.15710331887332,2,29099.77539520597
ROU_cluster_6967,ROU,44.43044092814312,28.31219851310845,1,16698.415448501917
ROU_cluster_6980,ROU,43.93222050488774,24.96476517736477,2,34791.75943718624
ROU_cluster_7140,ROU,44.36756162841471,25.968305757200348,0,2118.797526116223
ROU_cluster_7141,ROU,44.326683989878646,25.883623683649866,1,6005.922293038424
ROU_cluster_6911,ROU,45.24450138461603,28.153264263336325,1,32339.63127840093
ROU_cluster_7194,ROU,44.35217094168355,25.865854989041303,1,6391.915827996671
ROU_cluster_7202,ROU,44.32865023110109,25.88525005433553,1,5776.619461956603
ROU_cluster_7203,ROU,44.33270243778807,25.895028203672894,1,4879.499861916907
ROU_cluster_7212,ROU,44.31427308069853,25.856711374488857,1,8552.408420539772
ROU_cluster_7218,ROU,44.32784104064935,25.89678582277021,1,5092.678516516604
ROU_cluster_7184,ROU,44.35244473098536,25.86897300868755,1,6142.290188158632
ROU_cluster_7336,ROU,43.96769391322129,26.044801667669702,1,13751.225251237343
ROU_cluster_7281,ROU,44.27357869030226,26.05219962019842,0,12566.62699724945
ROU_cluster_7245,ROU,44.05123500479413,25.24295441227903,1,12761.610236322924
ROU_cluster_7584,ROU,44.406064049565074,25.98621886541322,0,6306.510036235187
ROU_cluster_7354,ROU,43.99283383338236,25.91987045969292,1,22979.01273086226
ROU_cluster_7322,ROU,44.06369388238829,26.174448713724555,2,19555.533866262056
ROU_cluster_7604,ROU,44.6057308206453,25.54700746513314,1,23387.83244605394
ROU_cluster_7602,ROU,44.60444495724974,25.545709736827448,1,23460.030065594707
ROU_cluster_7582,ROU,44.439466544512015,25.964759677062283,0,9269.375614875687
JOR_cluster_259,JOR,31.92156025931058,35.794252123854505,0,23324.878606513856
UGA_cluster_296,UGA,2.2507005201920403,32.913290385406974,0,8051.813628644117
TGO_cluster_19,TGO,6.623308718540931,1.5733104321937386,0,46316.6894709094
FRA_cluster_1023,FRA,47.8971599483895,-2.859633176039212,1,13802.318181333785
FRA_cluster_1189,FRA,48.02810280765074,-3.7091409926059553,0,11446.358039720419
FRA_cluster_1051,FRA,47.77705315509985,-2.764425836403834,1,26341.234927353165
FRA_cluster_1195,FRA,48.29347029166277,-3.5276315184539992,1,12805.367330652847
FRA_cluster_1207,FRA,48.29354274989284,-3.603378848992696,1,13128.63901398734
FRA_cluster_1212,FRA,48.21174517353198,-3.5639339006141166,1,11644.459878432861
FRA_cluster_1193,FRA,48.13754608746154,-3.4795377576186084,1,11944.73381523232
FRA_cluster_1266,FRA,48.28942446849428,-3.641310854356206,1,14560.010314117744
FRA_cluster_1297,FRA,47.9327376119823,-3.5836946983300884,1,10186.777578014297
FRA_cluster_1222,FRA,48.37862208275757,-3.49257963458019,1,5604.048577808167
FRA_cluster_126,FRA,48.07873228655932,-2.4611564967439814,1,7216.459101505645
FRA_cluster_1304,FRA,48.11948687412393,-3.5906813240893,1,3526.2113739934452
FRA_cluster_1322,FRA,48.00512000433959,-3.8287513545064,1,7289.877234469468
FRA_cluster_1308,FRA,47.87801367546622,-3.607343908814654,1,7895.529760200709
FRA_cluster_1324,FRA,48.12794852571562,-3.8679175984938143,1,7681.059852363871
FRA_cluster_1320,FRA,48.0629277004109,-3.714238727650469,1,8452.403974218161
FRA_cluster_1336,FRA,48.0400634000789,-3.83506293865348,1,7315.495855222123
FRA_cluster_1353,FRA,47.874557943751775,-3.7323971146445,1,3010.488587804073
FRA_cluster_1518,FRA,48.04422735206428,-3.324154602135666,1,13543.088940133886
FRA_cluster_1507,FRA,48.236628740354426,-3.1139453745036465,1,8553.436610607436
FRA_cluster_1522,FRA,48.37902461825665,-3.160450028313578,1,2334.9742708605568
FRA_cluster_155,FRA,48.264929236366086,-2.637630350112513,1,19329.796174888932
FRA_cluster_1550,FRA,48.24136294773135,-2.8576619008403497,1,11892.370980547048
FRA_cluster_1391,FRA,48.20149283576668,-3.65910821470103,1,9251.172343213495
FRA_cluster_1409,FRA,48.09744848478399,-3.556405096293348,1,6547.220476131213
FRA_cluster_1674,FRA,48.37629130882368,-3.260104798767281,1,7132.949563834456
FRA_cluster_1561,FRA,48.40056868234405,-2.9129722440625065,0,16026.841125104374
FRA_cluster_1630,FRA,48.134623185490376,-3.301902932000261,1,19023.201237165093
FRA_cluster_1713,FRA,48.1113294568216,-3.434621154365599,1,15139.0916867283
FRA_cluster_1778,FRA,48.39602125952596,-3.153025122000178,1,1285.1725020859958
FRA_cluster_1701,FRA,48.47905374674756,-3.247788422132262,1,10590.737925452548
FRA_cluster_1855,FRA,48.28867455565834,-2.9795186289286195,1,2993.901880894089
FRA_cluster_1832,FRA,48.2517772782756,-2.8607107733870505,1,11389.445445182326
FRA_cluster_1686,FRA,48.44380175308531,-3.077631353487732,1,8426.025029531578
FRA_cluster_1829,FRA,48.44475056063254,-2.9858028865746475,1,14497.057025667586
FRA_cluster_1934,FRA,48.2565175997053,-3.016984910798061,1,1787.7182716475177
FRA_cluster_1878,FRA,48.29067489350607,-2.9786206984516523,1,3185.552848623583
FRA_cluster_1862,FRA,48.31914987995733,-2.984531676943199,1,5591.293692870619
FRA_cluster_2103,FRA,46.750105185991565,-1.7029670448216856,1,9488.561113388994
FRA_cluster_2092,FRA,46.80492544479095,-1.362376062260079,1,5253.623614040593
FRA_cluster_2108,FRA,46.73508703287749,-1.6440120010290291,1,13674.57847214127
FRA_cluster_2119,FRA,46.8044089341828,-1.828704353207648,1,4624.788060303595
FRA_cluster_2155,FRA,46.85560789074646,-1.9824966179320005,1,16411.8599937634
FRA_cluster_2124,FRA,46.78141201028076,-1.7126896287466054,1,6332.958767217296
FRA_cluster_2154,FRA,47.34930669655014,-2.514060286654514,0,39641.606714125446
FRA_cluster_2201,FRA,47.27744600913916,-2.3683019181399074,0,41538.06912811059
FRA_cluster_2254,FRA,46.8807580313919,-1.7337282605441375,1,7303.351387517527
FRA_cluster_2248,FRA,46.92019894316716,-1.6600406320949912,1,6814.4542688101055
FRA_cluster_2303,FRA,46.83240078895867,-1.364393129221632,1,4655.695605604218
FRA_cluster_2292,FRA,47.02434552389876,-1.3639094360640334,1,19450.775055501632
FRA_cluster_2263,FRA,46.88335054341127,-1.715963049765256,1,8193.086238078953
FRA_cluster_2118,FRA,46.72538881904669,-1.65312444522607,1,13985.282076399317
FRA_cluster_2290,FRA,46.914445329774026,-1.8852773580813096,1,13475.131929261694
FRA_cluster_2329,FRA,46.88224175034678,-1.651401914369973,1,10305.360270070092
FRA_cluster_2422,FRA,46.83375803582656,-1.6236791091215266,1,11438.926947664953
FRA_cluster_2563,FRA,46.86395918372314,-1.2806275502003304,1,4210.214792091613
FRA_cluster_2321,FRA,47.12639704622556,-1.8259382148258445,0,23999.258934458972
FRA_cluster_2743,FRA,47.959624814694365,-4.023431073802181,1,9494.924903321764
FRA_cluster_2768,FRA,48.17876941359593,-4.021912649447787,1,3744.00473043713
FRA_cluster_2763,FRA,48.14870673945063,-3.9530733232096495,1,2455.814401026316
FRA_cluster_2776,FRA,48.19991481126642,-4.051034394883228,1,1546.9413218116285
FRA_cluster_2809,FRA,48.09675903905774,-3.9540948671085534,1,5291.9791015440305
FRA_cluster_2573,FRA,46.8841768088346,-1.2628764071376026,1,6821.031641326023
FRA_cluster_2847,FRA,48.10107247365165,-4.232025902366279,1,15811.388180155105
FRA_cluster_2845,FRA,48.213632069393,-4.335511247795044,1,19948.086293025546
FRA_cluster_2849,FRA,48.20367812384074,-4.301055503595441,2,17299.944402468846
FRA_cluster_2752,FRA,48.110929838317645,-4.059987408389425,1,6534.732185065983
FRA_cluster_2864,FRA,48.14479794470114,-4.219376869407944,1,12377.24265807674
FRA_cluster_2869,FRA,48.20809040730649,-4.286043243373082,1,16236.282937737831
FRA_cluster_2866,FRA,48.19072368386249,-4.20768188754539,1,10333.666327525056
FRA_cluster_2913,FRA,47.82189694980086,-4.292396086529318,1,34719.960602611965
FRA_cluster_2930,FRA,47.97707824083121,-4.413274633654163,1,35047.04075744416
FRA_cluster_2875,FRA,48.134975002705936,-4.253590174683152,1,15139.65118051262
FRA_cluster_2922,FRA,47.94119301294682,-4.369469501858976,1,34022.00395680864
FRA_cluster_2944,FRA,43.74446046672911,-1.2294717389257344,1,37391.43911906237
FRA_cluster_2853,FRA,48.27614367194364,-4.596110460514001,0,40194.73504724043
FRA_cluster_3045,FRA,43.3727162056437,-0.6288247896935453,0,88852.37334952495
FRA_cluster_3302,FRA,44.58006505960008,-0.0377632359793248,0,14827.940037376806
FRA_cluster_3237,FRA,44.906825291643806,-0.6405872747895435,0,74352.15238260459
FRA_cluster_3311,FRA,44.82257968655299,-0.5100916883988608,0,60605.27242016384
FRA_cluster_3362,FRA,43.897008503186974,-0.4926261085106001,0,56481.85703122807
FRA_cluster_3234,FRA,44.861386868903566,-0.7891106480555451,0,81887.11217616177
FRA_cluster_3319,FRA,44.82171861344613,-0.5076246033913299,0,60389.766468687965
FRA_cluster_3490,FRA,48.57675343831281,-1.326950075246368,1,37215.82936871214
FRA_cluster_358,FRA,47.78323058284023,-2.5413002441125125,1,12303.722789682724
FRA_cluster_3610,FRA,49.14195885221395,-1.2561929614396552,1,74796.72190813611
FRA_cluster_3831,FRA,47.8974159225462,-0.3439067137240755,1,48899.383894793384
FRA_cluster_3500,FRA,48.51602683540269,-1.1740694383340944,1,46194.95908938136
FRA_cluster_3800,FRA,48.72789949199453,-1.4030020832955712,1,35264.51336030315
FRA_cluster_3862,FRA,47.81672772010208,-0.1145134949775426,1,55880.35784035677
FRA_cluster_3898,FRA,48.03318597844025,-0.4105247010256342,1,39949.03152280991
FRA_cluster_3931,FRA,47.79793437055671,-0.2830594665541955,1,48608.20644560955
FRA_cluster_3475,FRA,48.616003750635386,-1.0743919593777431,1,55854.363640881704
FRA_cluster_4018,FRA,47.857938513570815,-0.2004172872811531,1,57680.691596000855
FRA_cluster_4196,FRA,48.423252489979085,-0.4469105034889434,1,53325.290314289974
FRA_cluster_4072,FRA,48.02715626857244,-0.6474805758043943,1,22717.230968068572
FRA_cluster_3865,FRA,47.87724842337552,-0.097432785603134,0,62485.74943757745
FRA_cluster_4079,FRA,47.90253495190551,-0.7443055821585977,1,24383.27086853121
FRA_cluster_4536,FRA,48.60054291086062,-1.9503216299791728,1,8795.690384940954
FRA_cluster_4556,FRA,48.491840153543,-2.811438658225413,0,28374.251417520078
FRA_cluster_4565,FRA,48.47831014062147,-2.794134998969802,0,27984.26779508192
FRA_cluster_4553,FRA,48.51142285135082,-3.0926253157208605,1,13727.413443570938
FRA_cluster_4217,FRA,48.33048186578009,-0.2383907728700292,1,59449.43183030809
FRA_cluster_4569,FRA,48.6573808110074,-3.0451384578134366,1,23561.836121282864
FRA_cluster_4573,FRA,48.55622707661689,-2.8093446376069124,0,31801.5293315365
FRA_cluster_4702,FRA,48.67478629030627,-3.245389629399459,1,9374.35293962558
FRA_cluster_4559,FRA,48.62131092244079,-3.030882745513602,1,26036.33916009984
FRA_cluster_401,FRA,47.955138381930205,-2.7278175308506527,1,22341.290882801466
FRA_cluster_4750,FRA,47.77670943888308,-1.0782895856204615,1,31952.148875306535
FRA_cluster_4760,FRA,47.911838913967706,-1.3357809155059297,1,11181.604294913765
FRA_cluster_4726,FRA,48.818549241868936,-3.137676752840502,1,12723.723430715478
FRA_cluster_4759,FRA,47.99437522736154,-1.199534976783296,1,21062.829299071822
FRA_cluster_4604,FRA,48.58378929043313,-3.1153281162178263,1,20927.22890541597
FRA_cluster_4764,FRA,47.80670995895812,-1.0580439801493264,1,31156.62334176933
FRA_cluster_4788,FRA,47.87509731100296,-0.9759778462446004,1,22499.851501019384
FRA_cluster_4802,FRA,48.06361583476263,-1.2262818946967673,1,21012.214499819765
FRA_cluster_4794,FRA,47.84379507604659,-0.8461946147933143,1,26863.982381716072
FRA_cluster_4818,FRA,48.05526688290974,-0.9379361964374756,0,2385.490111815449
FRA_cluster_4938,FRA,48.44780054895879,-1.1122119109990587,1,43140.27336603413
FRA_cluster_4821,FRA,47.75122332182854,-1.1190145653365042,1,28345.490362271335
FRA_cluster_5095,FRA,48.29635352408793,-2.16508977531164,1,26331.335772834238
FRA_cluster_5106,FRA,48.17468623171733,-2.1602335108230024,1,18825.876427480725
FRA_cluster_5115,FRA,48.255241835977166,-2.13065012787437,1,24307.551069217003
FRA_cluster_502,FRA,47.9625961181735,-2.6172541650474885,1,21273.823400074496
FRA_cluster_5159,FRA,48.444984624565,-2.076342608367678,0,21572.64530092039
FRA_cluster_5049,FRA,48.19024442821431,-0.9884859800966131,1,13088.828545489714
FRA_cluster_5356,FRA,48.28360969695458,-1.8530674112710104,1,16503.78190574632
FRA_cluster_5289,FRA,48.55151741836229,-1.517566963457113,0,23506.05393320873
FRA_cluster_5242,FRA,48.26768893442273,-1.435800444301878,0,31209.838337381865
FRA_cluster_5386,FRA,48.25511081234191,-1.659706486985848,1,21061.18037366941
FRA_cluster_5285,FRA,48.40749476752926,-1.5637440089419548,1,16480.25132415573
FRA_cluster_5335,FRA,48.16761636150632,-1.9437970184997253,0,11340.113535795821
FRA_cluster_3951,FRA,47.77020626349868,-0.3109081405554608,1,44904.76990536828
FRA_cluster_5281,FRA,48.54603971485563,-1.4121560170587006,1,30625.775101457097
FRA_cluster_548,FRA,47.8587341370221,-2.2723879775513183,1,21122.53815521863
FRA_cluster_2233,FRA,47.04298358075551,-1.3720866457461918,1,19622.13317260173
FRA_cluster_5545,FRA,47.65336720902868,-1.921607066795716,1,5300.09235776064
FRA_cluster_5561,FRA,47.62414229775547,-1.95180231810062,1,7532.666485158157
FRA_cluster_5608,FRA,47.95608141754072,-1.942967406759436,1,12400.086421493617
FRA_cluster_5645,FRA,47.85075032536144,-1.9648707861474035,1,24003.566670438944
FRA_cluster_5710,FRA,47.97864832382025,-1.9868323043230471,1,9915.779023644254
FRA_cluster_555,FRA,47.77192178929748,-2.699947450480705,1,21614.24921796083
FRA_cluster_5744,FRA,47.82535600351206,-2.039736682369631,1,24902.31448446084
FRA_cluster_5768,FRA,47.803916595995545,-2.2382543714268857,1,18357.452611410696
FRA_cluster_5944,FRA,46.4245356891735,-0.207955431550458,0,34811.07818353285
FRA_cluster_5952,FRA,46.40427428917653,-0.0604496172324847,1,43659.51508056844
FRA_cluster_5908,FRA,46.65319008313529,-0.2937944312087486,1,36917.174275912424
FRA_cluster_5537,FRA,47.93532286067448,-1.7767717115466108,1,20230.65755447406
FRA_cluster_575,FRA,47.8167371291504,-2.6850647051815737,1,22941.952209940904
FRA_cluster_6123,FRA,46.76723996368791,-1.3109842259868827,1,6939.783168279058
FRA_cluster_6119,FRA,46.64799762206565,-1.3129887030621443,1,20187.91226064584
FRA_cluster_6169,FRA,46.57860931301949,-0.8117642732077478,1,3943.9399169208914
FRA_cluster_6185,FRA,46.38575155701686,-1.0816422659964482,1,33690.82935268131
FRA_cluster_6211,FRA,46.6602238538964,-0.8380850498686226,1,8386.434991188939
FRA_cluster_6207,FRA,46.594951966435445,-0.6464314764106808,1,9544.903567144629
FRA_cluster_6227,FRA,46.65479215836551,-1.1570695566026423,1,22390.636591718074
FRA_cluster_6244,FRA,46.35786161692802,-0.8656605987159494,1,25074.25883633411
FRA_cluster_6289,FRA,46.76026310249485,-1.262441452607044,1,8297.68262761417
FRA_cluster_6217,FRA,46.68090035879868,-0.9683927490370228,1,17517.930934938016
FRA_cluster_6219,FRA,46.6288762036364,-0.6457249127774091,1,10084.328926973763
FRA_cluster_6200,FRA,46.69943585900637,-1.263643255760321,1,14767.846612121544
FRA_cluster_6325,FRA,46.64599078824379,-0.82214532282707,1,6390.21273575006
FRA_cluster_6318,FRA,46.67362893721005,-0.8122859256638447,1,8723.198243970233
FRA_cluster_6512,FRA,44.91056751092773,-0.524020342884518,0,67237.04545926208
FRA_cluster_6537,FRA,44.90467474902902,-0.3327497730047223,0,55879.29018393481
FRA_cluster_6536,FRA,44.90862109229895,-0.5253521844399451,0,67182.26219283832
FRA_cluster_6733,FRA,45.708020816957664,-0.632484966534447,0,39706.37519639682
FRA_cluster_6825,FRA,47.05498438852244,-1.178185903708823,0,21932.450573139085
FRA_cluster_6699,FRA,45.70635543578576,-0.6316273825535553,0,39893.425738441525
FRA_cluster_6854,FRA,46.93117170161911,-1.172757320179703,1,8725.454080274842
FRA_cluster_6575,FRA,45.202264239762194,-0.3384877054270596,0,83798.60281191856
FRA_cluster_6838,FRA,46.913708049739625,-1.1893974915565717,1,7876.593607359599
FRA_cluster_6876,FRA,46.92318880457466,-1.184680254220973,1,8458.430312610919
FRA_cluster_6873,FRA,46.85424952637654,-0.9942450567873125,1,9493.327750656705
FRA_cluster_6882,FRA,46.883706701879866,-1.1995885639755417,1,6614.39661984384
FRA_cluster_6907,FRA,46.889142839663926,-1.1457178731016695,1,3657.1944194842263
FRA_cluster_6906,FRA,46.91312270770103,-1.1855463416110583,1,7631.012764823842
FRA_cluster_6879,FRA,47.051346144693326,-1.1090528869500504,1,21068.814330079378
FRA_cluster_6930,FRA,46.95358983114895,-0.9843990336919928,1,14410.768975987045
FRA_cluster_6979,FRA,47.18998724660286,-1.1108420195702566,1,32478.1791687194
FRA_cluster_699,FRA,47.84002616735184,-3.3078014210991453,1,15991.732203247928
FRA_cluster_6997,FRA,47.24634097727937,-0.9127281075583498,1,28868.481094481598
FRA_cluster_7025,FRA,47.14168913475206,-0.9801955283048048,1,32824.83864339953
FRA_cluster_7018,FRA,46.852455306945856,-0.7452477937754284,1,28090.574752730878
FRA_cluster_7012,FRA,47.37032173175909,-0.8722516554470365,1,16759.284602010637
FRA_cluster_7050,FRA,47.07707983705957,-1.2673012656820686,1,26446.124391329027
FRA_cluster_7069,FRA,47.32174480875444,-0.8543121800981702,1,19516.900235959147
FRA_cluster_6995,FRA,46.97637431296255,-1.111314681445167,1,12731.882201732195
FRA_cluster_7078,FRA,46.82613487653809,-0.9086011679673872,1,16460.401245758174
FRA_cluster_7144,FRA,47.23997261393508,-0.8456584069150697,1,26912.823328698785
FRA_cluster_710,FRA,47.7573616764985,-3.0469428497746374,1,21397.74365703622
FRA_cluster_7182,FRA,46.92274306009519,-1.0898503064303593,1,7100.442694440371
FRA_cluster_7224,FRA,46.98196589390577,-1.1130370424726923,1,13348.309513834867
FRA_cluster_7212,FRA,46.88239433779597,-1.1853398625707985,1,5558.934205981041
FRA_cluster_7451,FRA,46.80574806428834,-1.137605222705498,1,6418.083079774756
FRA_cluster_7445,FRA,46.81123268219794,-0.6695894519442572,1,24682.70716874469
FRA_cluster_7452,FRA,46.76949007755836,-0.8675040543541528,1,20183.350665574053
FRA_cluster_7462,FRA,46.739707660465605,-0.7986768479340629,1,15626.696321309835
FRA_cluster_6189,FRA,46.71466418062491,-1.0044982354341994,1,18541.334452886054
FRA_cluster_7480,FRA,46.80475117034252,-0.9511359494188324,1,14239.174567065567
FRA_cluster_7500,FRA,46.72866172590531,-0.7430775835789324,1,14415.650110200686
FRA_cluster_7479,FRA,46.75210528936599,-0.7257754790895913,1,17213.87331407132
FRA_cluster_7531,FRA,46.64786783797207,-0.5393636878023114,1,18465.6855086881
FRA_cluster_7436,FRA,46.695164142008,-0.7569071924950109,1,10586.978321390185
FRA_cluster_7504,FRA,46.77457561130896,-0.6989059200367801,1,20129.453306681404
FRA_cluster_7591,FRA,46.621557758898334,-0.533859097793729,1,18273.109358330836
FRA_cluster_7577,FRA,46.70826875671191,-0.5543181017806957,1,20432.513983871126
FRA_cluster_7668,FRA,47.44145606997416,-0.5535342321431922,0,10531.567729667382
FRA_cluster_7598,FRA,46.72522874327064,-0.3947966459799726,1,31892.60963310226
FRA_cluster_7669,FRA,47.05556569027112,-0.5389318275622944,1,46232.5033052041
FRA_cluster_769,FRA,47.866843114125935,-3.177909778807241,1,14476.45778328093
FRA_cluster_7650,FRA,47.37053617011942,-0.1175853173995302,0,8216.076549038537
FRA_cluster_7693,FRA,46.96345704465566,-0.4392480627139978,1,47620.98211132356
FRA_cluster_7708,FRA,46.830502523216914,-0.3123542933653528,1,43330.252671706854
FRA_cluster_7739,FRA,47.43406336950656,-0.1762299281598234,0,16468.743011452818
FRA_cluster_7918,FRA,47.11544031709013,-0.3435268132403978,1,31846.54105016137
FRA_cluster_7753,FRA,47.09958927215156,-0.4332807322933731,1,38076.61604380312
FRA_cluster_787,FRA,47.76808652336442,-2.777505623551184,1,26980.800240273064
FRA_cluster_7932,FRA,47.63935673502553,-0.3854012886156619,1,30541.693735906716
FRA_cluster_7840,FRA,47.43407628625838,-0.553186874760882,0,10733.70100549883
FRA_cluster_7936,FRA,47.589136429076326,-0.4298155942717846,0,24443.31323108685
FRA_cluster_804,FRA,47.77747483031396,-2.767416157926643,1,26568.022093123174
FRA_cluster_8018,FRA,47.53742320516004,-0.7419706669270307,1,9587.634838717646
FRA_cluster_8078,FRA,47.49669052356779,-1.186052018262291,1,6702.483226839154
FRA_cluster_8126,FRA,48.63528629874749,-3.9299154773240654,0,5619.929997958711
FRA_cluster_8024,FRA,47.58443269631734,-1.132905401144923,1,12692.116935280337
FRA_cluster_8144,FRA,48.52066888322774,-3.6502535648540553,1,5092.50294086779
FRA_cluster_8153,FRA,48.63370054706691,-4.159763041396417,1,12263.379988394347
FRA_cluster_8136,FRA,48.303659372402215,-3.9388076552245015,1,13649.781100647544
FRA_cluster_8157,FRA,48.594891919539386,-3.94640523365718,0,8066.98101229837
FRA_cluster_8165,FRA,48.55041650944175,-3.84607415140792,1,16428.80713465091
FRA_cluster_8146,FRA,48.55518700440789,-3.8444819579518015,0,16123.449259656069
FRA_cluster_8248,FRA,48.25408976479494,-4.189105014653231,1,11297.185461402614
FRA_cluster_8170,FRA,48.513618225173325,-4.228291176848411,1,23461.518624080374
FRA_cluster_7103,FRA,47.11020953608838,-0.9829193717756928,1,29457.680616135458
FRA_cluster_8250,FRA,48.29327277060996,-4.113675442158392,1,11741.99157989839
FRA_cluster_8271,FRA,48.22793290242272,-4.034716470341672,1,4698.195448939063
FRA_cluster_7566,FRA,46.76616759829847,-0.5020233191858794,1,27583.69307326713
FRA_cluster_8267,FRA,48.52951600507132,-3.582017681657199,1,1833.3114289822001
FRA_cluster_8282,FRA,48.53128025600515,-3.943047780991304,1,14768.959672991265
FRA_cluster_8307,FRA,48.35464450984016,-3.6263030421376574,1,7858.065512468017
FRA_cluster_8326,FRA,48.54089569177701,-3.8941855134854126,1,15180.890398761414
FRA_cluster_8342,FRA,48.26360131725456,-4.1295295088687975,1,9154.32864987515
FRA_cluster_8319,FRA,48.60412997343882,-4.097588492669349,1,9576.156545467295
FRA_cluster_8330,FRA,48.21222432304296,-4.02611185210372,2,3844.991785140255
FRA_cluster_8349,FRA,48.56636501490393,-3.623819349619336,1,3382.2285985120943
FRA_cluster_8295,FRA,48.21215104777551,-3.926644217250748,1,3517.0825750921863
FRA_cluster_8376,FRA,48.45217600408716,-3.578902011499978,1,5302.706796610991
FRA_cluster_8385,FRA,48.5067414321422,-4.150417932796623,1,20347.050455624954
FRA_cluster_8395,FRA,48.50004821644338,-3.878104804440777,1,17647.525529121805
FRA_cluster_8409,FRA,48.40141890945297,-4.207351250278788,1,25447.868635492985
FRA_cluster_8420,FRA,48.232870306811,-4.032412413755027,1,5256.280641124205
FRA_cluster_8431,FRA,48.42467933419764,-3.9417108976093616,1,20657.52521943401
FRA_cluster_8417,FRA,48.51052100361861,-4.160499802013602,1,20424.845114005962
FRA_cluster_8472,FRA,48.59597196839528,-3.9425270701103474,0,8098.72723343074
FRA_cluster_8309,FRA,48.2556691746203,-4.055277604242957,1,7134.894002791259
FRA_cluster_8489,FRA,48.250896717872166,-4.128406504334687,1,7911.304402813569
FRA_cluster_8479,FRA,48.37534498036856,-4.076654402634953,1,20386.178652314673
FRA_cluster_8528,FRA,48.62490485472564,-3.455376067331734,1,13322.742701326073
FRA_cluster_855,FRA,47.89484215294162,-3.128167881543797,1,9634.014891460982
FRA_cluster_8569,FRA,48.54287408838217,-3.370188239687169,1,16289.717781225576
FRA_cluster_8584,FRA,48.6101434558777,-4.351398153674563,1,26581.835990421005
FRA_cluster_8653,FRA,48.55794551807213,-4.266714949058824,1,22778.72816030513
FRA_cluster_8734,FRA,48.69947614142298,-3.345242735300513,1,2608.947351751379
FRA_cluster_863,FRA,47.99674937198722,-3.0057533527575035,1,5516.419245678293
FRA_cluster_8781,FRA,43.34279673280432,-0.4160635877553589,0,100802.45330258412
FRA_cluster_8867,FRA,43.47989313767167,-0.2821817035194943,1,96368.44698070882
FRA_cluster_8703,FRA,48.26762280813244,-4.274965703446687,1,17461.120639333913
FRA_cluster_916,FRA,47.86083780747413,-2.868668980369027,1,15407.56314635905
FRA_cluster_8886,FRA,43.63979308258244,-0.4545384953456255,1,74114.23258563915
FRA_cluster_924,FRA,47.939993941516505,-2.923272921199273,1,7846.554846666952
FRA_cluster_8720,FRA,48.586926290376425,-4.273890014004752,1,21855.42770031807
FRA_cluster_932,FRA,47.8870157627863,-2.763186258025089,1,20894.6217129068
FRA_cluster_961,FRA,47.90092714851921,-3.081646369898168,1,6720.964762216661
FRA_cluster_8454,FRA,48.43961701121303,-3.727336474913907,1,4899.848468048324
FRA_cluster_10105,FRA,47.58696749979927,0.5512110955785958,1,40987.77397842679
FRA_cluster_953,FRA,47.783115214917984,-2.736303649366269,1,24597.768459495204
FRA_cluster_10297,FRA,47.400534717917175,1.01599704549553,0,39460.57210709843
FRA_cluster_10374,FRA,47.04861271533182,0.5574052550698995,0,49977.57113213089
FRA_cluster_10380,FRA,47.05944680322294,0.5538238462308311,0,49093.71483172647
FRA_cluster_973,FRA,47.98970331793584,-3.315202756877662,1,10386.429870790873
FRA_cluster_10250,FRA,47.27742458258779,1.4026474213627216,0,36922.72114017402
FRA_cluster_10687,FRA,46.82600292719183,1.7570694408484508,0,53050.34823320186
FRA_cluster_10304,FRA,47.13708457767043,1.0737810348957295,1,64186.66278780135
FRA_cluster_10791,FRA,47.17836468319272,0.0192965328395804,0,13062.381083036018
FRA_cluster_10793,FRA,47.24395495618069,0.0939578388101392,0,8829.763331905708
FRA_cluster_10652,FRA,46.82702854757333,1.7688181443667232,0,52774.41840326945
FRA_cluster_10944,FRA,50.440524191873855,1.6772879527844355,1,14905.056798965312
FRA_cluster_10927,FRA,50.63700512228089,1.745671205837931,0,34459.30223133673
FRA_cluster_10956,FRA,50.62111563620864,2.164507709111566,1,41830.64337159563
FRA_cluster_10994,FRA,50.19053644574917,3.240798359401126,0,29713.17691600123
FRA_cluster_11012,FRA,50.15430243927396,3.1040469240564827,1,23321.592090490663
FRA_cluster_11086,FRA,50.12428679777337,2.7640114456678333,1,19298.36998876438
FRA_cluster_10527,FRA,46.18928572917328,2.4247858393206467,0,123779.85426027041
FRA_cluster_11308,FRA,50.102849866711686,2.8027038689700388,1,20933.474961466996
FRA_cluster_11340,FRA,50.24374469506276,2.547546334615411,1,22206.79921559157
FRA_cluster_10099,FRA,47.57376487754789,0.5484677946706261,1,41861.788344616834
FRA_cluster_11091,FRA,50.08104312801789,2.679396666034389,1,26133.184349623774
FRA_cluster_11787,FRA,49.73108725997752,1.4409671996749422,0,71032.9355455826
FRA_cluster_11813,FRA,50.587814140628105,3.097498196460152,0,20115.52887202382
FRA_cluster_11856,FRA,50.77160151881117,3.072807784550436,0,7208.512894691645
FRA_cluster_11933,FRA,50.7128731192843,2.542235053468916,0,24900.31265342855
FRA_cluster_11963,FRA,50.76552808781014,2.717593944091449,0,16479.809961438088
FRA_cluster_11908,FRA,50.684805183576415,2.863205206742011,0,14311.47074213498
FRA_cluster_12023,FRA,47.1794914810413,5.897274198528806,0,102502.90721460039
FRA_cluster_12154,FRA,48.791392115418624,5.54469650827489,0,27472.266827965053
FRA_cluster_12224,FRA,48.31381831733562,5.57873109864617,0,40971.13604601858
FRA_cluster_12208,FRA,48.60743834853375,5.665573420053661,0,13270.715744314883
FRA_cluster_12521,FRA,47.33812559884217,4.966869964014972,0,110037.11495637233
FRA_cluster_12566,FRA,46.24860091914509,4.52050371698477,1,34988.91842924719
FRA_cluster_11943,FRA,50.711830513764006,2.529195960624548,0,25424.133049892444
FRA_cluster_12618,FRA,45.65975150466832,4.833650038954289,0,30414.011723241696
FRA_cluster_12559,FRA,45.68859319391314,4.455875960720631,0,37305.57228636713
FRA_cluster_12750,FRA,45.98585552209207,5.344561270998842,0,45893.401370090294
FRA_cluster_13020,FRA,45.84455942218467,5.126767769080295,0,34028.686644824076
FRA_cluster_12786,FRA,45.72427644027467,5.252914180849534,0,33818.335731239706
FRA_cluster_10614,FRA,46.82774474886445,2.138439537086599,1,55138.569067218414
FRA_cluster_13211,FRA,44.84081706347191,4.995274692584983,1,18581.811535144825
FRA_cluster_12690,FRA,45.72684881137742,4.935408932939244,0,31357.29669597774
FRA_cluster_13004,FRA,46.210627023226046,4.927819257294006,1,31294.732189993414
FRA_cluster_13218,FRA,44.753629929395,4.94781482555381,1,28721.791054140573
FRA_cluster_13243,FRA,44.77577519196612,5.030909489922499,1,23611.33722894978
FRA_cluster_13236,FRA,44.82619355364533,4.940925363412511,1,22589.322138951517
FRA_cluster_13214,FRA,44.63453430534034,4.748836470068792,0,48644.35498046884
FRA_cluster_13246,FRA,44.6836319163416,4.956526848912057,1,35322.98130950707
FRA_cluster_13022,FRA,45.84312585007808,5.120015929972393,0,33616.31206625938
FRA_cluster_13241,FRA,44.653422676750296,5.031676587792453,1,36638.66159529469
FRA_cluster_11121,FRA,50.58877585672884,2.3281340099059533,0,42488.31953651161
FRA_cluster_13254,FRA,44.817413803160456,4.83795117025084,1,29326.682513420103
FRA_cluster_13273,FRA,44.797076638378606,4.850351149389007,0,29985.866352293968
FRA_cluster_13280,FRA,44.84904882115069,4.995537907748012,1,17845.688238314022
FRA_cluster_13329,FRA,44.79963336003798,4.778935329135733,0,34263.26773288024
FRA_cluster_13325,FRA,44.82675692638563,4.882869321333646,1,25894.469326814775
FRA_cluster_13509,FRA,45.05782933596902,5.106282988193044,0,9601.075363292623
FRA_cluster_13522,FRA,45.09955143137835,5.678963592850581,0,35142.48381009387
FRA_cluster_13436,FRA,44.69442586949063,5.486488430365016,0,41556.902341783876
FRA_cluster_13256,FRA,44.873387875951146,4.9035828404381245,1,21547.40786098088
FRA_cluster_13530,FRA,45.05810615256728,5.177504396361806,1,9841.775209455787
FRA_cluster_13495,FRA,45.0748309866179,5.1199422457355,1,11260.599933860327
FRA_cluster_13951,FRA,46.86066516617857,3.160972627330201,0,66365.2856760159
FRA_cluster_13835,FRA,45.485848470538144,4.806172189060398,0,11466.643770872752
FRA_cluster_14222,FRA,47.17581002328744,5.407136030546441,0,112979.82143185436
FRA_cluster_13257,FRA,44.62201358736376,4.839938663054883,1,45658.7205351058
FRA_cluster_14297,FRA,46.62884881789348,5.172632097314912,0,79337.76299643081
FRA_cluster_14298,FRA,46.55136413686118,5.328365017661474,0,64728.386918975884
FRA_cluster_13799,FRA,44.89988665179671,5.019720076475839,0,12410.406763414612
FRA_cluster_14479,FRA,45.11028427093296,2.868078914474915,0,121394.8285710072
FRA_cluster_14587,FRA,49.36730389250956,4.294059251303985,1,9693.498179041913
FRA_cluster_14631,FRA,49.43864984684386,4.449899680392163,1,4202.045709214112
FRA_cluster_14192,FRA,46.76907548624266,5.330208994640565,1,79313.00557984895
FRA_cluster_14638,FRA,49.37195353007333,4.489516938732298,1,4692.336126500464
FRA_cluster_14640,FRA,49.42555874738512,4.425780100858002,1,1968.7797496612523
FRA_cluster_15343,FRA,49.84741037435089,3.747584424422548,1,31033.631234930905
FRA_cluster_14951,FRA,49.130026910408425,4.551205877682313,0,8124.12121666149
FRA_cluster_14291,FRA,46.3559315917979,5.014296714519405,1,48658.2304344458
FRA_cluster_15364,FRA,49.733975490618974,4.048073910122062,1,7832.857853321021
FRA_cluster_14504,FRA,45.22020743109205,2.3369629071553395,0,87131.70348114563
FRA_cluster_15495,FRA,48.40052649407145,2.7090054158006303,0,60433.77414227603
FRA_cluster_15410,FRA,47.92896636813883,2.4314927123992622,1,32810.53875383888
FRA_cluster_15073,FRA,49.99062503816493,4.70027023868875,0,56107.65783657347
FRA_cluster_15615,FRA,48.82125228741121,3.095508999522922,0,79386.09244403768
FRA_cluster_15599,FRA,48.874962020938845,2.794226516552484,0,80543.68211945776
FRA_cluster_15675,FRA,48.67009711337148,3.112748795607444,1,65462.10850967624
FRA_cluster_15648,FRA,48.32760711211616,3.442556157424406,1,22347.349972954675
FRA_cluster_15668,FRA,48.57705921853961,3.309771573101552,1,48194.39443480813
FRA_cluster_15731,FRA,48.163047162345656,3.6045049743980018,1,11201.692007831409
FRA_cluster_15831,FRA,47.78320132065758,2.907115893137627,1,18296.14930620526
FRA_cluster_15869,FRA,47.929373732772085,3.247547825226122,1,13976.840402290267
FRA_cluster_15890,FRA,48.923108104509225,4.289792444990286,1,19892.974840392693
FRA_cluster_15873,FRA,47.89073212488592,3.078481156746242,1,2536.9078630870313
FRA_cluster_15931,FRA,48.87254115279952,4.790349792825465,1,26150.42473324917
FRA_cluster_15861,FRA,47.95440802150068,3.137183984469496,1,7410.973811863379
FRA_cluster_15936,FRA,49.05635933919429,4.602367900298109,1,2357.118582664623
FRA_cluster_15939,FRA,49.019046575361024,4.703872980461832,1,10669.68257370074
FRA_cluster_15945,FRA,48.99726941010572,4.771537545374892,1,16164.661001937682
FRA_cluster_16021,FRA,48.76558362089554,5.171636347748756,0,50996.34885822362
FRA_cluster_16001,FRA,48.63510833770951,4.487917665521326,1,9075.511027616922
FRA_cluster_14377,FRA,46.46634568414375,5.248213245210349,2,66428.24001304239
FRA_cluster_16047,FRA,48.39491487449468,4.675464932985573,0,28267.578110425457
FRA_cluster_16059,FRA,48.39775461892254,4.671889944087124,0,27867.557661126262
FRA_cluster_15937,FRA,48.79471698063856,4.716593661414651,1,19967.299672278034
FRA_cluster_16190,FRA,48.63237149293976,4.107576356410275,1,21370.669598031614
FRA_cluster_16111,FRA,48.44067728192901,4.357776874980056,1,11745.69191744757
FRA_cluster_16191,FRA,48.32153540663776,4.106184644482962,0,30827.51592159563
FRA_cluster_16263,FRA,47.55303333085462,2.539846528311108,1,48178.23756128316
FRA_cluster_16214,FRA,47.860998618853735,2.3141381758312987,1,22108.163149960073
FRA_cluster_16395,FRA,46.94722761570449,2.181561275304184,2,44387.80033050188
FRA_cluster_16245,FRA,47.73064731446603,2.6071106626325213,0,39429.979381329525
FRA_cluster_16489,FRA,47.79189900720648,3.5493350325527886,0,22544.600626042768
FRA_cluster_16680,FRA,48.064980486179735,3.707666161282867,1,16419.065607673132
FRA_cluster_16684,FRA,48.025000715718,3.629477826358668,1,15880.393955212005
FRA_cluster_16613,FRA,47.52316284269046,3.7187010231704334,1,44586.406127628616
FRA_cluster_16739,FRA,47.663767053953336,3.3543650246361447,1,35084.39830283312
FRA_cluster_17012,FRA,49.02958465573934,1.986795646228859,0,33384.277976709825
FRA_cluster_17207,FRA,49.24224828088149,3.3444378393153875,1,56321.47570901996
FRA_cluster_17288,FRA,49.2129872807494,4.020118499873893,0,11785.626540431243
FRA_cluster_17303,FRA,49.46995029168343,4.255643120322453,1,12909.5179597818
FRA_cluster_17283,FRA,49.41273530568967,4.237215925239365,1,12479.8741201747
FRA_cluster_17297,FRA,49.48628321430399,3.803488839465762,1,29380.454720599522
FRA_cluster_17316,FRA,49.58866549290292,3.6504800464977496,0,33321.83916065904
FRA_cluster_17431,FRA,49.560981284547545,3.9111373943777767,0,18025.91197676854
FRA_cluster_17306,FRA,49.572249102472966,4.148863802489228,1,11588.19482753749
FRA_cluster_17484,FRA,48.48060542991601,1.2570031629468534,1,47842.051998874296
FRA_cluster_17551,FRA,48.08608402774957,0.8045349347532191,1,40720.83732209591
FRA_cluster_17625,FRA,47.83007496335075,1.1525752720657991,1,11929.667918977008
FRA_cluster_17935,FRA,43.78254953372999,1.3475779914231647,0,16349.15294126749
FRA_cluster_17978,FRA,44.0019643431025,1.3369965786818068,0,35739.90273361973
FRA_cluster_17646,FRA,48.61787994900168,1.1013796723332605,1,48195.60053572601
FRA_cluster_18023,FRA,43.50209172908552,1.3581109510013407,0,12310.501479563769
FRA_cluster_17730,FRA,48.44645573953092,1.782082692526125,0,39295.13512161568
FRA_cluster_18029,FRA,43.77885396939404,1.3495489153844384,0,16012.724816341413
FRA_cluster_18068,FRA,43.43586292918651,1.6626701399890584,0,32493.763829134557
FRA_cluster_18095,FRA,43.46415925236973,1.3923359367381638,0,13941.225607859262
FRA_cluster_18101,FRA,43.59266282354663,1.2970138207094464,0,16524.01095818401
FRA_cluster_18133,FRA,43.5857798560849,1.5364487334023602,0,13903.790688639618
FRA_cluster_18207,FRA,43.22259055639751,1.9117521841707463,1,23655.9642469216
FRA_cluster_18288,FRA,43.13394791180523,1.6540091327421735,0,46595.55827809785
FRA_cluster_18400,FRA,43.65086935147279,3.0394915817352954,0,44193.74307067981
FRA_cluster_18393,FRA,43.4497070101299,3.0482377270347945,0,27714.365178982818
FRA_cluster_18447,FRA,43.50499019484069,2.7940121711423065,0,48720.667822220756
FRA_cluster_18556,FRA,43.16972870540961,0.9671239576628032,0,37743.12974585665
FRA_cluster_18695,FRA,42.66665716903948,2.6197749537292325,0,54337.60773451632
FRA_cluster_18681,FRA,42.52424230902616,2.809210122884034,0,34089.77098120784
FRA_cluster_18714,FRA,42.61766669292604,2.4286837669199866,0,58601.752985585656
FRA_cluster_18825,FRA,42.71795328569775,2.607636311300828,0,59926.23092103012
FRA_cluster_18857,FRA,42.83412478426921,2.917722350491331,0,63841.87161198427
FRA_cluster_15907,FRA,48.66119087707245,4.221382087258192,0,16695.050679260763
FRA_cluster_18514,FRA,44.01193047103292,3.172612514415739,0,75361.46739095595
FRA_cluster_19079,FRA,44.42085041187585,0.1538487485338351,0,9559.673780687499
FRA_cluster_19100,FRA,44.83203527899197,0.5025437002784718,0,44478.45046633726
FRA_cluster_18812,FRA,42.80512389826645,2.23511419170671,0,60296.379470982494
FRA_cluster_19361,FRA,44.26771033060535,1.3526018453864364,0,42080.01521890069
FRA_cluster_19301,FRA,44.25595247578861,1.1366041443459525,0,29967.915048564257
FRA_cluster_17506,FRA,48.20331534746487,0.8207786575718553,1,52405.474228614774
FRA_cluster_19457,FRA,44.90053445825314,2.448627535847785,0,84797.89787056591
FRA_cluster_19376,FRA,44.42357919487502,1.4384525729628252,0,42787.39929461086
FRA_cluster_19550,FRA,44.36392573464982,2.5952033317168066,0,109317.56140102749
FRA_cluster_19641,FRA,42.90576588406199,0.3587103091267783,0,92772.00514514321
FRA_cluster_19881,FRA,43.54924173526903,5.031912151037385,0,10628.876717204033
FRA_cluster_19011,FRA,44.31867841594818,0.3558838461722318,0,19542.845624332247
FRA_cluster_19908,FRA,43.63623174721908,5.010338466004765,0,9521.39787721226
FRA_cluster_19943,FRA,43.63727572014218,5.639376745018062,0,40240.77363101209
FRA_cluster_19636,FRA,42.911295475657,0.1731174614734706,0,98217.49907924056
FRA_cluster_19896,FRA,43.41381863700565,4.737483400365597,0,29146.289343202556
FRA_cluster_19371,FRA,44.75347683603504,1.276823953811806,1,11442.936944826255
FRA_cluster_19953,FRA,43.24708826412537,5.504457814230992,0,42060.37522620677
FRA_cluster_19945,FRA,43.63913138180987,5.527700542820456,0,31822.761122136184
FRA_cluster_19878,FRA,43.41510787752021,4.734911166590538,0,28986.976362046367
FRA_cluster_20002,FRA,43.47831609640884,5.645011929447945,2,38608.95968540402
FRA_cluster_19975,FRA,43.2315589520538,5.4404827979901125,0,40270.1391020975
FRA_cluster_19758,FRA,43.52311690565146,0.1588027909914856,0,85950.2430376817
FRA_cluster_20020,FRA,43.62320539453312,5.114775338342296,0,8759.57566189027
FRA_cluster_20104,FRA,43.70150466113546,5.085836049565016,0,3002.2292194018005
FRA_cluster_20019,FRA,43.24989859158493,5.504926959835241,0,41850.49662720233
FRA_cluster_20069,FRA,43.50537390241527,5.362828243051602,0,16492.566863459186
FRA_cluster_20234,FRA,44.48647220555366,4.794458635089978,1,49929.143290354725
FRA_cluster_20337,FRA,43.7612697471281,4.464717369845987,0,21751.491628625885
FRA_cluster_19982,FRA,43.41027189124482,5.312698889014842,0,18192.672098697196
FRA_cluster_20329,FRA,43.88882670405458,4.786978855541039,0,5512.700909858639
FRA_cluster_20338,FRA,43.85147811443052,4.92177219982581,0,6534.633569767147
FRA_cluster_20401,FRA,44.1399694983534,4.795805636557178,0,18840.72253977991
FRA_cluster_20419,FRA,43.87278109504252,4.897660957048856,0,4979.11394951478
FRA_cluster_20414,FRA,43.89291454340542,4.943432542410598,0,9044.683436516712
FRA_cluster_20481,FRA,43.98577921237911,4.859024408217472,0,14579.329359992778
FRA_cluster_20022,FRA,43.4777029011052,5.647585406903952,2,38391.43124274252
FRA_cluster_20665,FRA,43.8728678950664,4.91234467677219,0,6083.8074115892605
FRA_cluster_20713,FRA,43.674781805054366,4.433192518114368,0,22073.8463874483
FRA_cluster_20855,FRA,44.038065833372464,5.627675588636382,0,47050.91297642609
FRA_cluster_20898,FRA,44.31419113438708,5.823974122038431,0,70055.29224213991
FRA_cluster_20637,FRA,43.84262854633621,4.856310573897553,0,1619.3853263180386
FRA_cluster_8940,FRA,48.118548709294096,0.4654718429264738,1,58776.314087143925
FRA_cluster_8949,FRA,48.22503538879967,0.0770875804284474,1,77543.57801245734
FRA_cluster_8952,FRA,48.39612003931309,0.3800627354900031,1,86444.09499553939
FRA_cluster_8946,FRA,48.20007510115022,0.337816258898987,1,71884.41611831092
FRA_cluster_9047,FRA,48.10985738735412,0.1508352733967503,1,76994.3165248051
FRA_cluster_9016,FRA,48.43260628152178,0.3827037373863646,1,89702.63718439967
FRA_cluster_9066,FRA,48.16806160746673,0.1295571685259144,1,80346.74686727986
FRA_cluster_9124,FRA,47.70749754758369,0.285496759308303,1,49998.61977497692
FRA_cluster_9128,FRA,48.00525402863478,0.5902434941913869,1,43480.94424567402
FRA_cluster_9114,FRA,48.00260194640084,0.5625446962195039,1,44907.33790387442
FRA_cluster_9130,FRA,47.69495163863856,0.0285220130071823,0,42426.63194810701
FRA_cluster_9146,FRA,47.72624117908364,0.2425816065876949,1,50363.818165567514
FRA_cluster_9197,FRA,48.053766504325154,0.1877144282513653,0,71578.89602557602
FRA_cluster_9422,FRA,49.31180526615571,1.0493440669210117,0,74458.77381407861
FRA_cluster_9307,FRA,47.93261934278934,0.6818109481942853,1,33131.58485526748
FRA_cluster_9171,FRA,47.71039899497104,0.2749048005551544,1,49893.30477225437
FRA_cluster_9476,FRA,48.91877079283015,1.2037201117184593,1,38826.54408038753
FRA_cluster_9536,FRA,48.85211282782177,0.6480073042432947,1,77295.92276621978
FRA_cluster_9701,FRA,45.25482758980457,1.7596901985945428,0,56209.10622153272
FRA_cluster_21091,FRA,48.01860023409706,7.531687947125873,0,47004.70224423698
FRA_cluster_21150,FRA,48.206739017869886,7.58574054205743,1,28135.52891218627
FRA_cluster_21127,FRA,47.471997624672944,6.788038741095299,0,111172.69164066405
FRA_cluster_20221,FRA,43.90942108319423,4.002377158043931,0,39969.16618593649
FRA_cluster_21324,FRA,47.24387682626431,6.053318658036961,0,108882.05763366923
FRA_cluster_9933,FRA,45.83347855483592,1.223968119704225,0,112508.6884354328
FRA_cluster_21342,FRA,47.15938379272495,6.321264484167113,0,101411.942676223
FRA_cluster_21179,FRA,48.18992628609509,6.419895515629875,0,65797.6784402504
FRA_cluster_21569,FRA,48.75936633341631,6.153744142435734,0,26647.238252319217
FRA_cluster_21581,FRA,49.11168170110823,6.098687502209017,0,55852.69308542192
FRA_cluster_9444,FRA,49.31283794433916,1.0536455208251787,0,74347.92322376923
FRA_cluster_21654,FRA,48.81994424693436,6.508739241293608,0,53033.407884399494
FRA_cluster_21734,FRA,48.70927860162074,7.161436329063182,0,63616.770911460044
FRA_cluster_21737,FRA,48.940433195266856,7.187090283672881,0,79989.50837558218
FRA_cluster_21509,FRA,48.69479109805996,6.099876812367828,0,20087.76109214416
FRA_cluster_21896,FRA,48.68370211108807,7.582078724952456,1,39913.48039841008
FRA_cluster_21785,FRA,49.13163993911775,6.768533295238688,0,87244.60667575308
FRA_cluster_21897,FRA,48.79910503855503,7.844821971615086,0,46863.999321677984
FRA_cluster_21901,FRA,48.90339854714693,8.085154583087261,1,46207.16389535242
FRA_cluster_21796,FRA,48.97613469573366,7.046292521073803,0,89700.41056353676
FRA_cluster_21902,FRA,48.64959887197092,7.827069963722844,0,30348.94026621244
FRA_cluster_21931,FRA,48.988371993804975,8.060943884614106,1,49775.70047046139
FRA_cluster_21927,FRA,48.90862887023825,7.61585977137636,1,61809.203544910066
FRA_cluster_21945,FRA,48.7979475222553,7.8446464930107105,0,46735.78957240894
FRA_cluster_21899,FRA,48.53949072763665,7.616586106775611,0,25706.66423923561
FRA_cluster_22018,FRA,48.8005414496966,7.850113235238326,0,47012.43399738321
FRA_cluster_21953,FRA,48.792893948364686,7.797852290590239,1,46418.156482880695
FRA_cluster_21932,FRA,48.800082115796094,7.845581803474701,0,46970.77761641633
FRA_cluster_22202,FRA,45.46825891604874,6.909064085747351,0,67929.20816522313
FRA_cluster_22251,FRA,45.48623045350332,6.529188582486776,0,68940.81167809719
FRA_cluster_22333,FRA,49.364412251328375,6.084529589812067,0,74368.04470553035
FRA_cluster_22190,FRA,45.1929623855395,6.657898481157958,0,65222.61603414275
FRA_cluster_22389,FRA,43.55846226085732,6.004684767866238,0,25317.436568530753
FRA_cluster_22207,FRA,45.192245181569,6.652362952021598,0,65539.60230123076
FRA_cluster_22406,FRA,43.3936586860703,6.3171532972143165,0,19990.75973867895
FRA_cluster_22488,FRA,43.64667515793535,6.457705174701147,0,45799.111158640575
FRA_cluster_22476,FRA,43.64934216856574,6.467336238570028,0,46536.63525292367
FRA_cluster_22434,FRA,43.369734872806255,6.222813875995661,0,11918.782690525839
FRA_cluster_22460,FRA,43.648482036315336,6.472341761413304,0,46736.65194774986
FRA_cluster_22509,FRA,43.47311847370075,6.567313194990011,0,41986.417023167094
FRA_cluster_22585,FRA,44.53116471631501,6.051448965476532,0,87404.12420398384
FRA_cluster_22468,FRA,43.64860235107066,6.793970797578737,0,67021.33016182548
FRA_cluster_22673,FRA,-21.36465646065309,55.6446130214764,0,885371.1137492916
FRA_cluster_22696,FRA,-21.31882359039272,55.43934347285177,0,863577.5459367612
FRA_cluster_22520,FRA,43.27701977614472,6.580719419863435,0,40909.19591370589
FRA_cluster_22687,FRA,-21.235723761902985,55.5753176264562,0,874200.1634030459
FRA_cluster_22699,FRA,-21.31887995929809,55.44224047140184,0,863864.7204167356
FRA_cluster_22612,FRA,44.46051524328453,6.05563574838705,0,92355.94266133844
FRA_cluster_22586,FRA,44.69432968531714,6.318804301074728,0,83249.67553708963
FRA_cluster_22517,FRA,43.31712406809277,6.469023851076062,0,31383.06461704477
FRA_cluster_22117,FRA,46.18045443541951,6.212053293798411,0,14798.257380399195
ECU_cluster_2533,ECU,-0.9580235395224604,-80.80833650056098,0,48593.506366373935
ECU_cluster_2700,ECU,-2.877536423156751,-78.76227925063789,0,186007.40991866068
ECU_cluster_2697,ECU,-2.9425152890121966,-78.79505708515867,0,187375.83641941065
SWZ_cluster_1,SWZ,-26.8053773891294,31.76562065459938,0,47557.766423701534
GBR_cluster_28,United Kingdom,54.34676524833717,-7.647149898476591,0,29830.718433876627
GBR_cluster_286,United Kingdom,57.3459981970781,-6.064545143774227,0,210810.1535026377
GBR_cluster_92,United Kingdom,55.12700218973659,-6.668088965551968,0,28700.292968987327
GBR_cluster_1093,United Kingdom,52.90231462066284,-0.6332617730003272,0,27312.088028516962
GBR_cluster_1066,United Kingdom,53.17678757519809,-0.6174134829801546,0,54102.37292824028
GBR_cluster_1239,United Kingdom,54.84569183628539,-1.4654400514066768,0,24999.918305812804
GBR_cluster_1240,United Kingdom,54.87579335664313,-1.4877402499991947,0,26673.142380757392
GBR_cluster_1242,United Kingdom,54.79994228359742,-1.6726606298475506,0,13706.35922344679
GBR_cluster_1266,United Kingdom,54.796926351723215,-1.671173624940292,0,13411.668971079467
GBR_cluster_1260,United Kingdom,54.82623215370765,-1.4524102397981056,0,24084.175682598
GBR_cluster_1267,United Kingdom,54.851920847643385,-1.477330022787401,0,25005.31491208462
GBR_cluster_1243,United Kingdom,54.788261667642864,-1.3248903835650137,0,28683.077892204194
GBR_cluster_1342,United Kingdom,54.74359394761462,-1.2830380209515253,0,29628.744739110873
GBR_cluster_1394,United Kingdom,54.72238724594381,-1.4123352727626215,0,21010.731238229928
GBR_cluster_1361,United Kingdom,54.53856167547845,-1.0513492599042125,0,3311.4752300782757
GBR_cluster_1472,United Kingdom,54.70716265614384,-1.591135491157347,0,9467.094378680089
GBR_cluster_1270,United Kingdom,54.77189423276147,-1.7003160337563006,0,10253.870838693345
GBR_cluster_1485,United Kingdom,54.62316886139467,-1.6406394956805062,0,8731.710667877363
GBR_cluster_1416,United Kingdom,54.71249141584367,-1.5081110234093749,0,14768.690361560504
GBR_cluster_1647,United Kingdom,50.94706711066154,-0.0928284484832853,0,23128.554644229313
GBR_cluster_1792,United Kingdom,53.22227927106477,-2.516421471804456,0,39382.06849065709
GBR_cluster_1767,United Kingdom,53.34475965225876,-3.403150611386276,0,67676.30343606943
GBR_cluster_1804,United Kingdom,53.27225158571,-2.5343004193724785,0,44253.730941426315
GBR_cluster_1011,United Kingdom,52.27936261698386,-0.3154150047990299,0,8157.130985012619
GBR_cluster_1821,United Kingdom,53.23466730592809,-3.0549659297475684,0,44028.844657089176
GBR_cluster_1867,United Kingdom,53.43952949107907,-2.6249694722671366,0,61325.210588198366
GBR_cluster_1843,United Kingdom,53.24495167767104,-2.4800736301147146,0,42623.957587762234
GBR_cluster_1933,United Kingdom,53.51937267764043,-2.5740616748204923,0,70563.00460673885
GBR_cluster_2045,United Kingdom,53.253172688678646,-4.5305037508483,0,127048.19018744682
GBR_cluster_1883,United Kingdom,53.69552891965463,-2.8742991094653205,0,89953.47287614002
GBR_cluster_1488,United Kingdom,54.71602877390535,-1.5882617920975597,0,9979.04702462299
GBR_cluster_1994,United Kingdom,53.76930429994372,-2.408890521335112,0,75716.52053781341
GBR_cluster_2208,United Kingdom,54.74696499855771,-2.0046557506527587,0,18992.334556236114
GBR_cluster_2257,United Kingdom,55.2456705555389,-4.849572180626361,0,86680.48774911063
GBR_cluster_2267,United Kingdom,51.61527602095355,-3.279367361951195,0,67765.52610124597
GBR_cluster_2268,United Kingdom,51.594929423038685,-3.273717409620863,0,69780.9445574822
GBR_cluster_2166,United Kingdom,55.605908628512616,-4.333020044141389,0,39179.00653231431
GBR_cluster_2271,United Kingdom,51.70943364670296,-3.342255694807347,0,59791.48141380886
GBR_cluster_2275,United Kingdom,51.757390126323095,-3.280538323609876,0,53141.41798107094
GBR_cluster_2037,United Kingdom,53.18839873759081,-4.208632578175124,0,104443.3699264171
GBR_cluster_2281,United Kingdom,51.60736084401313,-3.228857137533214,0,67537.95816983243
GBR_cluster_2279,United Kingdom,51.59873268321461,-3.2706129112115594,0,69312.03639400109
GBR_cluster_2283,United Kingdom,51.68600437800847,-3.338682289033954,0,62028.641392801896
GBR_cluster_2290,United Kingdom,51.63010071346498,-3.230218266706199,0,65142.139015866655
GBR_cluster_2289,United Kingdom,51.69989211503785,-3.1368775303661467,0,55971.646060188024
GBR_cluster_2292,United Kingdom,51.73667219536479,-3.179031028744018,0,52778.06679770834
GBR_cluster_2295,United Kingdom,51.66998936470797,-3.228178956904047,0,60870.29065395263
GBR_cluster_2297,United Kingdom,51.59288034233919,-3.269405249389643,0,69904.14829302278
GBR_cluster_2296,United Kingdom,51.723291445369576,-3.3648472684467463,0,59142.91669302908
GBR_cluster_2298,United Kingdom,51.754316445858514,-3.278652146725467,0,53396.911554791666
GBR_cluster_2316,United Kingdom,51.60170152396904,-3.231342845889838,0,68190.13668930029
GBR_cluster_2313,United Kingdom,51.742458960208126,-3.184144081702133,0,52269.47877382604
GBR_cluster_2304,United Kingdom,51.59350060115551,-3.266971273016072,0,69786.51427118128
GBR_cluster_2320,United Kingdom,51.75685242529262,-3.1937947907418565,0,50959.02609017721
GBR_cluster_2327,United Kingdom,51.61061068824498,-3.2779736712681515,0,68223.87875639337
GBR_cluster_2317,United Kingdom,51.61625551759188,-3.1472319695258792,0,65207.16741231355
GBR_cluster_2346,United Kingdom,51.595415599266246,-3.265604838393576,0,69554.84326130085
GBR_cluster_2351,United Kingdom,51.66792817568405,-3.3609030289037687,0,64501.9529490189
GBR_cluster_2357,United Kingdom,51.77257799161741,-3.3520283406609166,0,53936.766224907646
GBR_cluster_2328,United Kingdom,51.69812384473215,-3.3445085889274777,0,60987.735651253846
GBR_cluster_2374,United Kingdom,51.74363821704408,-3.181443379403357,0,52088.19723407126
GBR_cluster_2394,United Kingdom,51.60700410563173,-3.275322749628696,0,68543.76309323893
GBR_cluster_2326,United Kingdom,51.76732021863819,-3.291866556259248,0,52483.35734112806
GBR_cluster_2436,United Kingdom,51.73723936947789,-3.1810619311184447,0,52759.20637034433
GBR_cluster_2434,United Kingdom,51.724994929986025,-3.3562106134906213,0,58694.234289524815
GBR_cluster_2332,United Kingdom,51.76491663603037,-3.290399761657957,0,52678.72124999373
GBR_cluster_2441,United Kingdom,51.75481816931961,-3.195290607485952,0,51206.40768181696
GBR_cluster_2454,United Kingdom,51.69413820012768,-3.344343932052649,0,61381.09610602422
GBR_cluster_2457,United Kingdom,51.54587781014598,-3.268381659347521,0,74869.34305585753
GBR_cluster_2307,United Kingdom,51.658652785254105,-3.1757762131961464,0,61065.28890504271
GBR_cluster_2482,United Kingdom,52.03411011443737,-2.8500480169587403,0,18658.604817311316
GBR_cluster_2417,United Kingdom,51.61712540661061,-3.129453771315005,0,64871.288629914074
GBR_cluster_2650,United Kingdom,51.94463293726783,-2.4013192699761,0,26986.500274690086
GBR_cluster_2852,United Kingdom,50.69605197042045,-2.2408009643174496,0,132638.0257625775
GBR_cluster_2885,United Kingdom,51.24077173712742,-1.638472433679218,0,89588.11581903722
GBR_cluster_2645,United Kingdom,51.41503804189692,-2.121982365232113,0,67844.40431620985
GBR_cluster_2662,United Kingdom,51.58183836263661,-3.068052763904156,0,68104.7103995653
GBR_cluster_2641,United Kingdom,51.809942841091626,-2.280428196374958,0,29287.0903848059
GBR_cluster_3066,United Kingdom,51.67469481214942,-4.912011086922643,0,8118.741355313328
GBR_cluster_3080,United Kingdom,51.7004596953898,-4.9240275713458725,0,6497.384206038759
GBR_cluster_3093,United Kingdom,51.65923814317936,-3.446664540984176,0,68110.03607790191
GBR_cluster_2871,United Kingdom,51.24270806218479,-1.640481367595254,0,89608.33426761869
GBR_cluster_3099,United Kingdom,51.67862585120969,-3.3821000647183297,0,64089.00938475407
GBR_cluster_3105,United Kingdom,51.626643209994185,-3.4839657671277138,0,72535.09238725301
GBR_cluster_3107,United Kingdom,51.6930111504396,-3.4327652459021936,0,64382.26221807311
GBR_cluster_307,United Kingdom,51.99765292122206,-4.98550549111956,0,32410.319255303508
GBR_cluster_3113,United Kingdom,51.69596713227897,-3.428198688004644,0,63939.07653651568
GBR_cluster_3114,United Kingdom,51.62595449574781,-3.5861906028551136,0,76373.33858856032
GBR_cluster_3110,United Kingdom,51.54825521925199,-3.604953722547386,0,84312.77318452914
GBR_cluster_3125,United Kingdom,51.65186827041146,-3.650479819050352,0,76695.2698489478
GBR_cluster_3143,United Kingdom,51.63611383855972,-3.654242224874971,0,78233.80610583947
GBR_cluster_3139,United Kingdom,51.68588786765755,-3.451003351574584,0,65708.2448169356
GBR_cluster_3092,United Kingdom,51.634799066205794,-3.653525982913199,0,78319.15454995033
GBR_cluster_3154,United Kingdom,51.52942630469876,-3.400771313771134,0,79686.56520174004
GBR_cluster_3124,United Kingdom,51.590701195434974,-3.7725409591456094,0,86876.49425621447
GBR_cluster_3174,United Kingdom,51.63007720059473,-3.655983831266264,0,78838.55928987825
GBR_cluster_3147,United Kingdom,51.59220679552104,-3.7734945105297246,0,86785.27964278423
GBR_cluster_3175,United Kingdom,51.675968259577886,-3.4878158844310736,0,67986.20725655479
GBR_cluster_3190,United Kingdom,51.60846260035584,-3.385038253219129,0,71196.34201748359
GBR_cluster_3162,United Kingdom,51.687212830270994,-3.442817462477941,0,65290.801303088425
GBR_cluster_3199,United Kingdom,51.63273460219284,-3.655976367425656,0,78604.20749149857
GBR_cluster_3211,United Kingdom,51.63841051952373,-3.6512059275165214,0,77903.59008414598
GBR_cluster_3171,United Kingdom,51.6517356765745,-3.52512988253352,0,71645.80484933316
GBR_cluster_3315,United Kingdom,51.71200480247315,-4.697926774488063,0,22043.63524175198
GBR_cluster_3366,United Kingdom,51.69762502565705,-4.147843503008399,0,59955.99120489923
GBR_cluster_3311,United Kingdom,51.85889388499525,-4.29945186923954,0,52223.15937427467
GBR_cluster_343,United Kingdom,50.24231458809624,-3.806022473193989,0,161572.88197356195
GBR_cluster_2412,United Kingdom,51.66933155953083,-3.3048466193023627,0,62778.240849164045
GBR_cluster_3219,United Kingdom,51.66751714131156,-3.522447160020131,0,70079.49102584348
GBR_cluster_349,United Kingdom,55.83390448661038,-4.546843084314026,0,53208.247171057046
GBR_cluster_3681,United Kingdom,52.5995254199857,-1.6147772258588011,0,28143.193093474554
GBR_cluster_386,United Kingdom,55.608145229808514,-4.642984062897898,0,58115.6957265597
GBR_cluster_3429,United Kingdom,51.20765668432265,-3.1480641574764103,0,110077.27884665239
GBR_cluster_3903,United Kingdom,52.81715730336521,-2.090264968455535,0,34415.693947880725
GBR_cluster_3476,United Kingdom,51.197051908153526,-3.1381250957776974,0,111166.19567908782
GBR_cluster_4068,United Kingdom,51.66730915071913,-0.6200075053565923,0,9850.131285298065
GBR_cluster_4056,United Kingdom,51.64625656881129,-0.254109711106161,0,17124.780293517506
GBR_cluster_4166,United Kingdom,51.63021671693661,-0.7999435610849869,0,20818.82957122804
GBR_cluster_4322,United Kingdom,52.04249659801075,-0.3585914795727709,0,27364.013981531676
GBR_cluster_4269,United Kingdom,52.07839613714494,-1.015230444203098,0,45690.844275354466
GBR_cluster_4102,United Kingdom,51.690462225909805,-0.2236722188509786,0,20506.39078663839
GBR_cluster_4389,United Kingdom,52.92880259949799,-4.130781312170062,0,94254.71972270535
GBR_cluster_4185,United Kingdom,51.42806983341417,-0.8495365244787013,0,32358.585334066076
GBR_cluster_4390,United Kingdom,52.926556209029606,-4.1295044595556085,0,94160.91899361149
GBR_cluster_4422,United Kingdom,52.2130432556545,-4.360053488317524,0,72102.33036716837
GBR_cluster_4614,United Kingdom,56.421668126807006,-2.9276974657663564,0,35732.056430812336
GBR_cluster_4657,United Kingdom,56.403708119058926,-3.189536852994167,0,25414.251388198438
GBR_cluster_3509,United Kingdom,51.05949239486305,-2.745928827117844,0,118019.3066257565
GBR_cluster_4601,United Kingdom,56.55200399535732,-3.2278427624760027,0,40928.365758138156
GBR_cluster_4690,United Kingdom,56.07412968236535,-3.4714509523642403,0,15563.975493755013
GBR_cluster_4703,United Kingdom,55.878932975982345,-3.6199879208524615,0,5665.693147867194
GBR_cluster_4817,United Kingdom,55.1600058999076,-1.575896760286808,0,54133.51789958072
GBR_cluster_468,United Kingdom,53.6928449971972,-0.4450921641524953,0,59421.06320834144
GBR_cluster_2265,United Kingdom,51.6197907780517,-3.1271973452099564,0,64551.02771614659
GBR_cluster_4818,United Kingdom,54.90704810342332,-1.820833912339324,0,25728.126704647762
GBR_cluster_4819,United Kingdom,54.86505985221067,-1.810745921190781,0,21036.937376927413
GBR_cluster_4821,United Kingdom,54.85212594852796,-1.7073354889440993,0,19040.41154333003
GBR_cluster_4823,United Kingdom,54.94369773927483,-1.4270798287447266,0,35084.7335880268
GBR_cluster_4828,United Kingdom,54.91917108262842,-1.8095181142877987,0,26899.779851719402
GBR_cluster_4836,United Kingdom,55.0741440678377,-1.5283352376751904,0,45558.78750624329
GBR_cluster_4838,United Kingdom,55.14540371816196,-1.5209933096533006,0,53314.75068859981
GBR_cluster_4834,United Kingdom,55.10609426974013,-1.5811074095513762,0,48187.24679263332
GBR_cluster_4829,United Kingdom,54.86987507292712,-1.8136687619257568,0,21601.77081871684
GBR_cluster_4826,United Kingdom,54.980032073494,-1.790665991546443,0,33414.279369436204
GBR_cluster_4841,United Kingdom,55.18430811643796,-1.5617613936330743,0,56956.49780909029
GBR_cluster_4843,United Kingdom,55.1835945224849,-1.5863898109954135,0,56599.60074584693
GBR_cluster_4878,United Kingdom,54.873561591583496,-1.6070015836516442,0,22805.583682867386
GBR_cluster_4880,United Kingdom,54.86285913516989,-1.6386264156768384,0,21032.972543094704
GBR_cluster_4893,United Kingdom,54.87185013448954,-1.6083799813418007,0,22596.43421407761
GBR_cluster_4840,United Kingdom,54.82848062938291,-1.708225708288806,0,16416.092262767394
GBR_cluster_4899,United Kingdom,55.05645304132196,-1.5984693770891778,0,42557.92329462983
GBR_cluster_4901,United Kingdom,54.86803939041651,-1.623883878078515,0,21865.909647166987
GBR_cluster_4917,United Kingdom,54.85108581320488,-1.670356217643571,0,19265.70556730201
GBR_cluster_4922,United Kingdom,54.8533667829037,-1.662944663924083,0,19615.27279216354
GBR_cluster_4906,United Kingdom,54.8669542288558,-1.814386671900136,0,21298.410433680212
GBR_cluster_4921,United Kingdom,54.9532019134565,-1.7872815567268272,0,30425.933351193846
GBR_cluster_4927,United Kingdom,54.96657814036841,-1.3663329732243792,0,39401.95046656533
GBR_cluster_4932,United Kingdom,54.86836056054423,-1.8100263043805207,0,21382.335554219408
GBR_cluster_4930,United Kingdom,54.99330546122816,-1.7335077592428028,0,34675.45096093468
GBR_cluster_4939,United Kingdom,54.99054596135227,-1.7243126760129297,0,34371.539943678144
GBR_cluster_4949,United Kingdom,55.304644130730026,-1.6136630807451633,0,69701.53954262091
GBR_cluster_4965,United Kingdom,54.93339648307418,-1.7869083350492598,0,28237.150079810828
GBR_cluster_535,United Kingdom,53.45153730512488,-0.1960828029785078,0,88889.39843197868
GBR_cluster_560,United Kingdom,53.3916336383894,-0.773779617360907,0,71694.41242850704
GBR_cluster_667,United Kingdom,53.75369071243835,-1.387021027149852,0,27168.879197894097
GBR_cluster_669,United Kingdom,53.90829988335664,-1.318373301649966,0,9606.415049458896
GBR_cluster_670,United Kingdom,53.72990243823098,-1.352611884720623,0,29526.68819166215
GBR_cluster_812,United Kingdom,53.06921723709937,-1.2583736986343466,0,32432.46017292089
GBR_cluster_999,United Kingdom,52.59391554500451,-0.2003178157111942,0,12581.440089468504
GBR_cluster_884,United Kingdom,53.60124589153882,-1.926292171950504,0,59209.8356546069
GBR_cluster_5023,United Kingdom,53.18245600576995,0.3524149632491527,0,61651.27247136072
GBR_cluster_5434,United Kingdom,51.17392565067218,0.1633534608706937,0,44759.65544346794
GBR_cluster_5457,United Kingdom,50.791117654786014,0.0557747294946046,0,40134.25413454078
GBR_cluster_5208,United Kingdom,52.67246754355685,0.9581013529233622,0,21871.954153343242
GBR_cluster_4678,United Kingdom,55.85289246827547,-3.1381403717558416,0,14195.716918518508
GBR_cluster_5443,United Kingdom,51.24107666577652,0.5841790082981504,0,74665.51662947444
GBR_cluster_5634,United Kingdom,51.9685067487348,0.4958911614780067,0,72595.45366170067
GBR_cluster_5670,United Kingdom,51.56037961000779,0.3911083835686486,0,61837.0251026207
GBR_cluster_5653,United Kingdom,51.414476221335526,0.7515487709622956,0,89495.38645884286
GBR_cluster_5748,United Kingdom,51.395542738104936,0.8485428153730011,0,96541.01280809368
GBR_cluster_5790,United Kingdom,51.3066617728304,0.8239854474868754,0,92853.21315741431
GBR_cluster_5541,United Kingdom,52.39573554397205,0.5432459567938288,0,29475.157587025948
GBR_cluster_5791,United Kingdom,51.31043548974391,0.8236336356202006,0,92983.0613133292
GBR_cluster_5789,United Kingdom,51.30453260198709,0.822835008928765,0,92693.21329877687
GBR_cluster_5792,United Kingdom,51.308552146553886,0.8200972813670349,0,92677.74670500118
GBR_cluster_4871,United Kingdom,54.920317049115496,-1.8143397995223804,0,27083.814014697047
BDI_cluster_51,BDI,-4.005786581078876,30.16862393880931,0,199198.60528642175
BDI_cluster_7,BDI,-3.480545280988435,29.56625370499357,0,154072.59975963496
ZMB_cluster_326,ZMB,-15.354545804729703,28.523922057123176,0,29959.308388795656
ZMB_cluster_366,ZMB,-15.515269855317356,28.430731010652863,0,44265.5940657649
ZMB_cluster_361,ZMB,-15.516259219867834,28.43092282276736,0,44377.15130698623
GRC_cluster_10,GRC,41.01689559971955,22.570192692130824,0,39927.30237166811
GRC_cluster_1446,GRC,37.92112355800611,22.932495439733422,0,13758.262176266406
GRC_cluster_1581,GRC,38.27342057647799,23.65167788440237,0,29696.746408417504
GRC_cluster_1590,GRC,38.27649124272219,23.655038682078267,0,29795.130705826658
GRC_cluster_1770,GRC,37.97955936738046,23.53215300203384,0,42446.20476454158
GRC_cluster_2068,GRC,39.73343661121976,22.2939388330965,0,9722.376147742745
GRC_cluster_2389,GRC,38.13454013823661,21.422912068953988,0,116251.65707390079
GRC_cluster_2385,GRC,38.06518747706973,21.406600798633065,0,123060.14455934206
GRC_cluster_2042,GRC,39.73095826260527,22.293791228316667,0,9647.291490679818
GRC_cluster_565,GRC,40.45641961362952,21.784703394790927,0,39165.24288492224
GRC_cluster_831,GRC,39.51690317283896,21.90659146307961,0,47238.12229753501
GRC_cluster_832,GRC,39.51221420081459,21.910152538139933,0,47199.98538790465
GRC_cluster_2494,GRC,41.096322363203946,24.839037408803502,0,29608.966435229377
GRC_cluster_2510,GRC,41.0950680888806,24.838667784803764,0,29616.417835927383
GRC_cluster_836,GRC,39.51914171448218,21.90604373844348,0,47170.23262302199
GRC_cluster_2639,GRC,40.8646800368556,25.85906102740384,0,8181.141849356886
GRC_cluster_2657,GRC,41.4360818253719,26.455254284263795,0,2132.924738807731
GRC_cluster_2649,GRC,41.43619306332933,26.45060852632936,0,1920.0335668130733
GRC_cluster_2616,GRC,40.910836865412826,26.16555951984436,0,5273.730124067414
GRC_cluster_2852,GRC,35.0238117594776,25.733569825738133,0,8080.115909608221
GRC_cluster_2626,GRC,41.03617024577867,26.23997017739012,0,20341.438319760382
GRC_cluster_2866,GRC,35.03278497130474,25.95003176040668,0,27801.158913666975
GRC_cluster_2896,GRC,35.0138384419293,25.75680303042641,0,10271.549641473173
GRC_cluster_2917,GRC,34.99578580375156,25.445866595985013,0,18412.63971842625
GRC_cluster_2869,GRC,35.02459042328011,25.67814431068896,0,3032.4058246886934
GRC_cluster_2900,GRC,35.008248056082806,26.10267336061312,0,41734.786472677864
GRC_cluster_2980,GRC,34.94187344657718,24.85200658274278,0,17846.395007658466
EST_cluster_108,EST,58.371283805303705,24.534463790845187,0,95373.29969708768
EST_cluster_156,EST,59.32930900809144,27.418261545331863,0,49927.664872064044
EST_cluster_171,EST,59.32864703552122,27.42612012632189,0,50320.051593438446
EST_cluster_175,EST,59.32470503124348,27.406778510456487,0,49139.02463698595
EST_cluster_204,EST,59.34986956135965,28.1745072404512,0,91845.15600102785
EST_cluster_195,EST,59.33102512535618,27.4278637035198,0,50504.64039773014
EST_cluster_215,EST,59.35167138062667,28.16356703028828,0,91280.36300894925
EST_cluster_223,EST,59.351050170015256,28.16658558032612,0,91433.18839358627
EST_cluster_239,EST,58.81251806359861,25.4341473088156,0,37831.92044083735
EST_cluster_209,EST,59.37978412417708,28.154776232236784,0,91505.20308812632
EST_cluster_158,EST,59.332053272697664,27.423518905735943,0,50314.053818105145
EST_cluster_266,EST,58.88457345007261,25.538893722268146,0,29253.132752774804
EST_cluster_271,EST,58.87819824467146,25.558500581855885,0,28402.352662008372
EST_cluster_301,EST,58.74953755546658,26.393186891348343,0,27037.939190811423
EST_cluster_265,EST,58.82688783531112,25.454063325015657,0,36110.9832531512
EST_cluster_316,EST,58.892371752045406,25.563527903396448,0,27648.556461096978
EST_cluster_433,EST,58.37689406545853,25.58486262499818,0,69789.92337521807
EST_cluster_389,EST,58.37390206851601,25.57215671737133,0,70371.0209223682
EST_cluster_320,EST,59.25035082564521,25.93994960833794,0,13530.94128843041
EST_cluster_480,EST,59.40866235248951,27.29584516922129,0,47738.684284877876
EST_cluster_491,EST,59.359901334404505,27.427482398483367,0,51694.097840031616
EST_cluster_513,EST,58.35226798070161,26.68421940944873,0,74290.33732315041
EST_cluster_521,EST,57.88973785604932,27.008043694768315,0,58240.26971783114
EST_cluster_558,EST,57.83743669980506,27.01318364236496,0,56937.591805896336
EST_cluster_594,EST,57.95892147785605,27.634344103877563,0,28691.93208326084
EST_cluster_86,EST,58.37489742392186,24.54950259986733,0,95681.51177785477
EST_cluster_60,EST,58.92639618075235,24.87418647475985,0,66215.52584501653
EST_cluster_90,EST,58.37271298610057,24.53153751542373,0,95550.01240260857
EST_cluster_88,EST,58.369411405905,24.538966166018543,0,95137.99879261169
EST_cluster_478,EST,59.40433219849081,27.271351870060126,0,46318.67850786486
UKR_cluster_10742,UKR,47.94933476186474,35.43786120458891,0,28534.106756383593
AGO_cluster_150,AGO,-9.137079111880016,13.654689068984236,0,52813.54158361468
AGO_cluster_254,AGO,-9.048612871132168,13.493470561402422,0,37634.939425081655
AGO_cluster_107,AGO,-9.574873235103844,15.724270621977285,0,20726.72100155527
AGO_cluster_148,AGO,-8.592985017527342,13.675861933635964,0,29922.746181813814
BOL_cluster_363,BOL,-16.591345684203365,-68.85373857116313,0,79453.90133330369
BOL_cluster_424,BOL,-19.27020406793171,-68.61583001833533,0,152292.87102222248
EST_cluster_406,EST,58.37556125820977,25.595852271960297,0,69698.49737937254
FRA_cluster_20819,FRA,43.93991997814883,5.064207292377951,0,8965.467192099453
FRA_cluster_9109,FRA,48.28283229864292,0.1374121367808233,1,83412.80815091763
IRN_cluster_90,IRN,26.94246345288,56.255877405583256,0,145811.63202864915
IRQ_cluster_252,IRQ,36.25100470161088,44.0528852708845,0,26758.004135987463
IRQ_cluster_2189,IRQ,33.26536183064448,44.205138773149855,0,276505.1435009434
RWA_cluster_41,RWA,-2.4597536359433225,29.04493380738642,0,119723.81944263914
SWZ_cluster_19,SWZ,-26.05941850733756,31.57395694298744,0,32829.75365065866
TUN_cluster_153,TUN,33.91687791511807,9.657214700828296,0,111959.85806079788
TUN_cluster_522,TUN,33.82903758843512,11.035785980100044,0,94788.83763741159
UKR_cluster_266,UKR,48.255765201864754,23.013543652917107,0,1844.9130782575116
UKR_cluster_2669,UKR,45.957939844292575,29.413155547559004,0,98896.17111097273
UKR_cluster_3936,UKR,49.00084887003516,25.852393349948304,0,30729.383181208857
UKR_cluster_3946,UKR,48.9958134594066,25.85390403712178,0,30318.055237952325
UKR_cluster_4188,UKR,49.21377750643145,28.386353012207547,0,63547.824513840285
UKR_cluster_6309,UKR,49.90643882275093,24.09401442625616,0,113378.47278300955
UKR_cluster_6518,UKR,51.18288392729095,24.62128332348616,0,140412.0142765654
UKR_cluster_10050,UKR,48.36558994175223,33.488146342129845,0,57223.27198195252
UKR_cluster_10227,UKR,48.33316304067393,33.26904356660421,0,50660.81761040638
UKR_cluster_10124,UKR,48.06757881957868,33.5039982058054,0,28728.676239583634
UKR_cluster_10061,UKR,48.33923539686998,33.47820523556878,0,54212.56714794502
UKR_cluster_10309,UKR,47.901948831175154,33.2889452284768,0,4407.28210956813
UKR_cluster_10056,UKR,48.01048321522828,33.31268435438566,0,15654.024044379119
UKR_cluster_10256,UKR,47.8849377858548,33.25643610708058,0,1333.4150855095886
UKR_cluster_10731,UKR,47.806662370513685,35.05045065119499,0,18584.211759907528
UKR_cluster_10740,UKR,47.856333635069696,35.28584729425867,0,21515.21397202813
UKR_cluster_10736,UKR,47.80750229694164,35.04288288493717,0,18512.933969031357
UKR_cluster_10857,UKR,47.88603877546258,35.011490996000774,0,10310.252124991306
UKR_cluster_10815,UKR,47.85835760914567,35.28851958044134,0,21538.758357311097
UKR_cluster_10806,UKR,47.88355445166032,35.02176839536005,0,10355.21591796033
UKR_cluster_11299,UKR,47.11810120107455,32.30597465729925,0,37173.14388209619
UKR_cluster_10332,UKR,48.32961160565856,33.273343065975354,0,50280.02765172244
UKR_cluster_11768,UKR,46.58248378787667,30.93137307670282,0,13314.977693576308
UKR_cluster_12375,UKR,50.53169667350792,30.62979437870329,0,51828.76521048577
UKR_cluster_12386,UKR,50.51441071159871,30.64429645379699,0,50188.81211973802
UKR_cluster_12392,UKR,50.41586345011326,30.697075875622044,0,43872.344580231744
UKR_cluster_11610,UKR,46.51130540354894,30.31515937956251,0,52727.833883405285
UKR_cluster_12519,UKR,50.370223114944885,30.54627010570308,0,54139.27948719186
UKR_cluster_12659,UKR,50.36258035727665,30.921987270523093,0,27479.509201876346
UKR_cluster_12851,UKR,50.02468360295919,33.01042599849682,0,73465.30218747555
UKR_cluster_13145,UKR,49.567168021380766,34.48182804479385,0,95660.19704085113
UKR_cluster_13191,UKR,49.63408873447701,34.65113338350896,0,94461.06983908934
UKR_cluster_13517,UKR,49.05320250817112,33.21650507569019,0,89769.19096135798
UKR_cluster_12609,UKR,50.33592779136804,30.93802727613769,0,26464.363038585827
UKR_cluster_13785,UKR,49.14181014689719,33.43119889622683,0,108155.95759311916
UKR_cluster_13787,UKR,49.11554493216764,33.291206742415774,0,98363.61825601615
UKR_cluster_13167,UKR,49.45407918222621,35.10260745215335,0,109770.06339375331
UKR_cluster_12477,UKR,50.20974922290056,30.315047235886105,0,34386.677024563025
UKR_cluster_14545,UKR,51.24088988054685,33.166477239822214,0,91634.14409016307
UKR_cluster_10055,UKR,48.13518396160463,33.537309437216535,0,36071.95277580926
UKR_cluster_14546,UKR,51.24084225883199,33.1680933979716,0,91694.86445358071
UKR_cluster_15205,UKR,49.74948037701578,31.478749387381736,0,68789.57490666443
UKR_cluster_15616,UKR,44.5838323337097,33.631163329672475,0,61753.17711565037
UKR_cluster_15891,UKR,44.98182266933,35.35386136072473,0,19886.016926673132
UKR_cluster_15930,UKR,45.308656507533634,33.03846090781086,0,45515.6234551225
UKR_cluster_15931,UKR,45.378723469491135,33.1142538310491,0,44410.22360297027
UKR_cluster_15970,UKR,45.38648505641264,33.11938801386569,0,44619.666874365
UKR_cluster_15950,UKR,45.30743618493776,33.032697795842545,0,45870.185594740775
UKR_cluster_16369,UKR,45.096901835126026,33.5650235176419,0,4490.978833017012
UKR_cluster_16430,UKR,48.61925003980336,35.39972950420513,0,76137.90176649396
UKR_cluster_16407,UKR,48.73381788900168,35.31171555062879,0,86596.22921221808
UKR_cluster_16713,UKR,48.47783578997522,35.92867886250602,0,52262.67297951464
UKR_cluster_16760,UKR,48.50626102752305,35.929489313504305,0,54729.92958038986
UKR_cluster_12502,UKR,50.36793528805194,30.923704799889183,0,27372.54680695305
UKR_cluster_15242,UKR,50.27252784985155,31.76563160905004,0,33780.94073110588
UKR_cluster_7155,UKR,51.86928163758067,33.525380516839725,0,164211.8477220823
UKR_cluster_7120,UKR,51.88682206798214,33.51963654157251,0,165743.31520252913
UKR_cluster_7104,UKR,51.87291691173109,33.52751146575101,0,164636.93696644934
UKR_cluster_16467,UKR,49.0147658757933,35.348870629327315,0,117745.18755040306
UKR_cluster_7808,UKR,48.49420274231945,32.20711147808919,0,7086.5195150519585
UKR_cluster_7950,UKR,48.52934445052531,32.12121098241335,0,10580.03270421524
UKR_cluster_7816,UKR,48.5286601574304,32.115560080489935,0,11003.052063728577
UKR_cluster_7148,UKR,51.896529521982536,33.49957503303871,0,166058.39950932306
UKR_cluster_7851,UKR,48.52697995727623,32.1227223909792,0,10521.182470969496
UKR_cluster_9055,UKR,46.76895514047628,33.37442998323253,0,4126.13029410849
UKR_cluster_9030,UKR,46.73611235683299,33.36013207263003,0,5206.07502019305
UKR_cluster_8302,UKR,47.171565076951225,30.81311175691012,0,53227.53551116682
UKR_cluster_9877,UKR,45.511411598759935,34.38886584499441,0,10380.659858540499
UKR_cluster_9888,UKR,45.70460625331472,34.40336057911704,0,15673.328664780036
UKR_cluster_9907,UKR,45.51581722996998,34.30779180692165,0,5796.274160156594
UKR_cluster_16968,UKR,50.0269777915721,36.36631598137861,0,13509.82399996043
UKR_cluster_16974,UKR,49.93455232214358,36.34607232580083,0,7636.379899908056
UKR_cluster_16830,UKR,49.66792162697387,37.69013919313342,0,56804.449637565835
UKR_cluster_17464,UKR,48.73196531902898,37.6152750991201,0,64601.23778638799
UKR_cluster_9956,UKR,45.51163138621284,34.38596712565646,0,10180.525074662595
UKR_cluster_17471,UKR,48.57837967065883,37.96648389024504,0,59372.07235817905
UKR_cluster_17484,UKR,48.85907873814219,37.62571499855805,0,57425.18257918598
UKR_cluster_17493,UKR,48.53228042588128,37.069670480378015,0,69928.93128018254
UKR_cluster_17481,UKR,48.535361113727326,37.07089215924783,0,70224.93848127639
UKR_cluster_17120,UKR,49.97140681821453,36.12958781591945,0,23656.97480775558
UKR_cluster_17526,UKR,48.52973729938287,37.0665145274816,0,69567.12712832243
UKR_cluster_17747,UKR,48.34562324629228,38.07253546829369,0,39727.13460100627
UKR_cluster_17737,UKR,48.43012134927039,38.17668461972891,0,46431.04483126527
UKR_cluster_17753,UKR,48.1354179286493,38.09086257541502,0,19719.36960077398
UKR_cluster_17827,UKR,48.100640199890535,37.94290517088268,0,27459.404144526874
UKR_cluster_17829,UKR,48.140120431061895,37.89242847764709,0,32563.09246046177
UKR_cluster_17507,UKR,48.5387878413963,37.063697749394336,0,70089.88486352778
UKR_cluster_17853,UKR,48.02106449930017,37.89159653256052,0,29778.346172771402
UKR_cluster_17511,UKR,48.38362657725226,37.90224949874546,0,49718.94654914248
UKR_cluster_17972,UKR,47.9772901667067,37.64748882398524,0,48184.70012690651
UKR_cluster_17979,UKR,48.0674054021433,37.79481629442351,0,37338.299584952925
UKR_cluster_17899,UKR,48.03810954630915,37.89617850819745,0,29503.543641023203
UKR_cluster_18146,UKR,48.70818618333404,38.50393779650073,0,34466.584334306914
UKR_cluster_18229,UKR,49.002126477118,37.767540112519065,0,43402.462706046404
UKR_cluster_17844,UKR,48.00171581924893,37.52483265990402,0,57101.30304814911
UKR_cluster_18252,UKR,49.03604104805326,38.37933169297452,0,1815.7927788816341
UKR_cluster_18297,UKR,49.62319966990556,37.68434402545172,0,61414.836492389964
UKR_cluster_18243,UKR,48.85317616020528,38.48226972097128,0,23206.19864558736
UKR_cluster_18318,UKR,49.63008721074533,37.66844712538443,0,61252.77088983678
UKR_cluster_18816,UKR,48.16037128046208,38.25891407148025,0,15835.52446751083
UKR_cluster_17479,UKR,48.8660431963792,37.57288522459203,0,60775.90948486455
UKR_cluster_17828,UKR,47.996270983864406,37.52217422185117,0,57326.258095078076
UKR_cluster_18857,UKR,48.628598400452354,38.51313495447256,0,35035.601582549905
UKR_cluster_18847,UKR,48.2132868798117,38.30185869484502,0,21540.42036199604
UKR_cluster_19003,UKR,48.43197167854639,38.221823483558005,0,46138.14798903472
UKR_cluster_18889,UKR,48.40158428528482,39.19744210259848,0,38141.94623899228
UKR_cluster_19208,UKR,48.00705975847068,38.26059159742343,0,2723.873715983458
UKR_cluster_19250,UKR,48.05718912772805,38.14368979949212,0,11787.29623940066
UKR_cluster_19041,UKR,48.16101737911695,38.94075739758193,0,50685.18063215909
UKR_cluster_19297,UKR,48.052917685560935,39.542658610782325,0,84379.81232151369
UKR_cluster_19285,UKR,48.06989078411796,39.3891521592449,0,77606.6698938703
UKR_cluster_19357,UKR,48.54811973358544,39.37736178011825,0,34758.82448215121
UKR_cluster_19352,UKR,48.55701889992424,39.40323502311796,0,35910.803220624315
UKR_cluster_19368,UKR,48.52025073255178,39.26747881971546,0,30270.437229466064
UKR_cluster_19350,UKR,48.35020743567296,39.663751386894354,0,64741.247805234314
UKR_cluster_19521,UKR,48.52020864551245,36.06196303772156,0,50929.31707117952
UKR_cluster_19387,UKR,48.55950770804407,39.406534402251005,0,35993.106011989235
UKR_cluster_19295,UKR,48.106164448107606,39.10734941841222,0,61351.05119325299
UKR_cluster_19814,UKR,49.50111420144878,36.566047236225,0,20276.729149875937
UKR_cluster_19549,UKR,48.51896899321258,36.05778991948928,0,50944.56729476465
UKR_cluster_19869,UKR,49.7969846602233,36.71812644093709,0,23482.988071235573
UKR_cluster_19282,UKR,48.09719601137026,39.0759330658975,0,58897.25941300796
UKR_cluster_19829,UKR,49.848345183677786,36.67088717998712,0,17643.29493091157
UKR_cluster_17976,UKR,48.00978248369572,37.72659047877416,0,42069.141509158566
UKR_cluster_20038,UKR,47.95806422453168,36.29722459958989,0,17722.129274866107
UKR_cluster_19843,UKR,49.84303176538636,36.73314056952589,0,21958.373646751606
UKR_cluster_14297,UKR,48.61241442046092,34.55819801562899,0,80010.19616490472
UKR_cluster_18863,UKR,48.434459977496445,38.23288028766941,0,46328.518821920916
KEN_cluster_199,KEN,0.0781343420783028,37.2888007742205,0,25923.124360152102
KEN_cluster_200,KEN,0.0918898723045035,37.2857776644082,0,25794.28830756811
KEN_cluster_196,KEN,0.0920291544794537,37.28246944335993,0,25434.02220997848
RUS_cluster_101,RUS,54.93252351918038,19.96522847557957,0,123036.03324614097
RUS_cluster_103,RUS,54.93684812116139,19.967573748484128,0,123518.17863541092
RUS_cluster_110,RUS,54.75993708859643,20.493292591006373,0,99317.5973009549
RUS_cluster_116,RUS,54.681520012477954,20.6163508842144,0,88549.34570233531
RUS_cluster_118,RUS,54.77495678753529,20.452130489273912,0,101803.89634792409
RUS_cluster_119,RUS,54.75985122064068,20.552018507408743,0,98094.17968242847
RUS_cluster_124,RUS,54.37710397685042,20.62311830897265,0,56809.467862969075
RUS_cluster_130,RUS,54.94396108655379,20.220999288397525,0,124856.39986018602
RUS_cluster_141,RUS,54.76430301858768,20.44225356309484,0,100929.60666584135
RUS_cluster_146,RUS,54.763769270633006,20.601612659154974,0,97592.00650213407
RUS_cluster_147,RUS,54.77123065600123,20.44505013943296,0,101581.1626051195
RUS_cluster_160,RUS,54.762625721493286,20.552696747519256,0,98374.8538596223
RUS_cluster_172,RUS,54.92556734739757,20.15161471674033,0,124922.2171682511
RUS_cluster_179,RUS,54.95194719035489,20.462346986794543,0,120066.48005758501
RUS_cluster_180,RUS,54.721877819514006,20.35308000730298,0,98901.3522030234
RUS_cluster_183,RUS,54.76733435851637,20.530697517365542,0,99309.18560888198
RUS_cluster_203,RUS,54.95387668010276,20.468325396447646,0,119910.30483494312
RUS_cluster_207,RUS,54.785348966211,20.420837029181907,0,103611.68440488023
RUS_cluster_210,RUS,54.78662383541034,20.423156039748715,0,103688.25934491605
RUS_cluster_218,RUS,54.73742463096036,20.29028365912054,0,102250.3841313249
RUS_cluster_223,RUS,54.95024011515982,20.46489098482425,0,119820.27067242292
RUS_cluster_236,RUS,54.77931620355814,20.598656037410688,0,99307.26793818295
RUS_cluster_237,RUS,54.94336186678984,20.22683233462192,0,124642.25210673983
RUS_cluster_238,RUS,54.55155032074963,20.594393646324573,0,75333.52332790496
RUS_cluster_245,RUS,54.86376719140394,20.44168595321685,0,111302.45778139285
RUS_cluster_249,RUS,54.73754220346321,20.29694072013428,0,102066.17794902854
RUS_cluster_272,RUS,54.853868813202375,21.11562341112584,0,83114.42928368827
RUS_cluster_275,RUS,54.67540348409325,20.61460646905533,0,87931.49132203279
RUS_cluster_284,RUS,54.77139582404258,20.42648447125086,0,102036.90076602677
RUS_cluster_176,RUS,54.77660195974846,20.59437703630435,0,99091.45666726712
RUS_cluster_289,RUS,54.72383466261535,20.351892848361768,0,99130.47462764468
RUS_cluster_312,RUS,54.619604108630526,21.8005586336361,0,40992.82607172021
RUS_cluster_313,RUS,54.637205417291696,21.835074030494408,0,42706.167449765984
RUS_cluster_325,RUS,54.62890811137508,21.787043428016315,0,42140.97627847856
RUS_cluster_349,RUS,54.66599269007694,21.066159542424977,0,69987.9449202199
RUS_cluster_42766,RUS,52.3564003562171,104.14125937555237,0,555119.357520836
RUS_cluster_42765,RUS,52.25864408754916,104.20124196865396,0,543545.5866395369
RUS_cluster_42776,RUS,52.3667265218804,104.22368854511942,0,553820.0715774036
RUS_cluster_42753,RUS,52.32664076740527,104.21000755462964,0,550152.3506542288
RUS_cluster_42762,RUS,52.38206442534701,104.1557984994376,0,557290.6649734937
RUS_cluster_42770,RUS,52.38145719017937,104.16146424184969,0,557068.0149408884
RUS_cluster_42793,RUS,52.25683280632548,104.1845025115478,0,543847.8470220987
RUS_cluster_42778,RUS,52.35539989413847,104.14352992214612,0,554953.2859682805
RUS_cluster_42782,RUS,52.25924757994665,104.1862414567152,0,544040.3250462769
RUS_cluster_42843,RUS,50.35829732899844,116.49177989917962,0,728285.8675266798
RUS_cluster_42839,RUS,50.35698644535713,116.48909102750228,0,728057.3394105933
RUS_cluster_43046,RUS,62.0883007663802,150.51626326096888,0,2709280.3944759923
RUS_cluster_42743,RUS,50.376420357368055,106.4198682980412,0,294544.568077236
RUS_cluster_82,RUS,54.66891795023618,19.911716776894654,0,97798.96292948125
GHA_cluster_853,GHA,6.248896012897144,0.0820299435288546,0,28137.30322081033
MYS_cluster_50,MYS,3.807105839763093,101.85434663862964,0,82988.61063503218
MYS_cluster_88,MYS,3.518015185701577,101.92239520570568,0,58221.38433552635
PER_cluster_573,PER,-8.098498128387684,-79.10406587203668,0,331115.2240236826
PER_cluster_1450,PER,-11.53737578457453,-75.92340088629228,0,133358.73309357648
PER_cluster_3464,PER,-9.563763220451076,-77.04367848404482,0,309520.6532331222
PER_cluster_1556,PER,-12.703367076250837,-76.59618224715926,0,26665.706419326136
PER_cluster_4544,PER,-17.708399380259447,-70.84417083556775,0,96185.1417284705
PER_cluster_4533,PER,-17.18601414144927,-70.90365296791045,0,84719.37653244683
PER_cluster_4522,PER,-17.710733380033815,-70.85408082431391,0,96641.28102575963
PER_cluster_4518,PER,-17.71560512691394,-70.84915501790405,0,95891.81625420437
KEN_cluster_31,KEN,0.0916076432858642,35.749753324964644,0,43492.78270013835
KEN_cluster_116,KEN,-0.2259080913553007,35.87739646904278,0,20203.969445658437
KEN_cluster_133,KEN,-0.3217318835689526,35.69462452346973,0,27761.443665447547
KEN_cluster_238,KEN,0.1914208744138633,36.44741575655343,0,37198.8081638555
KEN_cluster_251,KEN,0.223178176989883,36.50975102409011,0,44623.391320218485
KEN_cluster_242,KEN,0.2222601648184073,36.5105196234572,0,44616.93861787215
KEN_cluster_393,KEN,-0.9951747191008854,37.02214347875605,0,3958.374925089619
KEN_cluster_397,KEN,-0.997021892616637,37.03161106069565,0,3031.0726705291027
KEN_cluster_401,KEN,-1.034472241927522,37.16040365299227,0,10846.476423301978
KEN_cluster_497,KEN,-1.6657367880540337,37.18941753628814,0,34158.94138670652
KEN_cluster_513,KEN,-0.6700935365266546,36.43761653856573,0,20413.92609444072
KEN_cluster_514,KEN,-0.4849253011581608,36.34772589019244,0,2429.0831877540104
KEN_cluster_519,KEN,-0.7065447159106956,36.48725492020037,0,18722.00274917627
KEN_cluster_518,KEN,-0.4859230448228241,36.35117355697904,0,2321.6897497842438
KEN_cluster_534,KEN,-0.8621940564256062,36.26433087120971,0,40640.00589779046
KEN_cluster_540,KEN,-0.8563889179154218,36.254846542610885,0,40274.40525968752
KEN_cluster_539,KEN,-0.862089907747185,36.26239455364404,0,40679.327214239136
KEN_cluster_542,KEN,-0.8563044566770985,36.25760500689382,0,40186.458024529755
KEN_cluster_526,KEN,-0.7074942623294432,36.49195427954768,0,18189.072573496196
KEN_cluster_516,KEN,-0.7063337893051843,36.4909334464249,0,18328.51174123009
KEN_cluster_547,KEN,-0.8598629542218832,36.25630334864911,0,40605.931647916004
KEN_cluster_549,KEN,-0.8495976109552438,36.37222650199245,0,33216.171038187014
KEN_cluster_561,KEN,-0.8609995706169614,36.2545568095965,0,40777.88536586047
KEN_cluster_557,KEN,-0.8627278128795552,36.2690637222671,0,40578.84493563309
KEN_cluster_541,KEN,-0.8433629221090598,36.37063722940641,0,33142.92093842139
KEN_cluster_564,KEN,-0.84404908222442,36.366994610301255,0,33550.14946733404
KEN_cluster_552,KEN,-0.8262758512482176,36.32557061589089,0,35631.05012825225
KEN_cluster_578,KEN,-0.8548350384930934,36.255805848472015,0,40079.83305918999
KEN_cluster_586,KEN,-0.8647505217414458,36.25949828991947,0,41043.89609125834
KEN_cluster_579,KEN,-0.8454230637997348,36.37026719301162,0,33258.999063605865
KEN_cluster_689,KEN,-1.3559366680080682,36.907598595732026,0,24420.50935255387
KEN_cluster_729,KEN,-1.1715486858710622,36.69944515920094,0,41068.431435734376
KEN_cluster_745,KEN,-1.4094194953675572,37.00182892529016,0,23468.372683814287
JPN_cluster_135,JPN,33.2739319521586,130.3809904761251,0,321393.4493157405
JPN_cluster_329,JPN,27.402228004182813,128.66261572506656,0,922599.2827532896
JPN_cluster_617,JPN,33.38910621083764,130.68350567178757,0,291146.8293881409
JPN_cluster_1737,JPN,35.32284541321776,136.96199860627434,0,41737.82756405828
JPN_cluster_1715,JPN,34.79013374942396,136.20248202176597,0,112879.38341767267
JPN_cluster_760,JPN,33.2985631188081,131.45852412733677,0,237996.49237980973
JPN_cluster_1974,JPN,34.544656084878675,136.64096866486278,0,118923.78718513288
JPN_cluster_1786,JPN,35.09354888728009,136.6595650799705,0,76635.52038295894
JPN_cluster_2206,JPN,35.01768356138526,136.01842253023483,0,97277.99797822315
JPN_cluster_1791,JPN,34.8442460073809,136.5400794927963,0,100997.67271444747
JPN_cluster_2282,JPN,34.99560551799639,136.0175352751987,0,96797.81655575552
JPN_cluster_2260,JPN,35.00195781052755,136.01011646167885,0,96239.70219947767
JPN_cluster_2192,JPN,34.71485719314555,135.15525886004716,0,23446.314830100946
JPN_cluster_2299,JPN,34.99836675073355,136.0189275219642,0,96969.91530337713
JPN_cluster_2409,JPN,35.79683831906229,137.28819947890833,0,44533.05021738507
JPN_cluster_2693,JPN,34.37605680149932,136.80084888929318,0,127570.30981030462
JPN_cluster_2525,JPN,35.48460542557689,135.3973828354567,0,79655.39957547079
JPN_cluster_2357,JPN,34.45524843841093,135.74591794284208,0,84119.0328313458
JPN_cluster_2602,JPN,34.67392967283929,137.2632435109833,0,82799.08882997719
JPN_cluster_3149,JPN,34.69181631570998,134.17110010102098,0,60377.0758652704
JPN_cluster_3207,JPN,34.798561205137055,134.8334814049584,0,14099.280663498354
JPN_cluster_3231,JPN,34.779812855097205,135.004546799633,0,9472.397424554825
JPN_cluster_2993,JPN,34.4600200443141,132.78049295916966,0,67065.49046588661
JPN_cluster_3318,JPN,34.53635926702885,133.58428455864302,0,7227.556738844896
JPN_cluster_3366,JPN,34.1233010022392,133.7132644363484,0,53593.13374262119
JPN_cluster_4295,JPN,38.70763395311657,140.96485246265993,0,33988.10468387876
JPN_cluster_3801,JPN,33.38901016751981,133.27351166505372,0,134413.2628799967
JPN_cluster_4323,JPN,38.682308521793,141.06071939800694,0,29376.632058095183
JPN_cluster_4327,JPN,38.68812976576278,141.00976535718831,0,30782.59218303814
JPN_cluster_2537,JPN,35.19492934265728,136.1023556343186,0,109740.59766465
JPN_cluster_4447,JPN,39.423156294341965,141.12823976107498,0,111636.41403957923
JPN_cluster_4517,JPN,38.40485114414273,140.39776445876618,0,58833.20619760709
JPN_cluster_3334,JPN,33.621255347617016,133.7191607865344,0,108050.31643551658
JPN_cluster_4503,JPN,38.405852446042616,140.40242121998958,0,58829.319366253505
JPN_cluster_4805,JPN,39.83867730759083,141.10496126069543,0,157806.19293597437
JPN_cluster_5403,JPN,42.83043117060369,141.70666074971265,0,493173.3775481725
JPN_cluster_5430,JPN,42.50851281897242,141.24625112565047,0,454855.0797903902
JPN_cluster_5359,JPN,42.50950204463592,141.2385060278615,0,454947.1439190797
JPN_cluster_4471,JPN,38.73119514083768,140.301338331867,0,77237.75629432713
JPN_cluster_5436,JPN,42.83347130888819,141.70586351237105,0,493502.4286977899
JPN_cluster_5486,JPN,40.69606727285062,141.37352264028198,0,254261.6413985473
JPN_cluster_6088,JPN,37.712833816653166,140.38315090652378,0,26942.797940617114
JPN_cluster_6169,JPN,37.55816185358044,140.982144235154,0,31727.54578671062
JPN_cluster_6416,JPN,36.363512331387504,139.12927416629248,0,139571.73456347355
JPN_cluster_6869,JPN,36.00841532342562,138.18422670609485,0,96598.55017059193
JPN_cluster_6960,JPN,37.88530803795573,140.10838258767245,0,41707.942799371944
JPN_cluster_7200,JPN,44.36242973437038,142.4556883245572,0,670466.0054963782
JPN_cluster_7349,JPN,43.47103754042868,141.8143200897272,0,564933.6067741936
JPN_cluster_7365,JPN,43.5795266476573,141.82455909209034,0,577014.3243188877
JPN_cluster_7351,JPN,43.54669301983596,141.90724051645688,0,574166.431167474
JPN_cluster_6656,JPN,36.29440365678387,139.4764077494665,0,147099.98015077287
JPN_cluster_5183,JPN,43.28882397716921,142.38742324266244,0,552219.0632840279
JPN_cluster_7621,JPN,36.02414889031254,139.74991990939048,0,140777.50827563353
JPN_cluster_7737,JPN,35.992898882159004,140.30137957933897,0,179577.0277190652
JPN_cluster_7508,JPN,34.65126921085553,138.12771482710102,0,72675.25643135747
JPN_cluster_7752,JPN,36.02647403057311,140.0567453362574,0,162832.23249859735
JPN_cluster_7753,JPN,36.10592734900852,140.08561819645016,0,170060.15663619738
JPN_cluster_7299,JPN,43.23078867900537,143.29862984059474,0,566140.3666612583
JPN_cluster_8090,JPN,35.98885541555483,140.29340247572176,0,178731.13952009933
JPN_cluster_7999,JPN,36.03142576717558,140.1003053466245,0,166386.2123895555
JPN_cluster_8555,JPN,35.35406395347012,138.85966174230705,0,31388.610689177724
JPN_cluster_8348,JPN,35.810832670176865,140.286236683529,0,169340.86806504955
JPN_cluster_8071,JPN,35.989506169807434,140.3075582740997,0,179878.4742360449
JPN_cluster_8497,JPN,35.796641282011606,140.77724531356006,0,210220.46228803226
JPN_cluster_8611,JPN,35.356093687849416,138.86149362765238,0,31654.661253529954
JPN_cluster_8618,JPN,35.355637618111835,138.86359155878517,0,31780.708802253404
JPN_cluster_8819,JPN,43.82224618119408,144.15813128306317,0,653116.8917815401
JPN_cluster_8609,JPN,35.322433235311934,138.87785818274253,0,30944.303510937294
JPN_cluster_8249,JPN,35.600428988197834,140.39565729750785,0,170971.11998698188
JPN_cluster_8619,JPN,35.320293464762,138.86721409285397,0,29981.549420425228
UZB_cluster_138,UZB,41.56663192823776,64.19250205256924,0,286092.23311006
UZB_cluster_122,UZB,41.41640510502525,60.32975032819259,0,178249.3446235625
UZB_cluster_135,UZB,41.5675202708849,64.190205886919,0,286261.68925879645
UZB_cluster_542,UZB,40.087324835263146,65.31878299759353,0,98988.3703868734
UZB_cluster_143,UZB,41.57905389596825,64.21297199320571,0,286645.95290563756
UZB_cluster_561,UZB,40.07296309454731,65.23953148299321,0,99190.96200003543
UZB_cluster_2070,UZB,39.58357197929201,66.9206916804948,0,85329.52792969966
UZB_cluster_2979,UZB,37.235081289586205,67.42716796369162,0,59547.42565514674
UZB_cluster_585,UZB,38.489631607211344,65.63633528714104,0,81324.84288802157
UZB_cluster_806,UZB,41.4654556870586,69.55117761445958,0,38291.35374096617
UZB_cluster_839,UZB,41.46170735795712,69.54538605806476,0,37688.82613613001
UZB_cluster_1363,UZB,41.29655093604088,69.40520178096651,0,23774.615681413645
UZB_cluster_874,UZB,41.48551961312417,69.57662292610665,0,41109.34974398107
UZB_cluster_855,UZB,41.4802069555185,69.56839724757128,0,40245.66221514325
ARE_cluster_114,ARE,24.562134832865503,54.77282439132919,0,8035.485213278116
ARE_cluster_125,ARE,24.425958586328328,54.6198085268064,0,23532.897944129752
ARE_cluster_211,ARE,24.90855075457924,54.92142758280011,0,38266.07633625769
ARE_cluster_26,ARE,24.349802475231662,54.57864892651081,0,23076.460034715612
ARE_cluster_141,ARE,24.486427724669205,54.61066726821227,0,18262.28039512821
ARE_cluster_272,ARE,25.094353303886656,55.25489759167721,0,23480.503889884687
ARE_cluster_168,ARE,24.91157843920336,54.91981041993812,0,38466.30655249333
ARE_cluster_328,ARE,25.03260817507047,55.28733578349054,0,17413.522321980698
ARE_cluster_31,ARE,24.439209739314567,54.536283649850255,0,27153.048507746953
ARE_cluster_316,ARE,25.0139628899471,55.17652499885847,0,27770.8245880043
ARE_cluster_192,ARE,24.70252565333013,54.66036774768673,0,11326.575394722755
ARE_cluster_278,ARE,24.990530556523417,55.20161561911118,0,24990.89949886155
ARE_cluster_429,ARE,24.494991169654565,54.914101406443685,0,12931.372160516032
ARE_cluster_33,ARE,24.44349363240158,54.520862822259176,0,27916.52868306348
ARE_cluster_439,ARE,24.536237361465,54.91903376836617,0,15479.423523732066
ARE_cluster_444,ARE,24.49383026477197,54.9330445220978,0,11266.24692770172
ARE_cluster_456,ARE,24.54688725557674,54.78636443811081,0,10213.792368768693
ARE_cluster_492,ARE,24.50242104228385,54.79848259983056,0,14943.119048395094
ARE_cluster_506,ARE,24.559204969694672,54.88839516314087,0,18122.296358994212
ARE_cluster_370,ARE,25.0636089591299,55.42244657850778,0,9926.008028877268
ARE_cluster_368,ARE,25.05525198529735,55.28853513863708,0,18339.788020286298
ARE_cluster_505,ARE,24.513210677079584,54.85023848628772,0,17436.11470362334
ARE_cluster_463,ARE,24.49404612614699,54.922454266347614,0,12161.382395600987
ARE_cluster_655,ARE,25.34282408515,55.491111737214055,0,23249.131055667807
ARE_cluster_661,ARE,25.16380240318713,55.46350493924478,0,20745.43295931851
ARE_cluster_685,ARE,25.566439971719102,55.96379221937821,0,10726.848628617801
ARE_cluster_568,ARE,24.349878246430382,54.68593673050988,0,18180.31102164578
ARE_cluster_688,ARE,25.25394945922292,55.52067608910131,0,25940.88676234568
ARE_cluster_680,ARE,25.289842932993484,55.62967441840407,0,15898.513216826457
ARE_cluster_657,ARE,25.435037477817207,55.48973258085312,0,21559.317899163532
ARE_cluster_719,ARE,25.196009088479816,55.60417323751604,0,26387.240468868622
ARE_cluster_794,ARE,25.50725881707618,55.545261241369055,0,16557.89206660323
ARE_cluster_76,ARE,24.44419883902848,54.51985756992429,0,27936.315381837863
ARE_cluster_824,ARE,25.315181275017,55.60728202368243,0,14966.220333855134
ARE_cluster_805,ARE,25.500180234455907,55.600575913254886,0,11070.085457712881
ARE_cluster_845,ARE,25.3114971084066,55.60621311301361,0,15340.516251157973
ARE_cluster_546,ARE,24.545147375822225,54.83802931168924,0,14284.897307454801
ARE_cluster_871,ARE,25.720637693689493,55.85132357380985,0,11406.04690643338
ARE_cluster_862,ARE,25.304349659184616,55.60951141434969,0,15725.595045990152
ARE_cluster_883,ARE,24.74833801060418,55.44294021789631,0,25510.186428946898
ARE_cluster_569,ARE,24.22165767237271,54.63869408956126,0,9339.860415640846
ARE_cluster_812,ARE,25.34502356510952,55.49216998951016,0,23066.90492650829
ARE_cluster_89,ARE,24.324387859698323,54.59686792113075,0,19727.004507140944
MWI_cluster_128,MWI,-13.94637261529565,33.78993257070798,0,15917.455458375005
LUX_cluster_19,LUX,49.54861704557048,5.9676741849188,0,52218.966972271526
LUX_cluster_73,LUX,49.46193360942512,6.020828768467964,0,62592.59114737584
LUX_cluster_34,LUX,49.55801480798194,5.884662277493805,0,49392.273640727995
BIH_cluster_251,BIH,44.82753830466194,18.56781668319109,0,48204.94731172468
BIH_cluster_254,BIH,44.92895141158121,18.432211166747404,0,32679.50463558695
BIH_cluster_292,BIH,44.82793645030108,18.569151463521013,0,48242.18246095843
BIH_cluster_408,BIH,43.79813551297777,18.581498973436155,0,60226.56976364182
BIH_cluster_428,BIH,43.93480619230597,18.794586006928046,0,37569.47690674791
BIH_cluster_463,BIH,42.866090022181226,18.414738297511786,0,80436.16792404275
BIH_cluster_473,BIH,43.79814887430239,18.390127755746413,0,71441.05996285588
GHA_cluster_8,GHA,10.68747336736996,-0.6771959723095518,0,198822.13520018547
GAB_cluster_20,GAB,0.5460362954427196,9.381321960961728,0,27991.024522158892
MUS_cluster_21,MUS,-20.246055133619617,57.41993361136159,0,1038287.6577893001
HUN_cluster_118,HUN,47.62979636561764,17.925866381724042,1,2446.2003016761637
HUN_cluster_1136,HUN,45.949222461532905,17.987740678761416,1,8731.913971206328
HUN_cluster_152,HUN,47.71085495596939,17.684399830402523,0,3136.2633450000267
HUN_cluster_153,HUN,47.66019590302134,17.778283793479112,1,3662.6382079636746
HUN_cluster_158,HUN,47.61609910634152,17.749543599174743,2,7613.984931404961
HUN_cluster_22,HUN,47.4193264355949,17.008925961307614,0,38788.52572411756
HUN_cluster_276,HUN,47.40208890641806,17.521791091028827,0,13089.265584586994
HUN_cluster_280,HUN,47.6220467661986,17.972167907836756,1,5732.075511714874
HUN_cluster_445,HUN,46.82211403939075,16.82947609409437,0,20915.913705271116
HUN_cluster_465,HUN,46.44906799279647,17.013758116398236,0,8418.026984043994
HUN_cluster_488,HUN,46.431334841277454,16.725182878357547,0,14020.715200778724
HUN_cluster_560,HUN,46.76576737531418,16.769981206208943,2,24807.04554311062
HUN_cluster_568,HUN,47.400691805189545,16.984929704024427,1,38138.263251414166
HUN_cluster_574,HUN,47.255178052950136,16.928206167718926,0,26131.429878796058
HUN_cluster_59,HUN,47.72730954187652,17.498082599219366,1,16682.253710215526
HUN_cluster_658,HUN,46.46747072881936,16.953802787949463,1,5581.097607469141
HUN_cluster_773,HUN,47.38171618429013,16.536481272301447,0,44108.0039472237
HUN_cluster_80,HUN,47.65917564414126,17.78108594131553,1,3888.721465019926
HUN_cluster_806,HUN,47.067643843832286,16.736433528758845,1,7090.167141252046
HUN_cluster_811,HUN,47.26429891750355,16.625898806274343,0,29420.196846316016
HUN_cluster_565,HUN,47.14605765211861,16.862123078592443,1,13052.916053339759
HUN_cluster_9,HUN,47.32772170080364,17.50028263258862,1,7185.339205364697
HUN_cluster_961,HUN,47.105917747493386,17.544604054841596,0,11841.229915945281
HUN_cluster_837,HUN,46.95631260209612,16.648744967745426,1,3600.368395873811
HUN_cluster_906,HUN,47.01796462114772,16.61192562298479,0,6679.596485343665
HUN_cluster_826,HUN,47.21557641056421,16.63144760431305,0,24590.817192202285
HUN_cluster_1213,HUN,47.56409868050707,18.01986220231046,1,4605.659674093286
HUN_cluster_1192,HUN,47.72628930625314,18.15591096214199,1,13326.935036363082
HUN_cluster_1228,HUN,47.6693138367884,18.26083258013571,1,20545.359871331133
HUN_cluster_1224,HUN,47.662444268525626,18.195233764939346,1,15778.640786631418
HUN_cluster_1229,HUN,47.66358486351649,18.199259082402207,1,16054.373441034417
HUN_cluster_1317,HUN,48.07598948644754,19.77933167275985,0,26328.349664227786
HUN_cluster_1441,HUN,47.32265524684386,18.98811996709465,0,6927.295130289669
HUN_cluster_1378,HUN,47.77934527981635,19.91147916925294,0,18898.422979953048
HUN_cluster_1502,HUN,47.341766344873164,18.96367503530869,0,9012.618171516671
HUN_cluster_1215,HUN,47.533720770049726,18.044125718631552,1,5697.94011786532
HUN_cluster_1615,HUN,47.596721671852926,18.93085627511267,0,21171.49000098905
HUN_cluster_1648,HUN,47.61455969128221,18.79333715547442,0,10726.77285188865
HUN_cluster_1603,HUN,47.60241602973031,19.062258686559865,0,30930.86047522432
HUN_cluster_1668,HUN,47.55277882057447,18.42349161510216,0,18421.518192022802
HUN_cluster_1653,HUN,47.75364958915772,18.57499271031732,0,16008.982039339897
HUN_cluster_1716,HUN,48.08099874870351,19.30590735878153,0,8085.35398732426
HUN_cluster_1735,HUN,48.23421627156608,22.230541869530843,1,16600.374654496194
HUN_cluster_1741,HUN,47.95522492489484,22.30362881642354,0,11814.722426928523
HUN_cluster_1736,HUN,48.23937963178481,22.189170935061544,1,16992.40391204416
HUN_cluster_1617,HUN,47.55114548043751,18.933951749791035,0,22564.053430251122
HUN_cluster_1811,HUN,48.18441247185628,22.32491200129557,1,12362.279668479467
HUN_cluster_1744,HUN,48.08630866524304,21.972351102786167,1,3340.803902283986
HUN_cluster_1943,HUN,47.92553963057675,22.272258126242217,1,14116.118731865383
HUN_cluster_1883,HUN,48.0219063941965,21.9702486829016,1,7518.040137219581
HUN_cluster_1967,HUN,48.19189650532635,22.01809586138649,1,13824.428093624007
HUN_cluster_2226,HUN,47.29577774306837,21.336332875575657,1,22190.138860194453
HUN_cluster_2213,HUN,47.33001020222681,21.27269091066044,1,16107.477657345202
HUN_cluster_2265,HUN,47.295812225487055,21.34060093854438,1,22419.54103623533
HUN_cluster_1972,HUN,47.845929221675256,22.379382641790563,1,17412.92338899259
HUN_cluster_2280,HUN,47.33299043312463,21.355096445049345,1,18892.232654830077
HUN_cluster_1747,HUN,48.0058539557313,22.08947329513615,1,2722.8472935002583
HUN_cluster_2320,HUN,47.47461291403216,21.35043525484121,2,13884.215476240288
HUN_cluster_2332,HUN,47.39704542034906,21.438806401998463,2,9413.819048322282
HUN_cluster_2445,HUN,48.15712629145928,21.55692105206781,1,1903.0483439850238
HUN_cluster_2579,HUN,47.658695118225,19.97217652816392,2,30364.662584818547
HUN_cluster_2605,HUN,47.9321691749853,21.04561641812946,0,10607.250813042121
HUN_cluster_2615,HUN,47.931461536218194,21.027939166135216,0,9457.95036841179
HUN_cluster_2612,HUN,47.92857359457069,21.03805095093514,0,10274.25663629928
HUN_cluster_2620,HUN,47.9279467758071,21.04182906269105,0,10556.329926441374
HUN_cluster_2738,HUN,48.04335716701146,20.92045720827049,1,8031.734685688737
HUN_cluster_2872,HUN,47.49667830105364,20.857323394737872,1,21249.150115010216
HUN_cluster_2617,HUN,47.93316204851217,21.02894965838104,0,9438.198109291114
HUN_cluster_2756,HUN,47.99427720748017,21.21053707537837,1,22097.4050804744
HUN_cluster_2739,HUN,47.96423740082566,21.03217720245852,1,8709.750321610476
HUN_cluster_2921,HUN,46.53940258497956,18.9921990494434,0,24185.636274037108
HUN_cluster_2991,HUN,46.113109589656354,18.639300977280204,1,7858.160772765808
HUN_cluster_2995,HUN,46.07689232361004,18.619964029438947,1,10608.312966636027
HUN_cluster_2982,HUN,46.11558483114283,18.637979575251634,2,7924.361646311668
HUN_cluster_3110,HUN,46.18184705915408,18.94121463522985,0,8406.269133605594
HUN_cluster_3222,HUN,46.40816741276357,19.195236904523032,1,14172.783031147483
HUN_cluster_3252,HUN,46.34895081805823,19.403205043997847,1,26935.31966548278
HUN_cluster_3286,HUN,45.94521457865137,18.366832283559035,2,11055.22050714225
HUN_cluster_3298,HUN,46.45284257876131,20.83798952742029,1,3812.222032921196
HUN_cluster_3165,HUN,46.40855326600995,19.197669652808862,1,14343.460132030417
HUN_cluster_3374,HUN,46.4237644024437,20.7633645105206,1,9938.716690730398
HUN_cluster_3391,HUN,46.31703978195104,20.818356532795224,0,15665.311932984683
HUN_cluster_3444,HUN,46.27593502318838,20.142561213850204,0,39029.98138513956
HUN_cluster_3412,HUN,46.31894780272927,20.81783002842465,0,15479.725365450626
HUN_cluster_3532,HUN,47.30995612041061,18.905088424233803,0,7548.562771181467
HUN_cluster_3658,HUN,47.19411442081408,18.39342951840616,0,30103.770673392126
HUN_cluster_3786,HUN,46.85216413730979,18.13476467424667,1,40913.27306525198
HUN_cluster_3692,HUN,47.185343125045215,18.39908146683265,0,30758.647828199235
HUN_cluster_3790,HUN,46.85078402465402,18.13532373710485,1,40754.67780932313
HUN_cluster_3799,HUN,47.34736805230615,18.749101356074164,0,15200.115793603478
HUN_cluster_3838,HUN,47.325292012909095,18.22870357312709,0,29507.42828600565
HUN_cluster_3898,HUN,47.11579139186536,20.386513587817536,2,13511.038733875885
HUN_cluster_3929,HUN,47.01761317247492,20.27722817812301,0,8092.486165625215
HUN_cluster_3906,HUN,47.503055447551375,20.103060420940267,2,24282.69208317295
HUN_cluster_3943,HUN,47.01413623657861,20.279548177428467,0,7808.8912744410345
HUN_cluster_3999,HUN,47.08189848347799,19.61044947312952,1,17831.03394441948
HUN_cluster_4016,HUN,47.01505690963826,20.281242316067303,0,7715.464056268197
HUN_cluster_4264,HUN,46.74747994338728,19.736611240449843,2,4211.431390369406
HUN_cluster_4271,HUN,46.86810905338309,20.189418797515906,0,20077.668627494906
HUN_cluster_4331,HUN,46.61400964460158,19.439419405480923,1,2501.707162218412
HUN_cluster_4413,HUN,46.48626681823985,19.99683853946219,1,17072.85505349875
HUN_cluster_4429,HUN,46.91915959418654,19.47107041941392,1,18419.303820202236
HUN_cluster_4552,HUN,46.66590459986884,20.242815686598483,0,12378.318093667935
HUN_cluster_4548,HUN,46.65599806650805,20.694843090911924,2,4847.122876617166
HUN_cluster_4457,HUN,46.58057868697129,20.25911601508144,0,13705.146395177058
HUN_cluster_3597,HUN,46.51713501749931,18.705961327332187,2,32938.32369303643
HUN_cluster_4709,HUN,45.93511951844544,18.24906982856411,1,11535.81929178587
HUN_cluster_4573,HUN,46.89591790366512,20.58117394166005,1,15886.635631967933
HUN_cluster_4608,HUN,46.98533974858075,20.73846614960942,2,9539.337730750694
GTM_cluster_264,GTM,14.666581567578357,-90.96966511986896,0,19966.64194530443
GTM_cluster_379,GTM,14.458394074600172,-90.49082041186284,0,37393.068072349146
GTM_cluster_871,GTM,15.01785600306684,-89.65656464982877,0,53506.61682625128
PHL_cluster_1022,PHL,8.058282157291675,123.72200394230056,0,98047.71851911399
PHL_cluster_2370,PHL,6.00604545578038,121.30639354174872,0,387170.6986050013
PHL_cluster_2085,PHL,10.935392840514565,124.43265794851438,0,23165.507429528116
PHL_cluster_2417,PHL,15.737777067507258,120.93479038653425,0,1769.871838543629
PHL_cluster_2525,PHL,15.87922536751342,120.60268243560694,0,40593.94826514779
PHL_cluster_3143,PHL,15.163981051898377,120.67222894861082,0,8581.267572896906
PHL_cluster_4190,PHL,15.800821949195193,121.5412468927977,0,47903.6126443995
PHL_cluster_5109,PHL,17.10622979424353,121.86519742963874,0,57687.22209849636
PHL_cluster_5385,PHL,16.360319392062614,120.61995403091645,0,18569.5866909416
URY_cluster_268,URY,-34.78984606730173,-56.071784333304265,0,16307.037478786746
URY_cluster_502,URY,-34.78986209813871,-56.261393267062445,0,26581.193391395118
MYS_cluster_1128,MYS,4.380269078338846,101.11345175272947,0,109375.82554521468
MYS_cluster_1134,MYS,4.385500006859822,101.1109284934466,0,109985.74888353457
MYS_cluster_124,MYS,4.2126122062846685,100.6034400547421,0,113443.16234747604
MYS_cluster_1274,MYS,4.363641053057611,100.9782414124918,0,110285.93502555488
MYS_cluster_1311,MYS,4.79625523905278,100.8954096132529,0,118341.42666132451
MYS_cluster_1288,MYS,4.378858053808101,101.117574448886,0,109168.78363024171
MYS_cluster_1454,MYS,4.498428901081413,101.163885634398,0,121996.76574875475
MYS_cluster_1401,MYS,4.48544959774267,101.03569317357474,0,122191.29507067191
MYS_cluster_1459,MYS,4.51612289860956,101.09520832361709,0,124614.45481294306
MYS_cluster_1468,MYS,4.522486748835457,101.09171944742876,0,125362.58460435638
MYS_cluster_1455,MYS,4.516502612504689,101.093503203316,0,124678.48377224882
MYS_cluster_1289,MYS,4.503546359267782,100.7816572273113,0,131911.67152367215
MYS_cluster_1465,MYS,4.519717854131676,101.09307191936824,0,125039.14399173332
MYS_cluster_1650,MYS,3.246725104967624,101.4628467871897,0,31551.091633168435
MYS_cluster_1657,MYS,3.423113360769052,101.55512201368369,0,36641.62844752481
MYS_cluster_1533,MYS,3.294707131528954,101.64058969473948,0,47611.5431029384
MYS_cluster_1674,MYS,3.262905250023171,101.44976495358075,0,29356.278578644422
MYS_cluster_168,MYS,4.209981957569853,101.22649275588486,0,89730.59283275361
MYS_cluster_1718,MYS,3.255574160304797,101.44938170076708,0,29761.472531068015
MYS_cluster_1717,MYS,3.436295458997145,101.54845643534152,0,36023.878138658125
MYS_cluster_1719,MYS,3.213618834431446,101.4541457044318,0,32970.56072129028
MYS_cluster_1730,MYS,3.436606204087392,101.54494583321116,0,35639.8948507799
MYS_cluster_1739,MYS,3.4530885982911204,101.66322554744396,0,48889.98124350464
MYS_cluster_1760,MYS,3.506682399465456,101.61900335517578,0,45158.193871270865
MYS_cluster_1767,MYS,3.239973478689993,101.44858539162436,0,30679.980205706775
MYS_cluster_1778,MYS,3.442922881904417,101.5553076126168,0,36861.70864524295
MYS_cluster_1813,MYS,3.3970807850355613,101.56435766963966,0,37604.85368328767
MYS_cluster_1808,MYS,3.249211005925416,101.46164050157904,0,31287.439832189706
MYS_cluster_1974,MYS,2.9597503931923987,101.51567145060676,0,58875.76470162411
MYS_cluster_1870,MYS,3.310792688052592,101.3191668548382,0,14593.753826027965
MYS_cluster_1815,MYS,3.238409758475643,101.447326190204,0,30670.787932303592
MYS_cluster_1978,MYS,2.8773766137390084,101.50364303479526,0,65435.96465620911
MYS_cluster_193,MYS,4.092892003888108,101.28256163146358,0,76970.43054341411
MYS_cluster_1983,MYS,2.97691523563197,101.45447745505948,0,53762.80569783519
MYS_cluster_1669,MYS,3.2114151691928066,101.45822904209314,0,33476.01933621067
MYS_cluster_2094,MYS,2.780958501571156,101.7785857290682,0,42211.96796676578
MYS_cluster_2016,MYS,2.948273930248244,101.54102474099552,0,59899.1264268451
MYS_cluster_2011,MYS,2.9846917765877348,101.4714380185284,0,53930.25490867193
MYS_cluster_2004,MYS,2.967379095075994,101.4479438435746,0,54366.49822802305
MYS_cluster_1995,MYS,2.9094840469955856,101.43290417528895,0,59508.27676485726
MYS_cluster_2142,MYS,2.73790628664955,101.7065874896714,0,51464.47937746028
MYS_cluster_2102,MYS,2.823153054248771,101.5526537060953,0,61999.16632512083
MYS_cluster_2163,MYS,2.910764285178206,101.62616149328892,0,51338.56451733074
MYS_cluster_2170,MYS,2.82224374936353,101.53161968607876,0,64227.97779702169
MYS_cluster_2153,MYS,2.821840384391388,101.699143590571,0,47159.54986695343
MYS_cluster_219,MYS,4.002273252608328,101.03872595935351,0,69787.0828568439
MYS_cluster_2135,MYS,2.8434405144318773,101.72741358279602,0,43271.45221949547
MYS_cluster_2229,MYS,2.819304074100204,101.6980140304597,0,47401.31771583286
MYS_cluster_2250,MYS,2.9370799465905115,101.66237332365252,0,46789.19104652855
MYS_cluster_2470,MYS,2.946243290898173,101.8651202833153,0,24715.11459670484
MYS_cluster_2401,MYS,2.9965847202860783,101.82725443084416,0,27716.07054160182
MYS_cluster_2173,MYS,2.942693596211821,101.6329246548599,0,49895.319883695454
MYS_cluster_2580,MYS,2.683086905583364,101.75081093815604,0,50484.261081744124
MYS_cluster_2213,MYS,2.823237952437644,101.69994993815106,0,47008.51903933088
MYS_cluster_259,MYS,4.178241807877538,101.21770292271438,0,86205.67857871676
MYS_cluster_2852,MYS,6.444390807802384,100.2475513560512,0,20362.3202426502
MYS_cluster_2913,MYS,6.40792810843414,100.1795589505365,0,28588.00497377486
MYS_cluster_293,MYS,3.891091474223076,100.8505385502294,0,68395.0510447347
MYS_cluster_2904,MYS,6.407289775368247,100.1818705102145,0,28360.728995092923
MYS_cluster_3003,MYS,5.743389772188989,101.86721706607182,0,22103.870473579485
MYS_cluster_3020,MYS,5.716233446715208,100.97878672948502,0,49104.903138045964
MYS_cluster_3121,MYS,5.264063590344737,100.4806932886594,0,60113.61784852473
MYS_cluster_3126,MYS,5.2656766271075846,100.50309376941156,0,59700.07601366643
MYS_cluster_3124,MYS,5.2842867683670685,100.48856006649564,0,57782.80621003268
MYS_cluster_2982,MYS,6.65034877662585,100.25778193690734,0,8593.55907020985
MYS_cluster_3132,MYS,5.256630530690642,100.42202028871232,0,62008.601249061976
MYS_cluster_3146,MYS,5.267454799787958,100.5026791357981,0,59506.34243111823
MYS_cluster_3147,MYS,5.284616239418727,100.4969084369455,0,57656.926505114614
MYS_cluster_3184,MYS,5.259530176933262,100.4676866925224,0,60795.52677095835
MYS_cluster_3170,MYS,5.14623652121912,100.41879689953105,0,74106.57333215837
MYS_cluster_3282,MYS,5.4384394671102525,100.51711761087758,0,40427.640178623304
MYS_cluster_3270,MYS,5.42593616601298,100.5948305017026,0,42104.10372379997
MYS_cluster_3217,MYS,5.238877721511513,100.43947598990532,0,63560.148240357375
MYS_cluster_3289,MYS,5.37394531117704,100.4421135568955,0,48795.66402037607
MYS_cluster_3313,MYS,5.437040240345186,100.51792451257629,0,40576.57740662695
MYS_cluster_3391,MYS,5.51943264671508,100.47972210219376,0,32096.541438491313
MYS_cluster_3279,MYS,5.331064940273289,100.53933427261524,0,52265.68862153975
MYS_cluster_3396,MYS,5.519166803018127,100.484961951223,0,32003.605552195473
MYS_cluster_3438,MYS,5.591340651595213,100.47811764209986,0,24409.19117828049
MYS_cluster_3407,MYS,5.513258473562092,100.40460515002869,0,35489.832152683135
MYS_cluster_3506,MYS,5.35761982991377,100.23086305006314,0,60219.777202434285
MYS_cluster_3447,MYS,5.516823441458242,100.45176126116328,0,33188.637999101404
MYS_cluster_3565,MYS,5.723496392035205,100.49624274412658,0,10071.232133003072
MYS_cluster_2534,MYS,2.596462910850335,101.95480642460002,0,25873.195225544092
MYS_cluster_3707,MYS,6.267599804022983,100.443330519097,0,23202.843460410833
MYS_cluster_3717,MYS,6.235138385168844,100.45073820755212,0,26865.633347942992
MYS_cluster_3751,MYS,6.197695893141834,100.40847009314908,0,31006.62207789832
MYS_cluster_392,MYS,4.237469040785558,100.68441513187967,0,110520.97555328789
MYS_cluster_3604,MYS,5.677004465735119,100.53979208522053,0,13802.381034800042
MYS_cluster_562,MYS,3.761487161347321,100.96533326635397,0,49226.67812774843
MYS_cluster_3744,MYS,6.011251508322647,100.6141955903903,0,24653.144575966242
MYS_cluster_660,MYS,4.819030080208405,101.96000771364658,0,125098.87829269195
MYS_cluster_974,MYS,4.893255804127005,100.69921784938104,0,102413.066346892
MYS_cluster_976,MYS,4.84419919188004,100.705333906592,0,107904.38291745265
MYS_cluster_985,MYS,4.846576874624383,100.7049449122075,0,107636.51061425568
MYS_cluster_992,MYS,4.893781295129544,100.69601200309836,0,102296.17784994317
MYS_cluster_999,MYS,4.892201964695489,100.70111512071718,0,102564.16742520823
MYS_cluster_4045,MYS,5.535982148593582,102.73389565175538,0,104317.00935486123
MYS_cluster_4072,MYS,5.769483147601766,102.18958754666556,0,38871.848842107065
MYS_cluster_3948,MYS,3.949095088813799,102.36590594846136,0,103381.32534526057
MYS_cluster_4507,MYS,2.984997253668684,102.0699307748802,0,3662.3936106476235
MYS_cluster_4300,MYS,3.444984247829101,102.39456565081412,0,59259.80038316142
MYS_cluster_4516,MYS,2.6621377653920555,102.00960525655472,0,25240.0319703996
MYS_cluster_4508,MYS,2.9851014437320216,102.06845234872095,0,3684.769469803679
MYS_cluster_4537,MYS,2.6230949156406127,102.07046012688622,0,17555.275520222705
MYS_cluster_4548,MYS,2.624292431217428,102.07226933480112,0,17542.90184726787
MYS_cluster_4539,MYS,2.5263114927914705,102.03321802675823,0,15031.704901131112
MYS_cluster_4661,MYS,4.440496999242392,103.44797075909123,0,72681.56896603602
MYS_cluster_4691,MYS,3.9803326562249945,103.42710161513232,0,24779.12919285461
MYS_cluster_4499,MYS,3.03672860118994,102.07031040494527,0,2242.447559658111
MYS_cluster_4692,MYS,3.978904747857768,103.42409601628184,0,24446.681316524555
MYS_cluster_4700,MYS,3.989926821503118,103.41496492674749,0,24823.052715071135
MYS_cluster_4702,MYS,3.991299469767016,103.41163939229476,0,24739.93934387773
MYS_cluster_4588,MYS,4.312233673557857,103.48852913367251,0,60478.07936207873
MYS_cluster_4706,MYS,3.9868853443709913,103.4131798294648,0,24432.43258348044
MYS_cluster_4744,MYS,4.268852841016727,103.43958949774022,0,54086.84312203964
MYS_cluster_4764,MYS,3.801295399238235,103.23965990793536,0,5268.851528103312
MYS_cluster_4745,MYS,3.9526724610783046,103.36088147813254,0,18170.249413200127
MYS_cluster_4913,MYS,3.862113598524537,103.3141339201148,0,6844.183816301556
MYS_cluster_5108,MYS,6.012099010745436,102.381978396715,0,55665.714455375666
MYS_cluster_5205,MYS,5.369843420169318,103.10453923672024,0,149301.77010816996
MYS_cluster_4769,MYS,3.7661505995026574,103.3051812017524,0,4971.309771430851
MYS_cluster_5276,MYS,5.086113823637866,103.2647186579527,0,142259.99449492354
MYS_cluster_740,MYS,5.049118196442206,100.64413648264984,0,84358.11702466877
MYS_cluster_5555,MYS,1.374658814129269,103.59849766617693,0,13120.76747435174
MYS_cluster_5657,MYS,1.6366980431512432,103.6645582869452,0,24715.742338230983
MYS_cluster_5661,MYS,1.7223545236621107,103.69814210820591,0,33781.821367959456
MYS_cluster_5713,MYS,1.682798354999688,103.64203012097468,0,30267.248251841986
MYS_cluster_5998,MYS,1.996919355887776,103.3218280132274,0,77304.31980506491
MYS_cluster_6108,MYS,2.387279765727846,103.71532514674608,0,89833.13001252181
MYS_cluster_6212,MYS,2.484739368858155,102.20084279768903,0,4173.113980743981
MYS_cluster_6249,MYS,2.587829533226907,102.63750805927675,0,6359.331664956283
MYS_cluster_6290,MYS,2.4629464433896864,102.2364852312721,0,8760.947224315567
MYS_cluster_5131,MYS,5.993036179115669,102.40583950320786,0,58032.845219375035
MYS_cluster_6676,MYS,2.2655784619246058,102.67810987086582,0,34830.0684156792
MYS_cluster_6971,MYS,2.2234755204150023,102.36043529484382,0,29704.450646174657
MYS_cluster_7039,MYS,2.2813875720058725,102.21768075971056,0,14395.580616913501
MYS_cluster_7076,MYS,2.296073212453152,102.21380419083437,0,12763.102849193516
MYS_cluster_7091,MYS,2.3309958780450244,102.24321428364205,0,12070.719096035946
MYS_cluster_7048,MYS,2.318780967741773,102.13278792265552,0,8830.094492179802
MYS_cluster_7102,MYS,2.328500365423688,102.24934510895685,0,12785.885198030343
MYS_cluster_7138,MYS,2.3317059841514927,102.24202578350445,0,11917.50585202952
MYS_cluster_7297,MYS,1.712391780197324,103.89459865961408,0,25846.230555109527
MYS_cluster_7172,MYS,1.409674407229503,104.192361449169,0,32191.167776286475
MYS_cluster_7356,MYS,1.4829561729677907,103.83902311580552,0,16222.441779275601
MYS_cluster_7373,MYS,1.5985948070750755,103.7520636470363,0,20593.58810804249
MYS_cluster_8386,MYS,1.4750781852681147,110.15074703263866,0,196029.8143157897
MYS_cluster_8719,MYS,5.702295863793424,115.93446874644128,0,142371.8214742885
MYS_cluster_7370,MYS,1.5941192466076113,103.75171511597917,0,20101.158957949796
MYS_cluster_8788,MYS,5.857407081048098,116.04641957395792,0,162666.67006528316
MYS_cluster_8921,MYS,6.187990607102148,116.1902579886181,0,198851.34950133215
MYS_cluster_8899,MYS,6.160815528477442,116.21031410523896,0,198394.7517049665
MYS_cluster_8916,MYS,6.189622124545452,116.1887656998896,0,198858.01758345473
MYS_cluster_9093,MYS,5.928195920414944,118.00970169003722,0,186120.32019588922
RUS_cluster_74,RUS,55.08077652735526,21.85753498570576,0,91923.19079799368
RUS_cluster_75,RUS,55.07265653076683,21.924993025329005,0,91039.1353710866
RUS_cluster_1005,RUS,57.85416996971699,28.36001598959373,0,25119.737655335004
RUS_cluster_1019,RUS,57.80742960279649,28.27880558364795,0,18986.690010087634
RUS_cluster_1048,RUS,57.80071191882302,28.268130476119424,0,18219.094930544517
MYS_cluster_9232,MYS,4.438776361287399,114.05059925193017,0,45634.77531440568
RUS_cluster_1060,RUS,57.76719495984976,28.36646457716783,0,23752.0891810769
RUS_cluster_1077,RUS,58.97994637600095,29.02223692807249,0,140155.2626721792
RUS_cluster_1091,RUS,58.72756663483708,29.898012399619866,0,155239.490318574
RUS_cluster_1052,RUS,58.20542499957247,29.065106574515763,0,80836.18461244726
RUS_cluster_1090,RUS,58.71382402519358,29.857753768899464,0,152493.80552812963
RUS_cluster_1072,RUS,58.16023143908124,28.194631739560045,0,45373.27482532862
RUS_cluster_1145,RUS,56.33204461833196,28.91309465985495,0,128842.88182237331
RUS_cluster_1182,RUS,57.36079583724854,28.31559450592252,0,50112.646818112
RUS_cluster_1180,RUS,57.352066172947104,28.35854546450945,0,52097.824176019574
RUS_cluster_1189,RUS,57.3565485982505,28.30655073600195,0,50322.89125168684
RUS_cluster_1138,RUS,57.817613564649,27.654388978220933,0,19192.241272292347
RUS_cluster_1135,RUS,57.82667314716458,27.60026799336256,0,22550.289560194396
RUS_cluster_1211,RUS,57.36046254118297,28.29392396656722,0,49623.01343442201
RUS_cluster_1213,RUS,57.32819768163373,28.355979046833284,0,54419.46850288434
RUS_cluster_1216,RUS,57.05816323477908,27.91020242925072,0,79291.62909712117
RUS_cluster_1208,RUS,57.3227244205288,28.350620503545475,0,54836.41357028011
RUS_cluster_400,RUS,60.75638584611468,28.64567954400769,0,210036.6263009244
RUS_cluster_404,RUS,60.75556987740329,28.6122162702284,0,208956.50086459616
RUS_cluster_409,RUS,60.951066417446086,29.132453865848333,0,242916.08155869856
RUS_cluster_1105,RUS,58.7472812585956,29.81824720355712,0,153397.68401462835
RUS_cluster_416,RUS,60.4396284951622,29.098272145445925,0,198722.5182059451
RUS_cluster_1201,RUS,57.35772777916316,28.31253939435475,0,50348.370410879346
RUS_cluster_421,RUS,60.45324488852972,28.728286684955844,0,185898.15357581087
RUS_cluster_439,RUS,60.53454118443513,28.66375246850084,0,190632.09453511477
RUS_cluster_418,RUS,60.53303098401724,28.67046218957292,0,190727.1388951453
RUS_cluster_441,RUS,60.3672654589861,28.61191313305612,0,174489.6383598122
RUS_cluster_428,RUS,60.37551462457574,28.606986975086887,0,175004.20725485132
RUS_cluster_445,RUS,60.32285280365716,29.251274004346225,0,196305.75651493832
RUS_cluster_472,RUS,60.368538521652326,28.60969801794186,0,174516.23580389726
RUS_cluster_450,RUS,60.437882967050506,29.090072742159386,0,198264.7849240985
RUS_cluster_425,RUS,60.53896113969123,29.488319116382662,0,221868.28240010462
RUS_cluster_480,RUS,60.45226298646365,28.71903763178728,0,185484.50226474728
RUS_cluster_475,RUS,60.71018882531212,29.964067164940086,0,253919.47042175103
RUS_cluster_494,RUS,60.68300907438638,28.94397645041036,0,213072.02628678593
RUS_cluster_490,RUS,60.35985560848001,28.990364957195226,0,188301.20915498416
RUS_cluster_481,RUS,60.72356472956488,28.734848257849468,0,209787.16412947353
RUS_cluster_509,RUS,60.95414596297342,29.128566695593488,0,243066.8877348977
RUS_cluster_493,RUS,60.44318381436598,29.087896369260257,0,198591.18345256502
RUS_cluster_554,RUS,61.05613105273319,29.79407899473118,0,274473.56527706014
RUS_cluster_506,RUS,60.19384529389679,29.509899023321253,0,199206.3972798581
RUS_cluster_580,RUS,59.73057050292896,29.41095367191198,0,170793.1847152418
RUS_cluster_582,RUS,59.9079861680578,29.797933353452287,0,198186.84952561386
RUS_cluster_591,RUS,59.94804348830249,29.55494875978589,0,187732.0442165686
RUS_cluster_598,RUS,59.80864502491516,29.981452375169905,0,203795.76551165484
RUS_cluster_513,RUS,60.45242061955371,28.72355576750521,0,185659.36506613178
RUS_cluster_621,RUS,59.81645901179485,29.98641949193185,0,204341.70420926815
RUS_cluster_617,RUS,59.90028421927128,29.78038245701323,0,196951.18993495338
RUS_cluster_616,RUS,60.167079274262576,29.88199766616167,0,215180.3465572345
RUS_cluster_622,RUS,59.94687315058234,29.559261144743907,0,187890.31712893286
RUS_cluster_641,RUS,59.69849417906771,29.943575214321324,0,198110.90142947398
RUS_cluster_581,RUS,59.897466416739846,29.78575494768248,0,197105.13833302126
RUS_cluster_649,RUS,59.9038147972276,29.780756959401025,0,197123.99255733486
RUS_cluster_634,RUS,59.96238216204723,29.42054279541294,0,181785.92140368544
RUS_cluster_1098,RUS,58.822684477770345,29.93073085836708,0,163897.55133839732
RUS_cluster_652,RUS,60.08250577055468,29.94292615891576,0,213702.0377927457
RUS_cluster_609,RUS,59.814514376423965,29.977511724827888,0,203800.33025805381
RUS_cluster_655,RUS,59.70277382759524,29.940071215584048,0,198052.15546856305
RUS_cluster_707,RUS,59.835862496001525,29.879383905966,0,199440.86091067744
RUS_cluster_731,RUS,57.81788409731738,29.95889036635045,0,118216.27930997104
RUS_cluster_758,RUS,57.52738617331819,29.97819487395597,0,122739.02850719265
RUS_cluster_778,RUS,57.78432111773278,29.64381223521648,0,99486.68757381428
RUS_cluster_761,RUS,57.52747134230168,29.9824603499904,0,122984.35455701278
RUS_cluster_801,RUS,58.74909769420578,27.813354587242003,0,83950.40763743715
RUS_cluster_792,RUS,59.08849566740138,28.178097641727067,0,90633.52803927941
RUS_cluster_799,RUS,59.11408284670035,28.11454358842678,0,86745.20491493035
RUS_cluster_806,RUS,58.75094907635924,27.8155866229292,0,83940.78874798735
RUS_cluster_820,RUS,59.3754211025016,28.57888961754444,0,114873.53745098805
RUS_cluster_787,RUS,59.10029742968785,28.136782831101428,0,88148.90816142416
RUS_cluster_824,RUS,59.38703369516937,28.60318839882356,0,116468.5404605067
RUS_cluster_836,RUS,59.37445685080932,28.21756333579051,0,94821.21119251398
RUS_cluster_822,RUS,59.36664123710733,28.220436435834344,0,94785.4410177021
RUS_cluster_837,RUS,59.36877324547614,28.59082277038952,0,115404.76336703886
RUS_cluster_846,RUS,59.35744272323304,28.645991792366967,0,118272.70653403578
RUS_cluster_844,RUS,59.37897995896503,28.22784652906536,0,95503.73486021983
RUS_cluster_862,RUS,59.36758723049092,28.22852336156698,0,95255.54221328009
RUS_cluster_905,RUS,59.70339257957298,29.049811994531574,0,150815.20013420563
RUS_cluster_878,RUS,59.37079714940924,28.2161001825834,0,94648.37192939852
RUS_cluster_852,RUS,59.548753076363234,29.11341301820112,0,148671.63210726588
RUS_cluster_923,RUS,59.90222581016938,29.105540998967065,0,163163.43394422348
RUS_cluster_933,RUS,59.908803811729406,29.066282806409365,0,161608.840008738
RUS_cluster_929,RUS,59.90967869102303,29.05606139786737,0,161161.18724220138
RUS_cluster_940,RUS,59.89265747210366,29.1131254371676,0,163024.38299282637
RUS_cluster_954,RUS,57.823355374693854,28.399585714748152,0,26354.000611862502
RUS_cluster_955,RUS,58.25397480357355,29.07573028859848,0,84624.66179782136
RUS_cluster_969,RUS,57.86210386369731,28.21284115275117,0,17810.46237779649
RUS_cluster_913,RUS,59.58601721384665,29.30524573905214,0,160190.75041973306
RUS_cluster_918,RUS,59.90059632598502,29.106738739373,0,163134.58934487667
RUS_cluster_973,RUS,57.803956802434094,28.271337848525484,0,18474.22599469394
RUS_cluster_978,RUS,57.80442987273506,28.2772643091685,0,18828.811479435244
RUS_cluster_943,RUS,59.878085389663696,29.126608234497912,0,162923.65883740137
RUS_cluster_970,RUS,57.79947891841663,28.417263646014867,0,26941.499620687613
RUS_cluster_989,RUS,57.54078475255753,28.01156574446775,0,25699.468953813386
RUS_cluster_821,RUS,59.37756203408455,28.22430155433241,0,95271.93498526873
RUS_cluster_1276,RUS,64.65461149912194,30.72088686895434,0,415878.427089696
RUS_cluster_1315,RUS,59.46043479100207,32.02929321292303,0,301027.1777300595
RUS_cluster_1317,RUS,59.46150841508412,32.024788210953886,0,300895.25394126173
RUS_cluster_1319,RUS,59.43989955386142,31.998676596607243,0,298273.75999347004
RUS_cluster_980,RUS,58.25568775991899,29.07974137291553,0,84926.89900832556
RUS_cluster_1314,RUS,59.45081340427978,32.03645946275871,0,300711.4551507174
RUS_cluster_1320,RUS,59.45317801397173,32.029164161620585,0,300537.964338267
RUS_cluster_1328,RUS,59.45214548419696,32.039923883982205,0,300956.96001200174
RUS_cluster_1318,RUS,59.46593651664468,32.01168788376248,0,300600.4703008141
RUS_cluster_1325,RUS,59.45961381533601,32.01233911068128,0,300206.45935529936
RUS_cluster_1335,RUS,59.45528991219236,32.00851409204655,0,299744.7151538546
RUS_cluster_1352,RUS,59.439446171553335,32.00239458602983,0,298412.1096940264
RUS_cluster_1343,RUS,59.45189547299594,32.007731940696175,0,299482.7367741608
RUS_cluster_1358,RUS,59.45185156221754,32.01149667991502,0,299650.0424966793
RUS_cluster_1361,RUS,59.9244778924277,32.27180898769996,0,330504.55681491975
RUS_cluster_1375,RUS,59.65376570849533,32.122980497269175,0,317155.46459710854
RUS_cluster_1364,RUS,59.65180036373939,32.119889657594754,0,316955.23822707793
RUS_cluster_1372,RUS,59.92958907792563,32.29714810411353,0,332004.9322398829
RUS_cluster_1376,RUS,59.9249047704688,32.31865069045707,0,333065.9918539594
RUS_cluster_1374,RUS,59.93845890414215,32.303412129594655,0,332556.6602338813
RUS_cluster_1394,RUS,60.14978628484428,32.552663200417186,0,351656.45343514264
RUS_cluster_1351,RUS,59.46399893408969,32.01172575019004,0,300472.31369316083
RUS_cluster_1382,RUS,59.84514075729744,31.587724228642458,0,291334.2095024893
RUS_cluster_1381,RUS,59.932974082843735,32.318613151943026,0,333253.48614939273
RUS_cluster_1428,RUS,60.90627117530727,34.14767631416194,0,400371.1281710487
RUS_cluster_1430,RUS,60.91701333138187,34.07225118327853,0,403962.8387160331
RUS_cluster_1443,RUS,60.71457447413195,30.031678967578703,0,257026.18425135428
RUS_cluster_1458,RUS,60.556478883746976,30.21686135730488,0,254121.86478019736
RUS_cluster_1436,RUS,60.90560417477508,34.17498519338172,0,399344.59937420324
RUS_cluster_1452,RUS,60.55805219081027,30.252404717625545,0,255802.54336362553
RUS_cluster_1379,RUS,59.87350186850088,31.31741857103042,0,277400.88987987605
RUS_cluster_1466,RUS,60.55637655608438,30.249316901523,0,255556.92901004493
RUS_cluster_1468,RUS,61.04716761408017,30.119665361280404,0,285720.3974915616
RUS_cluster_1470,RUS,61.04058656861445,30.102677682303863,0,284557.2456656965
RUS_cluster_1472,RUS,61.04680709233215,30.11761749625336,0,285614.44721755834
RUS_cluster_1497,RUS,59.93325451501248,30.619801760821183,0,241991.0773473798
RUS_cluster_1495,RUS,59.61452067975735,30.37490354157268,0,219477.45069233506
RUS_cluster_1475,RUS,61.518164984205214,30.198420621017807,0,327685.6439030569
RUS_cluster_1503,RUS,59.52547586594269,30.06898969375344,0,200715.74187528738
RUS_cluster_1505,RUS,59.788679390368536,30.614338210086164,0,237005.35601450488
RUS_cluster_1499,RUS,60.00476143964124,30.44994427392144,0,235854.912881432
RUS_cluster_1493,RUS,59.71646352131319,30.06565485737685,0,205243.46228903835
RUS_cluster_1508,RUS,59.61897967898258,30.044049052817,0,201388.9208669266
RUS_cluster_1506,RUS,59.69208142780394,30.39563116265865,0,222473.13128470432
RUS_cluster_1512,RUS,59.7742770332324,30.04174786479681,0,205802.42572730032
RUS_cluster_1523,RUS,59.93200296642498,30.634157227799125,0,242703.71538095444
RUS_cluster_1528,RUS,59.78182336810862,30.64294323659709,0,238354.37212690132
RUS_cluster_1514,RUS,59.67095970002691,30.073119394342346,0,204335.9803622068
RUS_cluster_1533,RUS,59.55830272349865,30.20027846712772,0,208642.78902162102
RUS_cluster_1538,RUS,59.58543135921313,30.1393732078054,0,205846.46455350696
RUS_cluster_1542,RUS,59.83505075837544,30.451444430338466,0,229687.58780374308
RUS_cluster_1556,RUS,59.59304138463785,30.302968128389985,0,215042.88484795773
RUS_cluster_1526,RUS,59.81563297730875,30.5666663812508,0,235243.19250854183
RUS_cluster_1549,RUS,59.70796954273372,30.020895395274565,0,202571.33471702065
RUS_cluster_1557,RUS,59.75224579371787,30.31422960950951,0,219731.25718107933
RUS_cluster_1545,RUS,59.74953326332093,30.075255209261023,0,206785.83857980615
RUS_cluster_1577,RUS,59.70421643504887,30.36902410415213,0,221342.9264866353
RUS_cluster_1567,RUS,59.70427887598279,30.36513919082856,0,221133.11160093272
RUS_cluster_1580,RUS,59.82419182322814,30.28387285511497,0,220390.50973097482
RUS_cluster_1578,RUS,60.07432148402115,30.23891987487956,0,228097.3052088942
RUS_cluster_1615,RUS,59.75221928210631,30.077562521612595,0,206995.43652110355
RUS_cluster_1618,RUS,59.902997549004255,30.674966333129447,0,243855.37064327113
RUS_cluster_1588,RUS,59.600779696665896,30.326335819499697,0,216499.04933843165
RUS_cluster_1641,RUS,59.84353698389079,30.573101185039025,0,236464.39080806175
RUS_cluster_1654,RUS,59.61563698110274,30.03855850675733,0,201005.28810735836
RUS_cluster_1659,RUS,59.705431131499154,30.364217385264613,0,221113.8916540576
RUS_cluster_1585,RUS,59.75927891827003,30.47082404807688,0,228398.10943012897
RUS_cluster_1678,RUS,59.82337581340386,30.119059285015187,0,211607.13828350924
RUS_cluster_1662,RUS,59.71918440593333,30.072114681102377,0,205674.2084198902
RUS_cluster_1704,RUS,59.93144248656412,30.62653680205872,0,242281.5969674344
RUS_cluster_1714,RUS,59.806914429483164,30.06817711233548,0,208329.03973656247
RUS_cluster_1648,RUS,60.07349279044372,30.23709305930457,0,227966.82063034154
RUS_cluster_1685,RUS,59.781693101877885,30.10764154511892,0,209567.77972000185
RUS_cluster_1745,RUS,59.78080175558662,30.64401892176121,0,238383.50396745472
RUS_cluster_1677,RUS,59.93852576212316,30.64373847881556,0,243442.2247430412
RUS_cluster_1572,RUS,59.59044544037051,30.1688392561414,0,207582.79240384477
RUS_cluster_1762,RUS,59.70434531430287,30.358989597905264,0,220800.1560809577
RUS_cluster_1709,RUS,59.34579716701023,30.034905742704023,0,196343.50724503404
RUS_cluster_1770,RUS,60.10507097823808,30.492774112390045,0,242339.77763587105
RUS_cluster_1772,RUS,60.15925733724876,30.208621172888524,0,230688.8809578702
RUS_cluster_1771,RUS,60.02407012242671,30.61134107247685,0,244991.7152059209
RUS_cluster_1785,RUS,60.15324176332894,30.26906576338371,0,233378.95585665046
RUS_cluster_1774,RUS,60.216611402817314,30.3098248056917,0,238582.925524372
RUS_cluster_1776,RUS,60.14644565743732,30.21289348188036,0,230258.98966690796
RUS_cluster_1789,RUS,60.02959107736643,30.74437717456625,0,252119.37883147114
RUS_cluster_1783,RUS,60.1613881120429,30.204284162756625,0,230582.4010860255
RUS_cluster_1806,RUS,60.14347926845291,30.211049706755563,0,230020.3070785705
RUS_cluster_1801,RUS,60.034958439712256,30.629358137922264,0,246361.9908887371
RUS_cluster_1807,RUS,60.01599158951349,30.68059429532577,0,248270.51668577848
RUS_cluster_1793,RUS,60.10981344134174,30.488444658642155,0,242332.96697811421
RUS_cluster_1820,RUS,60.1459264253561,30.20891998625916,0,230036.45901946805
RUS_cluster_1810,RUS,60.17497208335282,30.15420322533817,0,228815.59815199688
RUS_cluster_1823,RUS,60.10494150952381,30.48964933526465,0,242175.44653045363
RUS_cluster_1814,RUS,60.23293625767712,30.434958912320724,0,245554.42033291858
RUS_cluster_1857,RUS,60.14340782609967,30.226024066687497,0,230758.8895573221
RUS_cluster_1839,RUS,60.02399582887631,30.63627221181581,0,246281.84519331713
RUS_cluster_1865,RUS,60.10556332149287,30.48488588231127,0,241961.68304711132
RUS_cluster_1836,RUS,60.10380703000536,30.479342939345656,0,241601.82318815493
RUS_cluster_1885,RUS,60.1524122207043,30.19999560081348,0,229919.17156960996
RUS_cluster_1869,RUS,60.1517024234459,30.513461278915315,0,245511.27332856873
RUS_cluster_1887,RUS,60.218995451278175,30.29923325494668,0,238187.7836360594
RUS_cluster_1901,RUS,60.09424846189579,30.48418536109032,0,241421.47973484013
RUS_cluster_1902,RUS,60.15373162401374,30.27223694610736,0,233560.39490830392
RUS_cluster_1892,RUS,60.026306156437904,30.6386008345974,0,246494.52605219642
RUS_cluster_1903,RUS,60.04393103573728,30.698835381556844,0,250320.22923684408
RUS_cluster_1773,RUS,60.14197991148013,30.21899646195565,0,230339.83742348143
RUS_cluster_1912,RUS,60.16212834999249,30.219588711830216,0,231374.4644952711
RUS_cluster_1906,RUS,60.163529183545656,30.2184546505072,0,231389.07245039535
RUS_cluster_1922,RUS,59.970726247486894,31.03957167563029,0,265493.7767846617
RUS_cluster_1798,RUS,60.15102395042315,30.20394652900559,0,230044.8346477002
RUS_cluster_1937,RUS,59.97005503438855,31.02526061866212,0,264712.4051337974
RUS_cluster_1871,RUS,60.28038164982057,30.55537440582066,0,253875.46250236462
RUS_cluster_1935,RUS,59.97059428020304,31.04310789278196,0,265676.8267680418
RUS_cluster_1942,RUS,59.78578096061928,30.70094306952277,0,241605.03367005798
RUS_cluster_1945,RUS,59.53758055219547,30.902526642193628,0,247372.99770201987
RUS_cluster_930,RUS,59.91001044555394,29.10294528893389,0,163456.59061048966
RUS_cluster_1951,RUS,59.874899598320496,31.012476990811635,0,260998.361698734
RUS_cluster_1961,RUS,59.5463007512026,30.857288998396875,0,244979.04776827298
RUS_cluster_1959,RUS,59.694340404224505,30.77811302776191,0,243460.4243367217
RUS_cluster_1944,RUS,59.56578964007694,30.841217316202137,0,244394.8982761093
RUS_cluster_1974,RUS,59.88866290138482,30.993720286122347,0,260407.12593620826
RUS_cluster_1962,RUS,59.55125241585765,30.851219310430352,0,244717.72947945812
RUS_cluster_1979,RUS,59.58259436694308,30.733829642570868,0,238710.78002715952
RUS_cluster_1955,RUS,59.74999531975228,30.76936904405545,0,244351.37941102943
RUS_cluster_1982,RUS,59.846699228573065,30.9311333557448,0,255787.0761757511
RUS_cluster_1996,RUS,59.55865491219281,31.02235546852743,0,254380.7900510485
RUS_cluster_1984,RUS,59.75846300295774,31.056210575830907,0,260214.19044626568
RUS_cluster_1950,RUS,59.76168029029009,30.778171318365857,0,245136.78159273573
RUS_cluster_2003,RUS,59.887807260519125,30.99835273430856,0,260629.4509230055
RUS_cluster_2009,RUS,59.51618515232857,30.90861189415644,0,247407.76334627735
RUS_cluster_2041,RUS,59.68784890687912,30.805841999617208,0,244833.77492898045
RUS_cluster_1997,RUS,59.71907671193316,30.777075367486088,0,243992.93588427606
RUS_cluster_2027,RUS,59.57171012922393,30.555293623608502,0,228595.60750956438
RUS_cluster_2094,RUS,62.911496632582015,34.473661471399225,0,570114.6751472785
RUS_cluster_2090,RUS,63.75934251843859,34.26887778583633,0,559229.251572285
RUS_cluster_2114,RUS,61.75650970829163,34.401457708513625,0,468355.03373523406
RUS_cluster_2105,RUS,61.75088717528512,34.3583040187936,0,469038.140622618
RUS_cluster_2120,RUS,61.82534427876861,34.294345230306,0,477831.6912221263
RUS_cluster_2018,RUS,59.34827241923399,30.131845244806417,0,201844.56646913584
RUS_cluster_2126,RUS,61.755800486258686,34.40603021866175,0,468160.41897359426
RUS_cluster_2088,RUS,63.893193834998925,34.25932162596762,0,560123.1756222546
RUS_cluster_2070,RUS,62.20509438852843,34.25197102695016,0,515123.5248548318
RUS_cluster_2244,RUS,57.595991932918594,34.51460508612642,0,249941.2940071091
RUS_cluster_2268,RUS,57.8938657121316,34.02601071867068,0,272811.2578028033
RUS_cluster_2271,RUS,58.38260343631803,33.29692009577964,0,313865.5234708352
RUS_cluster_2194,RUS,57.96786587648916,31.366100093495348,0,202250.45462454026
RUS_cluster_2176,RUS,57.99312017080332,31.38784066555116,0,203779.24689931158
RUS_cluster_2277,RUS,58.37308328901964,33.88974742506585,0,279302.77786324336
RUS_cluster_2228,RUS,57.23555473822434,33.06145211700076,0,260468.66546543146
RUS_cluster_2281,RUS,58.21600692916523,33.51326230433452,0,300725.72853370954
RUS_cluster_2151,RUS,58.23927383586875,32.504121757835044,0,272344.2305204631
RUS_cluster_2315,RUS,57.86674950766514,33.70941881221825,0,291760.41940064775
RUS_cluster_2288,RUS,58.40701149111328,33.90847005049765,0,278494.2114559768
RUS_cluster_2312,RUS,57.86813608461638,34.05517631691593,0,271472.9723000255
RUS_cluster_2327,RUS,57.86863017335956,34.04298289645291,0,272180.0840898179
RUS_cluster_2355,RUS,58.129322115278775,30.342386982872185,0,145776.12379632707
RUS_cluster_2388,RUS,59.12544363535211,31.664503440014848,0,262629.99646934116
RUS_cluster_2209,RUS,58.862467504147446,32.21387171048558,0,276133.49851778167
RUS_cluster_2390,RUS,59.13116969471496,31.70978147589577,0,265138.8974375744
RUS_cluster_2397,RUS,59.12246147180916,31.662575452995966,0,262355.66448605177
RUS_cluster_2423,RUS,58.8187717621764,30.33223241490464,0,180826.41377761433
RUS_cluster_2403,RUS,59.36649167372764,31.249219008172894,0,260203.12620791432
RUS_cluster_2499,RUS,58.59866781184044,35.829925583745094,0,172379.98672197838
RUS_cluster_2495,RUS,59.38802739371527,35.95320911229904,0,209714.20473629716
RUS_cluster_2187,RUS,57.97143082190962,31.366405955069247,0,202301.86745515157
RUS_cluster_2525,RUS,59.50198886087932,34.65754832081593,0,276155.588442317
RUS_cluster_2532,RUS,59.519271658390124,34.19344767015521,0,299629.930110946
RUS_cluster_2515,RUS,59.51070921083151,34.16838478612325,0,300396.95861488517
RUS_cluster_2516,RUS,59.52028208902806,34.15374397244632,0,301637.07595211104
RUS_cluster_2545,RUS,59.46955970034299,33.85498574085435,0,313902.7473523188
RUS_cluster_2548,RUS,59.64406825061098,33.59319009078362,0,335927.8355875735
RUS_cluster_2549,RUS,59.6404055919348,33.567851217535974,0,336992.25279473397
RUS_cluster_2543,RUS,59.51446423780576,34.19360899184079,0,299359.49494131835
RUS_cluster_2587,RUS,64.58103894727944,30.63635604358931,0,408908.1313956064
RUS_cluster_2594,RUS,64.60401341298127,30.62485097088733,0,409420.830955484
RUS_cluster_2630,RUS,54.064457723947854,35.96021782609445,0,131091.33018748937
RUS_cluster_2632,RUS,54.06466363071571,35.96799597336089,0,130754.80354433773
RUS_cluster_2634,RUS,54.05126433335472,35.952439170027056,0,132552.2477680712
RUS_cluster_2681,RUS,54.04456002833239,35.75959801434373,0,141309.8869677494
RUS_cluster_2658,RUS,54.086872572364825,35.342391589379446,0,157177.21307943042
RUS_cluster_2712,RUS,54.72726092413874,35.31349860978077,0,89249.77157736766
RUS_cluster_2649,RUS,54.0967715552499,35.36820631940282,0,155767.59568475795
RUS_cluster_2592,RUS,64.5894506748373,30.650195155328195,0,409884.5896534238
RUS_cluster_2560,RUS,59.648377183799504,33.55273121070291,0,338158.73661011807
RUS_cluster_2735,RUS,54.25450673332588,34.37620314269931,0,164588.09877477036
RUS_cluster_2727,RUS,54.07003169556308,34.360382070359066,0,182453.77393235802
RUS_cluster_2779,RUS,55.52986630032777,35.93620550992226,0,8845.548269894269
RUS_cluster_2648,RUS,54.02550940017605,35.8221730549796,0,140188.53650462467
RUS_cluster_2799,RUS,54.6825570655652,35.92952249465788,0,87811.97656547779
RUS_cluster_2798,RUS,54.794843960851736,35.91788329068507,0,75303.9706142984
RUS_cluster_2808,RUS,54.671992451735214,35.940057045588894,0,89028.78098002507
RUS_cluster_2725,RUS,54.251847342300046,34.38161927097002,0,164635.88004633226
RUS_cluster_2820,RUS,54.67955951756616,35.93464484161423,0,88165.76732595994
RUS_cluster_2800,RUS,54.79399543087643,35.92234526242015,0,75416.72854296012
RUS_cluster_2849,RUS,53.00915546770651,35.97567682088947,0,231847.11900084856
RUS_cluster_2851,RUS,52.89430031995448,35.97873948229557,0,238330.91885233708
RUS_cluster_2796,RUS,54.7963306499102,35.91331637023043,0,75120.99780579864
RUS_cluster_2855,RUS,53.0121165711431,35.97661496471313,0,231526.54605395027
RUS_cluster_2893,RUS,52.89405900950698,35.9817019730859,0,238275.79906639794
RUS_cluster_2925,RUS,52.8918873107576,35.9756548451744,0,238095.36838145298
RUS_cluster_3084,RUS,51.65346047496454,35.57127732331425,0,116166.92019272718
RUS_cluster_3053,RUS,51.661496729730736,35.63037296201689,0,114774.94459039741
RUS_cluster_3068,RUS,51.65901204592796,35.65053881919269,0,113829.55486579047
RUS_cluster_3090,RUS,51.66358655419215,35.63172198778749,0,114926.91828636797
RUS_cluster_3058,RUS,51.8381880414204,35.289161418074414,0,138867.09421884624
RUS_cluster_3051,RUS,51.6653303095059,35.63757245232468,0,114888.15936843546
RUS_cluster_3114,RUS,51.655348274748,35.660947332313825,0,113116.35147404337
RUS_cluster_3168,RUS,50.52685900772248,35.76954718483931,0,56252.51315967814
RUS_cluster_3167,RUS,50.54256867610714,35.759204813512,0,56066.824835246916
RUS_cluster_3264,RUS,55.58025368753257,32.41970271041766,0,119704.43446965562
RUS_cluster_3289,RUS,54.98708288516234,33.33001585715,0,161119.67951119365
RUS_cluster_3446,RUS,54.14918865911439,33.266410761153,0,185902.05771752648
RUS_cluster_3433,RUS,53.72930719784877,33.32386964235443,0,217357.80153801886
RUS_cluster_3306,RUS,54.931427497981055,33.29973048061219,0,159564.60067050907
RUS_cluster_3447,RUS,53.937190332648775,32.810925328145416,0,176975.41637785663
RUS_cluster_3460,RUS,54.15177302366572,33.26108074364804,0,185455.00597638648
RUS_cluster_3453,RUS,53.94629753822398,32.81854793276924,0,176639.42971316536
RUS_cluster_3450,RUS,54.15186096230394,33.26681429692972,0,185765.1476165914
RUS_cluster_3488,RUS,53.94592171449317,32.813793493852565,0,176442.10795518567
RUS_cluster_3513,RUS,55.54234913699595,34.98257459708324,0,54723.34059741048
RUS_cluster_3510,RUS,55.54447341720663,35.02039346414949,0,52403.49822644722
RUS_cluster_3515,RUS,55.56886000286904,35.00576655616976,0,53781.423361288755
RUS_cluster_3529,RUS,55.227650495901656,34.305260997688826,0,100863.52174397244
RUS_cluster_3537,RUS,55.17452256880731,34.32880833852557,0,101256.05247422658
RUS_cluster_3615,RUS,55.50499623074974,31.834347525793888,0,84622.04303814327
RUS_cluster_3654,RUS,54.81337587530972,31.911601459726324,0,74440.51030613336
RUS_cluster_2752,RUS,54.08540672969101,34.34032990752752,0,181665.59891153596
RUS_cluster_3700,RUS,54.751580101217066,32.030359467453074,0,83945.34468670315
RUS_cluster_3672,RUS,54.762746709249264,32.01151967609006,0,82370.18866981514
RUS_cluster_3662,RUS,54.73837907589056,32.09134312082736,0,88125.24531709743
RUS_cluster_3725,RUS,54.73318010539193,32.09595916812688,0,88613.10234680973
RUS_cluster_3740,RUS,54.76478235105591,32.02339872837447,0,83002.99153131591
RUS_cluster_3773,RUS,54.82792152975411,32.04849518445792,0,82353.88853496371
RUS_cluster_3734,RUS,54.80775812761274,31.914473708227327,0,74815.10920448332
RUS_cluster_3774,RUS,54.815947365097465,32.0105685447414,0,80394.42633715422
RUS_cluster_3790,RUS,54.82766610780126,32.044394314181595,0,82108.58035850502
RUS_cluster_3789,RUS,54.80286326940503,32.15499769576139,0,89680.18834902895
RUS_cluster_3682,RUS,54.33094332291549,32.4829608296189,0,132408.40262684855
RUS_cluster_3800,RUS,54.80239843704527,32.14308554354246,0,88961.91259046587
RUS_cluster_3099,RUS,51.58708294717222,34.92767987968278,0,107189.88247709644
RUS_cluster_3834,RUS,56.83154240388773,35.78892872481387,0,151355.95641477796
RUS_cluster_3831,RUS,56.70126538034658,35.758522861950745,0,136932.4175078467
RUS_cluster_3848,RUS,56.84311992694413,35.762369438312085,0,152687.48146305777
RUS_cluster_3828,RUS,56.89388716453855,35.762207057737136,0,155973.81904284007
RUS_cluster_3856,RUS,56.81798550216551,35.874568869936766,0,146853.884636142
RUS_cluster_3852,RUS,56.81130013026081,35.94293972979862,0,142658.870626507
RUS_cluster_3876,RUS,56.89448837511885,35.88324311614672,0,149076.63358074983
RUS_cluster_3865,RUS,56.8892660617173,35.75783900713194,0,156056.46648664368
RUS_cluster_3901,RUS,56.930118108514826,35.498822248940215,0,163665.60642592746
RUS_cluster_3924,RUS,57.12162337693605,35.45151390442501,0,182893.27495261177
RUS_cluster_3784,RUS,54.8526226529393,32.03221287035225,0,80646.22554053199
RUS_cluster_3851,RUS,56.84477653321248,35.77808515115269,0,152843.16554038992
RUS_cluster_3950,RUS,57.5077046960358,34.57178652555894,0,239548.58646135006
RUS_cluster_3862,RUS,56.91106257473847,35.880056596336225,0,149905.36159195568
RUS_cluster_3979,RUS,57.882751843551546,35.02676086377103,0,214366.2906433461
RUS_cluster_3948,RUS,57.284763463675056,35.22033316620938,0,203356.18309647424
RUS_cluster_3983,RUS,57.88124957050957,35.02106417636486,0,214724.05879400356
RUS_cluster_3993,RUS,56.22159159938257,35.65498618059026,0,84311.48984909423
RUS_cluster_4031,RUS,56.0374987436126,35.93653012841733,0,63301.13714281555
RUS_cluster_4181,RUS,52.58830767678955,32.785364908555614,0,181994.29786484325
RUS_cluster_4116,RUS,52.37393305963823,33.468485341219804,0,207885.88261930578
RUS_cluster_4252,RUS,53.25815638105081,34.275902778780136,0,266113.8316217709
RUS_cluster_4241,RUS,53.22725944320739,34.32249857089999,0,268184.41660257155
RUS_cluster_4265,RUS,53.27598093745129,34.23466354507709,0,265310.3633167862
RUS_cluster_4183,RUS,52.588534305003165,32.783947453046075,0,181937.24245253514
RUS_cluster_4298,RUS,53.156855607427424,34.12246797136547,0,280410.25347166514
RUS_cluster_4347,RUS,53.374669635092985,34.1151731089542,0,258447.30139191478
RUS_cluster_4352,RUS,53.42063814926013,34.372159122723026,0,246966.9920824891
RUS_cluster_4355,RUS,53.33942325353584,34.3162982366274,0,256728.09288148585
RUS_cluster_4364,RUS,53.33509257426186,34.29085113015557,0,257811.1307255678
RUS_cluster_4367,RUS,53.33575687508793,34.29634245627435,0,257604.6407640326
RUS_cluster_4369,RUS,53.26012047348643,34.46931640845732,0,261390.10638820293
RUS_cluster_3922,RUS,57.06042929255933,34.947571267546564,0,185200.77710640992
RUS_cluster_4375,RUS,53.38641733402106,34.32347312524534,0,251709.55898659892
RUS_cluster_3843,RUS,56.87923408099558,35.82564640097324,0,151798.79596949593
RUS_cluster_4414,RUS,53.37935630092916,34.31815091774509,0,252569.96103849236
RUS_cluster_4407,RUS,53.33772187987751,34.31206277211472,0,257008.92816462132
RUS_cluster_4385,RUS,53.21302734762863,34.65951185403643,0,258685.43253476685
RUS_cluster_4014,RUS,56.02558497781969,35.93962487928776,0,62001.06822548399
RUS_cluster_4419,RUS,53.34685036875496,34.31256338750368,0,256055.86540557866
RUS_cluster_4484,RUS,53.83677746995426,34.411351218265594,0,203661.75947387732
RUS_cluster_4499,RUS,53.49802170184845,33.87422191378522,0,253506.22633868898
RUS_cluster_4506,RUS,53.84615927371325,34.40971402749947,0,202774.7747075192
RUS_cluster_4424,RUS,53.48453704177792,34.443019813945604,0,238625.3437185578
RUS_cluster_4444,RUS,53.33363382471684,34.25163990528195,0,258958.90116081343
RUS_cluster_4684,RUS,52.35741905669545,35.38240702614274,0,191540.2344452745
RUS_cluster_4521,RUS,53.83854032608555,34.415157922893975,0,203375.4341977231
RUS_cluster_4688,RUS,52.35468422078383,35.38315214163601,0,191241.15690034244
RUS_cluster_4689,RUS,52.34853496355221,35.38362350938309,0,190601.46566701308
RUS_cluster_4517,RUS,53.83382852250888,34.40356441411501,0,204182.2685500879
RUS_cluster_4532,RUS,53.58437604183321,34.3668636029924,0,230333.01756593943
RUS_cluster_4698,RUS,52.35846917513063,35.36027866711426,0,192250.70199248084
RUS_cluster_4800,RUS,52.52201639947732,31.965169822724008,0,138341.1994163102
RUS_cluster_4804,RUS,52.767653441105,32.27180550938087,0,172604.6331960264
RUS_cluster_4763,RUS,52.359927327303,35.31435863377176,0,193682.55692252336
RUS_cluster_4887,RUS,52.34478820998113,32.169327072769335,0,132804.6780159833
RUS_cluster_4957,RUS,52.37517671007005,32.21306863159449,0,137284.22133857294
RUS_cluster_10021,RUS,55.73740731918527,38.96261559543738,0,59704.50142090057
RUS_cluster_10014,RUS,55.91271881236044,39.18214824009294,0,83321.74757770261
RUS_cluster_5018,RUS,56.335785692690166,30.47081602268765,0,112788.87010289982
RUS_cluster_5046,RUS,56.38415835367831,30.440450826259468,0,117714.79852963067
RUS_cluster_4832,RUS,52.52931157866723,31.94991988353453,0,138382.80370659172
RUS_cluster_10029,RUS,55.94890531741704,39.244133901179865,0,84553.13009851877
RUS_cluster_10034,RUS,55.94698966189129,39.24143503203054,0,84550.99886441727
RUS_cluster_10023,RUS,55.99094674388139,38.38172416040791,0,48569.06747322612
RUS_cluster_10039,RUS,55.79700622716885,38.89066539259529,0,61826.72711351458
RUS_cluster_10040,RUS,55.90852840403287,39.651680460662256,0,85221.04892506372
RUS_cluster_10047,RUS,55.91151593733917,39.15049926050158,0,81920.75166264565
RUS_cluster_10048,RUS,55.72798812348304,38.95276123232574,0,58523.997237523596
RUS_cluster_10051,RUS,56.31932289136464,39.37428118740112,0,74171.46502312797
RUS_cluster_10024,RUS,56.13529113789804,38.878923258051294,0,53998.97090552825
RUS_cluster_10037,RUS,56.3189491082784,39.37209945922256,0,74312.23660951362
RUS_cluster_10057,RUS,56.16604747591886,38.89762935923199,0,53119.26267712708
RUS_cluster_10072,RUS,56.11192641640356,38.88662215725933,0,55900.66998298408
RUS_cluster_10060,RUS,56.11678720210978,38.42181236422185,0,36421.86967871852
RUS_cluster_10063,RUS,55.94870494390653,39.24094938067684,0,84410.0560562253
RUS_cluster_10067,RUS,55.82251243029223,39.06494105230804,0,70978.10357829752
RUS_cluster_10084,RUS,56.08180700543048,38.50385413608407,0,42268.54006605157
RUS_cluster_10077,RUS,55.83036089301839,38.98447836581713,0,68354.34169306184
RUS_cluster_10090,RUS,56.10950836851477,38.886392285197246,0,56049.95619992453
RUS_cluster_10099,RUS,56.11097515722241,38.879932309788735,0,55631.68161323259
RUS_cluster_10115,RUS,56.07583732811974,38.51008608589693,0,43036.76493481619
RUS_cluster_10086,RUS,55.83128319091051,38.97849286734097,0,68199.9995896193
RUS_cluster_10111,RUS,55.694185729304166,39.319487137909206,0,74439.2966357919
RUS_cluster_10119,RUS,55.951455698458304,39.24574695312334,0,84459.50730088893
RUS_cluster_10126,RUS,56.14282992269459,38.87631147160689,0,53392.34768546974
RUS_cluster_10130,RUS,56.2789764269388,39.411999106798994,0,73322.09548431962
RUS_cluster_10127,RUS,55.87897836914913,38.77027838212304,0,65640.9315465269
RUS_cluster_10094,RUS,55.95017828346549,39.23618217663496,0,84075.15210244064
RUS_cluster_10143,RUS,55.75739701412611,38.92740363790203,0,59846.371652692535
RUS_cluster_10161,RUS,56.14001959795603,38.87470633293465,0,53485.74243357648
RUS_cluster_10200,RUS,56.11239121798424,38.889612996737874,0,56018.943755378015
RUS_cluster_10141,RUS,55.99940432404155,39.36497056486294,0,87524.27718435682
RUS_cluster_10172,RUS,56.12207903182912,38.433171407452825,0,36221.39556450975
RUS_cluster_10214,RUS,55.737440578689416,38.95135646673918,0,59218.32303602246
RUS_cluster_10220,RUS,55.91702286151627,38.46806460670509,0,58045.54903816899
RUS_cluster_10254,RUS,55.7566628630866,38.92486448243835,0,59680.41168235422
RUS_cluster_10091,RUS,55.92056954596153,39.158932588005385,0,82480.24504711089
RUS_cluster_10173,RUS,56.124259514620135,38.87684659838936,0,54601.69492531727
RUS_cluster_10279,RUS,55.54928793789194,39.69535821786703,0,90441.73906686813
RUS_cluster_10296,RUS,55.57012060008476,39.42035353477655,0,74458.01595738124
RUS_cluster_10298,RUS,55.58417016635307,39.53231022261135,0,81629.15260721625
RUS_cluster_10285,RUS,55.572649094230606,39.5012755606089,0,79379.64574037139
RUS_cluster_10305,RUS,56.26291307324926,38.21742037136646,0,16716.429099368368
RUS_cluster_10313,RUS,56.32078706288593,38.69535943254383,0,34590.8558583045
RUS_cluster_10330,RUS,56.248189623585766,38.113202104086,0,18136.54001204792
RUS_cluster_10317,RUS,56.24185722992411,38.54872753232963,0,30505.14296325392
RUS_cluster_10355,RUS,56.37653746790077,38.723039862782464,0,35026.7056148345
RUS_cluster_10344,RUS,56.38694575682166,38.67938726401803,0,32241.175493846553
RUS_cluster_10391,RUS,56.9527439653292,41.05900789474664,0,3573.6807204614347
RUS_cluster_10399,RUS,56.960602573357065,41.04889176854163,0,3307.214741645686
RUS_cluster_10411,RUS,56.84852891412015,40.49853417641437,0,32403.484189905554
RUS_cluster_10442,RUS,56.95578527594875,41.05367993270855,0,3352.662752412835
RUS_cluster_10451,RUS,56.95175121548476,41.05089547643326,0,3069.5437042773906
RUS_cluster_10395,RUS,56.78762125861133,40.89216043252136,0,18818.593392120332
RUS_cluster_10460,RUS,56.95275829996984,41.05572735528336,0,3379.8094045294856
RUS_cluster_10420,RUS,56.874650591388885,40.51589216512181,0,30522.087552180914
RUS_cluster_10454,RUS,57.04688186421309,41.00175637346919,0,11219.972711658736
RUS_cluster_10470,RUS,56.98579142387689,41.0574823029048,0,5581.7097996830025
RUS_cluster_10469,RUS,56.48157968363626,39.659070204154446,0,53915.836647311655
RUS_cluster_10476,RUS,56.64104183802377,40.31806096300393,0,20989.103783078655
RUS_cluster_10497,RUS,57.04764282929376,40.962818659479424,0,11543.537827065016
RUS_cluster_10541,RUS,56.86644395234949,40.5125791088794,0,30967.648339496493
RUS_cluster_10577,RUS,56.38841011070523,39.56244286093266,0,61077.01132334386
RUS_cluster_10596,RUS,56.64437082270378,40.31518100574701,0,21386.455301695063
RUS_cluster_10559,RUS,56.95950542362039,40.95297765039773,0,3299.023968542783
RUS_cluster_10666,RUS,54.61269891085468,39.63999110835794,0,92660.32694099034
RUS_cluster_10466,RUS,57.00577597163588,40.86582173324738,0,10569.522775925941
RUS_cluster_10669,RUS,54.59982935131521,39.66460874137695,0,94584.82901868995
RUS_cluster_10636,RUS,54.7763551484138,39.08166737265447,0,53730.712059529294
RUS_cluster_10674,RUS,54.57585862317583,39.72708385657722,0,99215.9337452969
RUS_cluster_10676,RUS,54.60571174307988,39.66037391968191,0,94137.59205654573
RUS_cluster_10685,RUS,54.601034831994376,39.66531079322574,0,94589.8227768155
RUS_cluster_10687,RUS,54.53109357756483,39.78326849327515,0,104234.99204357734
RUS_cluster_10688,RUS,54.5735866325603,39.72537377176201,0,99187.2528210873
RUS_cluster_10744,RUS,54.57833267659443,39.719536401973336,0,98669.3281933015
RUS_cluster_10716,RUS,54.47411656647681,39.80056688630902,0,107556.2312203425
RUS_cluster_10706,RUS,54.57972494283592,39.70221070707392,0,97557.85670729334
RUS_cluster_10774,RUS,54.51431932731074,39.90942929047343,0,112534.56118556423
RUS_cluster_10755,RUS,54.56135894763876,39.75949320896829,0,101697.83635620114
RUS_cluster_10783,RUS,54.57049245642751,39.79787011326332,0,103749.2144369646
RUS_cluster_10781,RUS,54.713756814926136,39.51288278363023,0,82146.96084901497
RUS_cluster_10790,RUS,54.549706970717736,39.83391256933808,0,106662.07959174139
RUS_cluster_10793,RUS,54.72148266159718,39.50018235046616,0,81197.56634859435
RUS_cluster_10794,RUS,54.69601174663316,39.86034895100451,0,104488.145541193
RUS_cluster_10818,RUS,54.72370616644952,39.50206846005177,0,81276.67402930761
RUS_cluster_10779,RUS,54.69570081037027,39.60554508819051,0,88364.1015996848
RUS_cluster_10822,RUS,54.63498619471171,39.63929568962226,0,91961.6233819416
RUS_cluster_10872,RUS,55.05196276817127,38.75154148278573,0,40089.049179425936
RUS_cluster_10851,RUS,54.65871612574959,39.67558745900687,0,93608.10674206517
RUS_cluster_10804,RUS,54.63574076253281,39.635275662519575,0,91690.1126339594
RUS_cluster_10886,RUS,55.2850669686787,40.073162556906745,0,112130.51408736286
RUS_cluster_10890,RUS,55.038293801838805,38.84231723947634,0,44069.53530661989
RUS_cluster_10899,RUS,55.00171031636794,39.080128091635416,0,56204.39756925542
RUS_cluster_10939,RUS,55.054055824560486,38.999157101506114,0,53687.99508940909
RUS_cluster_10799,RUS,54.63197386623295,39.639354565902565,0,92050.28115443107
RUS_cluster_10964,RUS,55.02338282965967,38.9128616888314,0,47247.502868137075
RUS_cluster_10931,RUS,55.25806130734457,39.98522807178669,0,106862.2846717079
RUS_cluster_10917,RUS,55.095676722245,38.85508546466537,0,44958.36014903225
RUS_cluster_10945,RUS,55.00087127191121,39.09249603193194,0,56921.76439795362
RUS_cluster_11010,RUS,51.345475876813225,37.87001435556236,0,116931.75589273336
RUS_cluster_11007,RUS,51.333296549875975,37.8658520835714,0,115964.74917890444
RUS_cluster_11059,RUS,51.2842248907041,37.76259779306797,0,106989.16862398724
RUS_cluster_11024,RUS,51.321593499242766,37.82167921094623,0,112673.64567921031
RUS_cluster_11047,RUS,51.28526204932221,37.5537476681068,0,95010.0044778752
RUS_cluster_11050,RUS,51.26905682745486,37.77695422846577,0,106972.75972239625
RUS_cluster_10942,RUS,55.04295591819003,38.84654650566152,0,44566.05758164185
RUS_cluster_11078,RUS,51.27760120662069,37.794781335819096,0,108523.89504839631
RUS_cluster_11091,RUS,51.24585990983542,37.60930705950595,0,95693.55703394645
RUS_cluster_11289,RUS,52.40270616601738,37.55224233992001,0,196174.58411940426
RUS_cluster_11345,RUS,52.60140865318439,38.43956899642033,0,244629.46216634553
RUS_cluster_11092,RUS,51.24526927286687,37.61180612323031,0,95803.94773089465
RUS_cluster_11070,RUS,51.284986305697245,37.76587422528819,0,107227.59118414165
RUS_cluster_11527,RUS,52.6318853588259,38.46150599163392,0,245427.99438789496
RUS_cluster_11532,RUS,52.63450254878811,38.46001261193321,0,245131.86057629014
RUS_cluster_11530,RUS,52.63068073443094,38.46622824064792,0,245579.5528885692
RUS_cluster_11543,RUS,52.62657727962394,38.45832300504189,0,246005.55755591067
RUS_cluster_11711,RUS,50.77755650369088,37.87712900302122,0,74635.53933043632
RUS_cluster_11811,RUS,51.005187284922194,39.49972376598142,0,141367.0603224845
RUS_cluster_11792,RUS,50.23017786472251,37.85626330185414,0,19570.88276802094
RUS_cluster_11906,RUS,51.3202429111067,39.24549506106048,0,157387.32665718577
RUS_cluster_11916,RUS,50.87181403991542,39.061558411948695,0,109477.69000881196
RUS_cluster_12065,RUS,51.75964611177165,36.12009178415968,0,112414.0920187927
RUS_cluster_11983,RUS,50.87363177316859,39.05816516187004,0,109477.95352450985
RUS_cluster_11898,RUS,51.32148573791673,39.24865442368748,0,157621.4285850395
RUS_cluster_12107,RUS,51.63992265219895,36.10904251634065,0,99651.10073549864
RUS_cluster_12131,RUS,52.03481130557688,36.352087166930126,0,140613.21517736698
RUS_cluster_12147,RUS,52.03394403622892,36.350195979565285,0,140524.45539378788
RUS_cluster_12149,RUS,51.80577151517902,36.16665851285243,0,116803.274494287
RUS_cluster_11933,RUS,51.32988467956199,39.23168521799641,0,157787.84497936952
RUS_cluster_12078,RUS,51.67324061720914,36.06511351726172,0,104021.26608958488
RUS_cluster_12154,RUS,51.75851773971112,36.26136605607188,0,110595.08671616894
RUS_cluster_12157,RUS,51.73512195376786,36.27914436705512,0,107859.40410810546
RUS_cluster_12166,RUS,51.71058857880333,36.32191615202858,0,104823.48497953411
RUS_cluster_12163,RUS,51.7073111797672,36.32753158545309,0,104423.67007069734
RUS_cluster_12150,RUS,51.81608651253122,36.165124844545645,0,117950.43764855535
RUS_cluster_12168,RUS,51.755273405627285,36.314573018665165,0,109817.84497795842
RUS_cluster_12182,RUS,51.80550619393273,36.17192430058489,0,116709.28071911068
RUS_cluster_12169,RUS,51.7115118238927,36.31478576387464,0,104974.66480679675
RUS_cluster_12159,RUS,51.800037201195146,36.168486109120046,0,116153.43490661029
RUS_cluster_12262,RUS,50.54126604792822,36.68966727285924,0,30096.037751168613
RUS_cluster_12296,RUS,50.52040446444866,36.286325288892336,0,30775.81954706885
RUS_cluster_12333,RUS,50.53927065574791,36.65569438982531,0,29117.997756887464
RUS_cluster_10885,RUS,54.94535122374561,39.0056800306588,0,49874.018922441755
RUS_cluster_12270,RUS,50.80095686522919,36.457189947586095,0,3265.066331281941
RUS_cluster_12361,RUS,50.55590003806528,36.42044948055871,0,24286.025948232626
RUS_cluster_12504,RUS,52.65923385878952,41.446908760296765,0,232131.07854568938
RUS_cluster_12362,RUS,50.52125486928772,36.45298300210529,0,27931.611050092055
RUS_cluster_12508,RUS,52.58287301719813,41.51033624830205,0,230148.54226426868
RUS_cluster_12514,RUS,52.67046725584815,41.45168132957373,0,231527.3345695354
RUS_cluster_12516,RUS,52.736045456814864,41.48396050608931,0,227828.272112241
RUS_cluster_12505,RUS,52.74282312478076,41.37481083312152,0,234882.39985760266
RUS_cluster_12537,RUS,52.69696358499587,41.4192157337364,0,233001.9367828701
RUS_cluster_12525,RUS,52.733201519215726,41.47907937101832,0,228214.06757048806
RUS_cluster_12556,RUS,52.58198879045968,41.52064297784106,0,229505.6928671793
RUS_cluster_12523,RUS,52.69036743620095,41.48026105625516,0,229149.52927382404
RUS_cluster_12642,RUS,52.9461768164046,40.48615479314773,0,256128.28819014214
RUS_cluster_12651,RUS,52.95114483497713,40.48757364453316,0,255723.77492480088
RUS_cluster_12656,RUS,52.90594308554154,40.45072122592709,0,258546.3849570942
RUS_cluster_12567,RUS,52.60273756866611,41.49276679368441,0,230699.35981263503
RUS_cluster_12539,RUS,52.75817732873339,41.47899691783297,0,227672.68319468075
RUS_cluster_12745,RUS,53.1900735673285,41.57871924296887,0,216880.9922184425
RUS_cluster_12328,RUS,50.627949240093606,36.5950911174806,0,18403.408960491917
RUS_cluster_12739,RUS,53.44328055592008,41.767235279765885,0,206987.14975950652
RUS_cluster_12755,RUS,53.44617577725442,41.76427184171071,0,207233.14315677132
RUS_cluster_12886,RUS,52.00631674436461,41.13789988504703,0,212451.51223708427
RUS_cluster_12674,RUS,52.94763634748842,40.4850936018309,0,255953.98597759052
RUS_cluster_12909,RUS,51.82185804882384,41.51422012129324,0,183470.85277237152
RUS_cluster_13020,RUS,53.03106350765034,39.17459415312192,0,209579.38632704786
RUS_cluster_13230,RUS,52.63984560212118,39.54791928562533,0,258637.88613640628
RUS_cluster_13166,RUS,53.2517330601259,39.16963389419525,0,186067.39273672973
RUS_cluster_12950,RUS,51.36938106600395,41.898561470396594,0,127273.09071715805
RUS_cluster_13274,RUS,52.57085866428691,39.483892963365605,0,264589.76064710313
RUS_cluster_13273,RUS,52.59171295478605,39.44036183450716,0,261505.833374891
RUS_cluster_12990,RUS,52.65942302601495,41.84906660983571,0,205841.41991775943
RUS_cluster_13358,RUS,54.03174662544324,39.751255962488464,0,131982.4101734134
RUS_cluster_13356,RUS,54.033536466712384,39.75804373833894,0,132169.82427333228
RUS_cluster_13362,RUS,54.02747249078742,39.75309529742549,0,132395.72481308744
RUS_cluster_13413,RUS,54.03080070519827,39.74646218036545,0,131826.6486611024
RUS_cluster_12660,RUS,52.90932274030015,40.451068490128165,0,258244.14963631693
RUS_cluster_13434,RUS,53.71280346664497,40.11413854298287,0,173887.60052865586
RUS_cluster_13357,RUS,54.12507998970176,39.60004167901947,0,117690.41401206201
RUS_cluster_13443,RUS,53.80605138043618,39.53102088035857,0,141453.07939462666
RUS_cluster_13459,RUS,53.70840200692886,40.11800183370953,0,174418.05345265855
RUS_cluster_13657,RUS,52.52879611133381,39.80858013545924,0,276263.3613582607
RUS_cluster_13420,RUS,53.80497324436715,39.56673248216841,0,142922.54759627892
RUS_cluster_13773,RUS,51.792515613825785,39.18902332940085,0,202161.23380697443
RUS_cluster_13776,RUS,51.70311166557765,39.28829304671901,0,196008.8874666548
RUS_cluster_13681,RUS,52.53176211343543,39.81019617717173,0,275995.4555407869
RUS_cluster_13477,RUS,53.805208053414766,39.56959891565452,0,143012.65130114727
RUS_cluster_13771,RUS,51.81903282906263,39.140426579089386,0,203592.42042304052
RUS_cluster_13778,RUS,51.63615334606886,39.11969575804708,0,184319.25936848958
RUS_cluster_13806,RUS,51.69003804997176,39.07952952741486,0,188730.49003150628
RUS_cluster_13783,RUS,51.63613787318317,39.153543014083695,0,185281.61229637952
RUS_cluster_13844,RUS,51.6114286445203,39.26276833131515,0,186116.02721527606
RUS_cluster_13801,RUS,51.63830832985664,39.12596401435792,0,184714.5113129607
RUS_cluster_13834,RUS,51.68973653834068,39.07321678903389,0,188533.49016399047
RUS_cluster_13809,RUS,51.5901173850561,39.2426045500093,0,183371.71080903916
RUS_cluster_13886,RUS,51.60815803938245,39.37604228083299,0,189514.8475991676
RUS_cluster_13879,RUS,51.6338196795558,39.15162799359474,0,184992.19473357333
RUS_cluster_13890,RUS,51.6893785612266,39.07685364889772,0,188592.2385406007
RUS_cluster_13782,RUS,51.70398189500208,39.01534114685364,0,188531.10579448743
RUS_cluster_13895,RUS,51.585543424379225,39.3125034188798,0,185184.08642258344
RUS_cluster_13892,RUS,51.61231810780617,39.26315478548005,0,186216.1693551171
RUS_cluster_13905,RUS,51.61704324185415,39.266311764858,0,186783.07503089771
RUS_cluster_13913,RUS,51.60680991265869,39.3868074867384,0,189751.90346515214
RUS_cluster_13940,RUS,52.24305573128234,40.34552210247236,0,262304.29964079655
RUS_cluster_13395,RUS,54.03523771781064,39.76060355552371,0,132163.1262347314
RUS_cluster_14004,RUS,56.76468983173531,37.12817794056564,0,74355.82042515631
RUS_cluster_14005,RUS,56.6708700478229,36.29070848479049,0,118050.13848423013
RUS_cluster_13994,RUS,56.72672518897864,36.77747743741647,0,91579.94640104345
RUS_cluster_14037,RUS,56.72868554437045,36.77958775562031,0,91542.93228280467
RUS_cluster_14040,RUS,56.684715796196784,36.36814497049865,0,113840.06031408762
RUS_cluster_14002,RUS,56.78253898338347,36.12226783242596,0,131282.84707749588
RUS_cluster_14020,RUS,56.67361824674798,36.295163292091374,0,117857.23199401204
RUS_cluster_14049,RUS,56.65701724585493,36.292813922592266,0,117575.26717929661
RUS_cluster_13867,RUS,51.636185727954334,39.12507093355218,0,184473.91691590488
RUS_cluster_14017,RUS,56.781213295621455,36.12107475513846,0,131307.74264986778
RUS_cluster_14047,RUS,56.662791042588566,36.297227992576346,0,117455.99297490573
RUS_cluster_14081,RUS,56.653343921162055,36.28985690575909,0,117662.15201387579
RUS_cluster_14053,RUS,56.66507345128901,36.28892440362904,0,118007.77993262999
RUS_cluster_14120,RUS,56.89624201833404,36.05114350576934,0,139632.14334379716
RUS_cluster_14096,RUS,56.80191270387314,36.027896680292606,0,137412.29068410152
RUS_cluster_14191,RUS,57.79268932904041,38.44860265125679,0,37665.64906825899
RUS_cluster_14211,RUS,57.58041468062613,38.24116678152576,0,64036.34009875425
RUS_cluster_14218,RUS,57.5180140831312,38.3023708585352,0,69389.22454828129
RUS_cluster_14246,RUS,55.49348245276453,37.32181548335669,0,24277.679114377905
RUS_cluster_14163,RUS,57.74173273463411,36.65670058866231,0,124181.31103938533
RUS_cluster_14094,RUS,56.89732790901706,36.04753270079015,0,139880.65152299355
RUS_cluster_14256,RUS,55.63760480846378,37.92343179438761,0,39952.23360663051
RUS_cluster_14257,RUS,55.565056161633166,37.64009495764263,0,33344.9957188206
RUS_cluster_14255,RUS,55.87433218764484,37.99220432054532,0,55974.62087882901
RUS_cluster_14265,RUS,55.57115372389187,37.47087266295288,0,23737.81325328539
RUS_cluster_14293,RUS,55.621449306015855,37.84405191586751,0,41835.22848357722
RUS_cluster_14297,RUS,56.28164721098943,37.47814483914856,0,44183.54750670925
RUS_cluster_14299,RUS,56.35765989010201,37.56335049554456,0,36999.289901572214
RUS_cluster_14307,RUS,56.374944476541415,37.32510340208231,0,51346.59232841592
RUS_cluster_14269,RUS,55.50043235956067,37.32956263891515,0,23795.5121353572
RUS_cluster_14180,RUS,58.29316228337257,37.85955484705927,0,49695.746163903656
RUS_cluster_14308,RUS,56.1493837074916,37.831490029886,0,35217.19110444006
RUS_cluster_14318,RUS,56.38439211720395,37.32337280566451,0,51378.7390007122
RUS_cluster_14315,RUS,56.151637946465854,37.831790285883386,0,35000.665348904
RUS_cluster_14334,RUS,56.148202076751474,37.83333927731446,0,35260.53166665643
RUS_cluster_14347,RUS,56.15804979362919,37.83376527891848,0,34347.14847294276
RUS_cluster_14110,RUS,56.798326159124414,36.03091577330193,0,137116.72941979064
RUS_cluster_14335,RUS,56.3600468936463,37.523647790166,0,39376.29025990872
RUS_cluster_14381,RUS,56.24000702027295,37.98560926036598,0,21605.825708111275
RUS_cluster_14354,RUS,56.55846978423284,37.410342950013046,0,48747.505509514696
RUS_cluster_14403,RUS,56.208791876275214,37.55150088585245,0,43508.422956583294
RUS_cluster_14411,RUS,55.55191123620264,37.337732208582246,0,19161.57408450745
RUS_cluster_14413,RUS,55.900988206991336,37.957908968484745,0,55152.935460086424
RUS_cluster_14410,RUS,55.54877427543579,37.32486604640094,0,18988.358622276555
RUS_cluster_14370,RUS,56.24666672560746,37.52216156724849,0,43124.2634711905
RUS_cluster_14351,RUS,56.382787045133774,37.32567483724274,0,51248.3868217668
RUS_cluster_14311,RUS,56.145797284352014,37.83545769710933,0,35408.04268075057
RUS_cluster_14414,RUS,55.83833262669701,37.15759187841914,0,16349.684781391648
RUS_cluster_14416,RUS,55.61227025827681,37.287274053937935,0,11946.158994092704
RUS_cluster_14430,RUS,55.94158280357977,36.71174577580172,0,39405.246109207845
RUS_cluster_14439,RUS,55.6852696321282,37.25894111138576,0,6344.821150119049
RUS_cluster_14440,RUS,56.0218481205732,37.88062092936896,0,46367.027765103805
RUS_cluster_14422,RUS,55.962377027680766,37.26769236860535,0,30907.621361366895
RUS_cluster_14426,RUS,55.77894264352916,37.19114763285111,0,9960.594738575812
RUS_cluster_14448,RUS,56.19264258270013,36.966970035569055,0,57005.821397876716
RUS_cluster_14461,RUS,56.14082733181469,36.89125401910287,0,52682.240128754194
RUS_cluster_14454,RUS,55.89774112434949,36.87725165449407,0,28906.003135456976
RUS_cluster_14444,RUS,56.20872719012392,37.54798600633106,0,43698.37782598664
RUS_cluster_14442,RUS,56.22322990349365,36.9344072176935,0,60767.68079955685
RUS_cluster_14458,RUS,56.18913015692968,36.9718041106926,0,56561.48175224354
RUS_cluster_14472,RUS,55.60139732378696,37.1675880530244,0,10013.416728957605
RUS_cluster_14465,RUS,55.56478545354301,37.34242682386809,0,18207.83996753256
RUS_cluster_14470,RUS,56.186602728933,36.99028371333368,0,56060.40855450393
RUS_cluster_14473,RUS,55.63994217318332,37.01520175953723,0,10636.32393293954
RUS_cluster_14450,RUS,55.60282228056487,37.17125535561304,0,9871.549085553614
RUS_cluster_14474,RUS,55.61161576674649,37.3012514618028,0,12607.886902447528
RUS_cluster_14489,RUS,55.87608590098161,37.12057934063664,0,20682.390807651995
RUS_cluster_14475,RUS,56.14634269680016,37.49358896975409,0,50333.206966088714
RUS_cluster_14463,RUS,56.199029533506256,36.96489475669004,0,57727.13867899086
RUS_cluster_14497,RUS,56.12568586211443,36.8685074364994,0,51567.85072055693
RUS_cluster_14494,RUS,55.76777941364311,37.21991339820015,0,9339.045984397744
RUS_cluster_14486,RUS,55.64305036815182,37.06623707037912,0,7880.4991766795665
RUS_cluster_14500,RUS,55.71494162937216,37.072803804949146,0,5966.272855336211
RUS_cluster_14502,RUS,55.90173966006095,36.859704718294594,0,29931.10970272208
RUS_cluster_14504,RUS,55.62773612820352,37.004478999251575,0,11959.295465339279
RUS_cluster_14484,RUS,56.2064046795857,37.54851760111819,0,43803.73551900176
RUS_cluster_14505,RUS,55.615492398529575,37.28632880793173,0,11643.911240565232
RUS_cluster_14512,RUS,55.59948124327405,37.1626091780009,0,10213.04456273779
RUS_cluster_14519,RUS,55.94588294918144,36.704828623363234,0,40047.784954735245
RUS_cluster_14513,RUS,55.71160475113528,36.82787264777621,0,20825.845000800105
RUS_cluster_14521,RUS,55.72582762830773,37.16350065371705,0,3853.537400614869
RUS_cluster_14533,RUS,56.015731471899976,37.22988958268128,0,36351.27592259124
RUS_cluster_14548,RUS,55.9453497819093,37.97551829396874,0,52817.02516849018
RUS_cluster_14536,RUS,55.87116532404233,36.94849893156829,0,23918.549006925467
RUS_cluster_14534,RUS,56.19578025497363,36.96280660927808,0,57401.37081300971
RUS_cluster_14556,RUS,56.12801002074502,37.50901066305718,0,50799.29134763961
RUS_cluster_14560,RUS,55.880009496270205,37.31705034065312,0,23213.45311480487
RUS_cluster_14559,RUS,55.87428423917003,37.31701620044596,0,22639.000182188007
RUS_cluster_14576,RUS,55.62619249216283,36.99282374369008,0,12654.068901535253
RUS_cluster_14573,RUS,55.93846593667882,36.7073960999472,0,39356.087136153
RUS_cluster_14581,RUS,55.90627946550496,36.857674220258055,0,30404.987522539206
RUS_cluster_14565,RUS,56.13113428655076,37.501403239986665,0,50957.0446237229
RUS_cluster_14587,RUS,56.19239320183667,37.33798244968491,0,56000.11935355038
RUS_cluster_14510,RUS,55.52675337658124,37.21806399002534,0,18677.697736565795
RUS_cluster_14606,RUS,55.86817050699884,37.10265338681605,0,19972.715176664577
RUS_cluster_14595,RUS,55.887309779492455,37.75762243300048,0,43347.4272931045
RUS_cluster_14582,RUS,56.1792217559219,37.49631249142941,0,48142.3924813738
RUS_cluster_14611,RUS,56.23758766804171,37.52178881277937,0,43582.530912186005
RUS_cluster_14622,RUS,55.93807084674819,38.03242617048435,0,52982.165815736946
RUS_cluster_14596,RUS,55.612327703700366,36.96881428355259,0,14778.488523835447
RUS_cluster_14640,RUS,56.18865083770763,36.99380876344371,0,56243.720520683615
RUS_cluster_14663,RUS,55.918951957398114,37.37830140685798,0,28807.15862710177
RUS_cluster_14684,RUS,56.19835023765519,36.9622592868751,0,57687.788107795684
RUS_cluster_14634,RUS,55.71095272498156,36.68429937475294,0,29779.727013709715
RUS_cluster_14670,RUS,55.85694695253375,37.3191464173848,0,20987.99961083936
RUS_cluster_14718,RUS,55.959598534910285,37.19979671616483,0,29946.254786734728
RUS_cluster_14746,RUS,56.18912202856633,36.98969805606204,0,56342.36527294689
RUS_cluster_14687,RUS,55.70386042016467,37.02323614167369,0,8577.184914992891
RUS_cluster_14729,RUS,55.78623427571,37.23868554401668,0,11695.037436641882
RUS_cluster_14754,RUS,55.93869433316111,37.753484065565786,0,46255.37909907835
RUS_cluster_14749,RUS,55.68410430061502,37.2519968768416,0,5928.344185719465
RUS_cluster_14678,RUS,55.9598189760985,37.50552121279964,0,36903.946002314384
RUS_cluster_14789,RUS,55.684258735499,37.2563979664132,0,6199.595177484434
RUS_cluster_14767,RUS,55.80972333642611,37.28784947310819,0,15464.566258411234
RUS_cluster_14801,RUS,56.0843630664168,37.55807211455907,0,50317.242577202116
RUS_cluster_14800,RUS,55.90830558852573,37.93662352064514,0,54302.6502618478
RUS_cluster_14811,RUS,55.94291079714577,36.7142586131796,0,39398.653661744014
RUS_cluster_14794,RUS,55.93116722166676,37.18416038300072,0,26721.331082498527
RUS_cluster_14884,RUS,56.17056761421481,37.49542842608094,0,48710.55582969652
RUS_cluster_14848,RUS,56.185910317801145,36.9997068909325,0,55878.09345538964
RUS_cluster_14905,RUS,56.08094713587958,37.643870451599234,0,48370.62059830274
RUS_cluster_14915,RUS,55.94170907089482,37.34916866660315,0,30290.859088253095
RUS_cluster_14912,RUS,55.93110026456056,37.180766329121504,0,26701.902334627892
RUS_cluster_14752,RUS,55.75865062277213,36.85708508890239,0,20293.81075815536
RUS_cluster_14921,RUS,55.95823378454919,37.87452488286189,0,53134.16568604201
RUS_cluster_14932,RUS,55.80467203145639,36.988138290615495,0,16502.003362655567
RUS_cluster_14937,RUS,55.91569322777293,37.15935379260361,0,24951.82410534854
RUS_cluster_14987,RUS,55.93002145366249,37.19532716599453,0,26645.690629029898
RUS_cluster_15003,RUS,55.59680659405047,37.16214731514649,0,10509.641217497761
RUS_cluster_15084,RUS,56.00051528930775,36.47822084767158,0,54630.95985334308
RUS_cluster_14935,RUS,55.86446511626517,37.12537281856837,0,19365.09448569995
RUS_cluster_15085,RUS,56.328042800032506,36.55445171789368,0,80136.85444136897
RUS_cluster_15087,RUS,56.31815975637745,36.756980859947454,0,74034.2988018656
RUS_cluster_15089,RUS,56.35005351237702,36.71016497867517,0,78365.2000800369
RUS_cluster_14946,RUS,55.89080078924668,36.702887301497135,0,36091.564812123375
RUS_cluster_15092,RUS,56.31801658897823,36.81356060817856,0,72908.97390771803
RUS_cluster_15117,RUS,56.28662828568929,36.793171497175,0,69984.33636164635
RUS_cluster_14950,RUS,56.07400215417366,37.55485630438525,0,49220.422017204015
RUS_cluster_15173,RUS,55.554469750769584,37.084090590307135,0,15911.57378275926
RUS_cluster_15090,RUS,56.31633152803881,36.76134272890315,0,73751.95126422381
RUS_cluster_15181,RUS,55.59915376954951,36.689835685619805,0,31128.951832180916
RUS_cluster_15168,RUS,55.60662609879219,36.59763690958943,0,36414.611271516194
RUS_cluster_15182,RUS,55.645615875045344,36.81242879365604,0,22275.900155280237
RUS_cluster_15191,RUS,55.55593561859544,37.07152130455351,0,16006.826707695436
RUS_cluster_15183,RUS,55.48777049214891,36.91577638622238,0,27283.329204281752
RUS_cluster_15194,RUS,55.61254903850083,36.61090157762191,0,35440.35758006723
RUS_cluster_15200,RUS,55.65138483843474,36.73981094636744,0,26613.72740455987
RUS_cluster_15201,RUS,55.61688257310283,36.84160256753771,0,21521.073060229646
RUS_cluster_15177,RUS,55.55864732193751,36.68676947096678,0,33073.36672695454
RUS_cluster_15192,RUS,55.61332222690222,36.61308472880927,0,35286.103586947036
RUS_cluster_15216,RUS,55.49488418974351,36.91858090162526,0,26529.645756184014
RUS_cluster_15223,RUS,55.49920499876704,36.91768414054825,0,26167.57568990992
RUS_cluster_14522,RUS,55.85851337366825,37.32260861539783,0,21244.825959690246
RUS_cluster_15278,RUS,56.7587187539496,38.88928620291812,0,59318.3284196648
RUS_cluster_15279,RUS,56.71883984389012,38.80487380293586,0,52523.889480882426
RUS_cluster_15291,RUS,56.71691611054857,38.8168062025476,0,52940.91013245799
RUS_cluster_15287,RUS,56.71817392480864,38.81986822173766,0,53173.95752704166
RUS_cluster_15339,RUS,56.43643779452755,38.24213396278981,0,6031.063996066534
RUS_cluster_15252,RUS,55.55704576615776,36.70177037462147,0,32315.573718659758
RUS_cluster_15245,RUS,55.649087640796296,36.81682474213773,0,21920.76543341255
RUS_cluster_15345,RUS,56.39809594863926,38.29821508004379,0,8777.896926974548
RUS_cluster_15344,RUS,56.515247682929015,38.091101858873216,0,12439.489253872454
RUS_cluster_15338,RUS,56.57092634491404,37.43170743794147,0,48009.65746564817
RUS_cluster_15348,RUS,56.4399784452178,38.24228158032912,0,6243.561498631142
RUS_cluster_15357,RUS,56.30240197367752,38.18781062320564,0,12055.874490996308
RUS_cluster_15358,RUS,56.44065244340831,38.24951223614958,0,6659.936427744277
RUS_cluster_15359,RUS,56.398011414583294,38.294375407987445,0,8545.589986945963
RUS_cluster_15346,RUS,56.41701620566605,38.192159740857726,0,2317.3647369338114
RUS_cluster_15355,RUS,56.45348956478227,38.08616562151583,0,6553.060253882837
RUS_cluster_15387,RUS,56.514604452942486,38.84905626876562,0,44091.016305489975
RUS_cluster_15362,RUS,56.443944510066665,38.247212774537445,0,6740.628821977352
RUS_cluster_15393,RUS,56.44201601214528,38.24512341331028,0,6513.942262068459
RUS_cluster_15363,RUS,56.43983387849592,38.25735195806984,0,7031.925865968073
RUS_cluster_15391,RUS,56.72479497060846,37.63166427131696,0,47595.14222563971
RUS_cluster_15390,RUS,56.45301712847702,38.09660638194849,0,6103.179190077731
RUS_cluster_15402,RUS,56.32093856259487,38.22618909111599,0,10726.471117496754
RUS_cluster_15414,RUS,56.307052072498,38.19433885936704,0,11618.304494081685
RUS_cluster_15364,RUS,56.50010422031624,38.833305913669705,0,42757.99603187289
RUS_cluster_15427,RUS,56.304415563596685,38.19303543412339,0,11890.601841421993
RUS_cluster_15429,RUS,56.43692539561373,38.24941552441384,0,6448.918538423382
RUS_cluster_15421,RUS,56.29916353503956,38.18510317557661,0,12387.25498223175
RUS_cluster_15432,RUS,56.28370785286099,38.155056043845946,0,13985.136878034566
RUS_cluster_15468,RUS,56.526731482657794,37.60418588194377,0,36375.532708682855
RUS_cluster_15484,RUS,56.5133271264472,38.08736713086624,0,12315.657698602627
RUS_cluster_15447,RUS,56.40906808346931,38.1813457452536,0,1495.9419460260146
RUS_cluster_15530,RUS,56.41837020859473,38.18683524373709,0,2082.645250171222
RUS_cluster_15550,RUS,55.95760031739125,36.221377929877896,0,59118.61505556324
RUS_cluster_15505,RUS,56.43537014650081,38.24648872389764,0,6208.97669656581
RUS_cluster_15508,RUS,56.28381335368045,38.13144683963446,0,14061.589546888737
RUS_cluster_15553,RUS,55.9609184816621,36.22679966954778,0,59592.705872994346
RUS_cluster_15554,RUS,55.95726701513762,36.22877491523843,0,59272.411393274524
RUS_cluster_16154,RUS,46.46070709513104,41.56607413647249,0,10943.783227432516
RUS_cluster_15620,RUS,46.83545358084936,40.32779066257716,0,94667.95751367963
RUS_cluster_16383,RUS,47.41649012463903,40.25625222618513,0,140252.28732614205
RUS_cluster_15367,RUS,56.45218349856626,38.08988609397245,0,6292.968213334035
RUS_cluster_15582,RUS,47.31263222504262,40.33619043763157,0,127550.93582142508
RUS_cluster_16385,RUS,47.42323030351736,40.044080382809575,0,146885.86115353822
RUS_cluster_16355,RUS,47.27434165135544,38.95271629224185,0,72046.8213943265
RUS_cluster_16388,RUS,47.532265398910674,40.126990807799245,0,147441.8132227206
RUS_cluster_16384,RUS,47.45097960883454,40.12331245428428,0,149689.25625180136
RUS_cluster_16410,RUS,47.46977093986939,40.08043715466986,0,147037.83783988532
RUS_cluster_15430,RUS,56.45188535551026,38.09213949795408,0,6177.610044788476
RUS_cluster_16412,RUS,47.414725690928215,40.24973074379175,0,140416.00025924708
RUS_cluster_16430,RUS,47.45131211278666,40.12611054718644,0,149576.587425425
RUS_cluster_16476,RUS,47.523818270617056,40.13702901666876,0,148496.1653475585
RUS_cluster_16457,RUS,47.52360984211154,40.125627527498814,0,147714.3290416463
RUS_cluster_16393,RUS,47.52780468513973,40.12822682935664,0,147716.08396733087
RUS_cluster_16451,RUS,47.47623485688059,40.05146133598932,0,144761.60590559937
RUS_cluster_16465,RUS,47.42745390149653,40.04592677403252,0,146793.10425310745
RUS_cluster_16571,RUS,47.04979261502382,39.70792490895359,0,133806.60656893294
RUS_cluster_16608,RUS,47.36736564398899,39.90573437690568,0,140883.4726835666
RUS_cluster_16670,RUS,47.41941366319099,39.24298572138751,0,92075.72373430118
RUS_cluster_16572,RUS,47.32632396040791,39.78728112526338,0,133506.77439717922
RUS_cluster_16651,RUS,47.4208494465278,39.24364233955959,0,92124.8802533504
RUS_cluster_16463,RUS,47.52343383129188,40.1305672147751,0,148064.3223617149
RUS_cluster_16566,RUS,47.07390536596166,39.54686263738738,0,121386.6263766512
RUS_cluster_16710,RUS,47.33250391443036,39.72227207011751,0,128567.00251505584
RUS_cluster_16743,RUS,47.073048534854,39.43835124314334,0,113667.08748318617
RUS_cluster_16805,RUS,48.0558885520315,39.95666329704496,0,102837.78769909234
RUS_cluster_16807,RUS,48.02130974127679,39.86192510292151,0,100929.06930928638
RUS_cluster_16822,RUS,47.73639963846374,40.26132307875009,0,144367.09544355219
RUS_cluster_16812,RUS,47.90222925382347,40.088073588150486,0,121983.78195718321
RUS_cluster_16677,RUS,47.30414075246965,39.71452058617505,0,128283.2737173762
RUS_cluster_16859,RUS,48.02627003145992,39.8634563131664,0,100582.43515309753
RUS_cluster_16860,RUS,47.90247338864929,40.05762617238916,0,120453.40770972514
RUS_cluster_16810,RUS,47.73252402318075,40.26074470058725,0,144664.9737004546
RUS_cluster_16867,RUS,47.57027878211677,40.12857651072167,0,146005.44742732059
RUS_cluster_16872,RUS,47.776214430703845,39.87626552314888,0,121170.92472543346
RUS_cluster_16875,RUS,47.69799745931808,40.100809304927246,0,139608.41971776274
RUS_cluster_16564,RUS,47.07445281369568,39.536979660062165,0,120658.50731683115
RUS_cluster_16874,RUS,47.78574191660015,39.91726565786925,0,123914.39847973736
RUS_cluster_16879,RUS,47.72988028531958,40.282819099351634,0,145969.10689389164
RUS_cluster_16922,RUS,47.90226458084915,40.08103585797871,0,121629.79677738747
RUS_cluster_16907,RUS,47.784026989556295,39.91777459204931,0,123993.60508311803
RUS_cluster_16901,RUS,47.78772121672751,39.911919207706674,0,123476.37193814489
RUS_cluster_16960,RUS,47.55566704632882,40.11905020202696,0,145921.5404418133
RUS_cluster_16926,RUS,47.56844282530251,40.13153500749802,0,146285.26598538653
RUS_cluster_17023,RUS,47.74191074142352,40.180759457043486,0,140020.44759809648
RUS_cluster_17033,RUS,47.72708495838309,40.277571273388,0,145945.68912142437
RUS_cluster_17052,RUS,48.194261237151615,40.753968383078295,0,143312.69426489505
RUS_cluster_16928,RUS,47.73171293560666,40.28268662775236,0,145809.20276133696
RUS_cluster_17050,RUS,48.182662727022894,40.75845920985118,0,144150.58960770405
RUS_cluster_17172,RUS,48.40298495007621,40.28358052930598,0,102307.41284692775
RUS_cluster_17090,RUS,48.27925283747973,41.05861947615066,0,160954.20888179762
RUS_cluster_17207,RUS,48.30357944585936,39.92615708803536,0,83521.46276163358
RUS_cluster_17208,RUS,48.39959099279292,40.29118971164461,0,102964.61462845987
RUS_cluster_17177,RUS,48.328188119020886,39.96241548478773,0,84349.4516047621
RUS_cluster_17652,RUS,45.8641709874144,40.09209604890327,0,106084.67099451425
RUS_cluster_17639,RUS,45.968906588390944,40.642203808429535,0,79939.86613317914
RUS_cluster_17648,RUS,45.8712793352328,40.14342102260227,0,104215.78141165993
RUS_cluster_17880,RUS,43.91909336852785,41.17891998132727,0,135465.85615694095
RUS_cluster_17323,RUS,46.54887308852656,39.59099035954436,0,141001.71679323734
RUS_cluster_17201,RUS,48.14554388252815,40.18124792593407,0,109048.62700138227
RUS_cluster_17820,RUS,43.808647410392986,41.38905884863048,0,150562.5230208771
RUS_cluster_17910,RUS,44.17905339785381,40.839894253080935,0,105802.02707566408
RUS_cluster_18020,RUS,44.60539073865137,41.96466735560304,0,98397.01656868384
RUS_cluster_18021,RUS,44.5998080292983,41.96193602340145,0,98594.09030530752
RUS_cluster_18015,RUS,44.6643211506708,41.91038724692956,0,91089.68276959968
RUS_cluster_18018,RUS,44.63970493126209,41.95511145208151,0,95556.9371617528
RUS_cluster_18028,RUS,44.60051759375353,41.96793148447132,0,98927.32244526049
RUS_cluster_18107,RUS,44.62674895208264,41.99165440666029,0,98753.82355230353
RUS_cluster_18125,RUS,44.59664950092322,41.95981529922299,0,98670.97169367557
RUS_cluster_18117,RUS,44.63511047960471,41.985150188892405,0,97803.00792192899
RUS_cluster_18191,RUS,45.0598133296818,41.90875459644563,0,75158.16787436973
RUS_cluster_17096,RUS,48.04748740015148,40.274258468027135,0,121116.15510222172
RUS_cluster_18197,RUS,45.29667482713506,41.49003962251968,0,45890.951794093955
RUS_cluster_18402,RUS,44.05110893391154,41.94217895367774,0,142858.7159873602
RUS_cluster_18312,RUS,45.29391228769101,41.50305109272784,0,46699.907267582
RUS_cluster_18516,RUS,44.23026346676749,38.89466378754056,0,156824.37029960012
RUS_cluster_18198,RUS,45.303026457642126,41.48612635259305,0,45906.31207702295
RUS_cluster_18481,RUS,44.79384151149485,39.223648101828246,0,141246.18363374067
RUS_cluster_18555,RUS,44.12027313283768,39.05420644855653,0,174461.19312354128
RUS_cluster_18026,RUS,44.66144010045162,41.91089863031117,0,91305.71117358911
RUS_cluster_18560,RUS,44.172085339820114,39.00141017477417,0,167395.46003981255
RUS_cluster_18194,RUS,45.11486818066096,41.9767766322284,0,80098.57742656842
RUS_cluster_18587,RUS,44.17048111059216,39.00364931233601,0,167647.8610910401
RUS_cluster_18576,RUS,44.17835380173219,38.94578762468841,0,163811.41334775547
RUS_cluster_18651,RUS,44.578767280211096,40.14017650516937,0,88609.60327490461
RUS_cluster_18553,RUS,44.2001409997236,38.88623756095348,0,158792.68631573254
RUS_cluster_18889,RUS,44.97845916057435,41.11676807052018,0,20786.620594885375
RUS_cluster_18866,RUS,45.11910096747113,41.01056085380188,0,4366.1673622636845
RUS_cluster_18938,RUS,44.96990783968892,41.12632930307043,0,21998.80148445942
RUS_cluster_18840,RUS,44.78375872376272,40.54842396153576,0,49850.785343810836
RUS_cluster_19139,RUS,45.3718361371738,40.68163724896961,0,34682.08366646332
RUS_cluster_19048,RUS,45.4233140220146,40.534575887121456,0,46620.559052504505
RUS_cluster_18595,RUS,44.42269594603867,39.676717454107134,0,127786.70382976948
RUS_cluster_19271,RUS,43.51403528088964,39.87237345895764,0,198987.79358401222
RUS_cluster_19248,RUS,43.4225627417984,39.96399301807682,0,205315.13614640772
RUS_cluster_19284,RUS,43.501669690403766,39.890556980033935,0,199613.30978340554
RUS_cluster_19254,RUS,43.51870807575695,39.85689326851899,0,199055.84172222228
RUS_cluster_19549,RUS,50.36038264623948,41.00711723151318,0,100785.40529236461
RUS_cluster_19644,RUS,50.77724356227086,41.99102658753971,0,63724.30220640869
RUS_cluster_19274,RUS,43.51117033626729,39.87280195456477,0,199261.12085781893
RUS_cluster_19516,RUS,49.94729994471325,40.49232628517392,0,142156.99201129848
RUS_cluster_19926,RUS,50.2082330204078,39.57450793318267,0,107844.12797709463
RUS_cluster_19650,RUS,50.78883562827638,41.99519044799968,0,64722.05484610523
RUS_cluster_20068,RUS,50.806301232301536,40.63860220825283,0,139143.72261561474
RUS_cluster_19953,RUS,50.1916645556631,39.62011433792164,0,110945.41455358657
RUS_cluster_19562,RUS,50.39938968300407,41.01876962193561,0,100434.85689491502
RUS_cluster_20365,RUS,49.06462711874233,40.35291782729316,0,108238.56255073247
RUS_cluster_20058,RUS,50.81019619382275,40.63387383276911,0,139625.9911354945
RUS_cluster_20126,RUS,51.0522851823126,39.755838104281686,0,158175.89077231535
RUS_cluster_20404,RUS,45.26180720657614,37.40736209869783,0,8045.196523287384
RUS_cluster_20439,RUS,45.25964668486246,37.40654910513934,0,8025.4268422616515
RUS_cluster_20599,RUS,46.69309877376006,38.25479621997712,0,82219.09488282265
RUS_cluster_20521,RUS,45.27087526009995,38.09741146767406,0,46626.394253819206
RUS_cluster_20593,RUS,46.68696966869101,38.25574558836507,0,82900.24132982314
RUS_cluster_20591,RUS,46.68351978272865,38.26048520261307,0,83352.95026596122
RUS_cluster_21034,RUS,44.887804740651774,37.4698881837188,0,38885.03472215017
RUS_cluster_21076,RUS,44.80658248659707,38.8703476637837,0,117575.43475728869
RUS_cluster_20917,RUS,46.05319505645984,38.21429122424697,0,106272.59815260528
RUS_cluster_20667,RUS,46.73614490255749,38.568903522857056,0,86189.54538958753
RUS_cluster_21080,RUS,44.30619978609992,38.7447188755264,0,142480.76433890912
RUS_cluster_21043,RUS,44.88776652694487,37.46771454458839,0,38901.3181510524
RUS_cluster_21088,RUS,44.86241573130961,38.13678309139914,0,64846.906518514515
RUS_cluster_20719,RUS,46.70227567380638,38.25434962355926,0,81215.5362623223
RUS_cluster_21085,RUS,44.80704175967149,38.87246680236503,0,117706.47425139388
RUS_cluster_21105,RUS,44.54529049675385,38.080008908234014,0,89281.76259926744
RUS_cluster_21348,RUS,45.64193545224964,38.93814906694463,0,120643.77812594056
RUS_cluster_21231,RUS,44.74962333927826,37.74535831738587,0,57395.117099704796
RUS_cluster_21399,RUS,45.4022044065299,38.407333712030585,0,73006.88328409182
RUS_cluster_21534,RUS,45.09882862734971,39.16974150290845,0,131502.23038926793
RUS_cluster_21524,RUS,44.914154197213314,38.90874913753059,0,116006.78611897797
RUS_cluster_21537,RUS,44.98818115347875,38.92761719433515,0,115099.31732618467
RUS_cluster_21525,RUS,45.097210439510405,39.17190420305449,0,131693.5253225872
RUS_cluster_21540,RUS,45.05506604753954,38.889940297642,0,110572.96090022603
RUS_cluster_21471,RUS,45.41275864992,38.43222060538293,0,75181.91751583171
RUS_cluster_21551,RUS,44.97666320518608,38.94388489751085,0,116660.74572172471
RUS_cluster_21591,RUS,44.92279300100151,38.903709336284784,0,115328.29930966334
RUS_cluster_21538,RUS,45.091354497299314,39.12230942306149,0,127920.60300473026
RUS_cluster_21636,RUS,44.91336845096773,38.90415875217025,0,115691.89801636756
RUS_cluster_21680,RUS,44.9146744560162,38.90732564385,0,115882.13106541005
RUS_cluster_21603,RUS,45.09033059500111,39.11952819449725,0,127719.89681687862
RUS_cluster_21693,RUS,45.05050206238306,38.86238890210389,0,108549.18066917497
RUS_cluster_21596,RUS,45.099595693750885,39.09926405107173,0,126005.48736911213
RUS_cluster_21731,RUS,45.055471291256,38.892343125441,0,110749.64677590883
RUS_cluster_21645,RUS,45.21755388222972,39.649215478135,0,102934.6101892067
RUS_cluster_21869,RUS,45.09912812130731,39.167657749618925,0,131335.77330348897
RUS_cluster_21967,RUS,44.83880343099897,38.93386365520862,0,120765.5603047616
RUS_cluster_21963,RUS,44.842956037022496,38.93531139752432,0,120699.37390877752
RUS_cluster_21970,RUS,44.83847718715903,38.93486723170209,0,120852.51742508904
RUS_cluster_21961,RUS,44.84085364977136,38.933713585434376,0,120669.38340694236
RUS_cluster_20607,RUS,46.68730974073912,38.260464610896605,0,82941.3481940338
RUS_cluster_22073,RUS,45.60526003053141,38.99756867064846,0,123579.86016680124
RUS_cluster_22084,RUS,45.60331575614922,38.996338090944725,0,123419.5812714923
RUS_cluster_22000,RUS,45.267907778762336,39.7921005881393,0,92536.5573511988
RUS_cluster_21988,RUS,44.81406460237562,38.94429962043198,0,122579.6062759365
RUS_cluster_22180,RUS,44.9624607670758,37.288048137250975,0,34877.07946769474
RUS_cluster_5059,RUS,61.64000669774702,40.30387719950589,0,402676.2161438622
RUS_cluster_5103,RUS,62.77174696095105,40.30547937265529,0,525651.0802660853
RUS_cluster_5104,RUS,62.58744531857336,39.842710537520574,0,501560.5397959073
RUS_cluster_5142,RUS,58.81299257468717,41.03203790431683,0,118521.45010104067
RUS_cluster_5126,RUS,62.58942411563781,39.84993393736168,0,501830.69754896726
RUS_cluster_5166,RUS,58.81868007091714,41.02728517440788,0,119153.11496897307
RUS_cluster_5222,RUS,57.44728455786145,41.171747996338105,0,34479.71325593639
RUS_cluster_5218,RUS,57.44306031350133,41.15374191545995,0,34679.64422952896
RUS_cluster_5217,RUS,57.43033938169963,41.15731231408252,0,36106.472430550355
RUS_cluster_5237,RUS,57.37558100279458,41.27402857510244,0,43918.39556460366
RUS_cluster_5277,RUS,57.50824778672765,41.259853223758185,0,30039.516040240364
RUS_cluster_5155,RUS,59.01977600233917,40.28814466472896,0,134167.45030198424
RUS_cluster_5236,RUS,57.27252080321247,41.11562062219097,0,36959.086761248356
RUS_cluster_5282,RUS,57.21278611745171,41.91027191293709,0,53115.332408498965
RUS_cluster_5292,RUS,57.21635092538352,41.88586647728109,0,52514.66974093485
RUS_cluster_5294,RUS,57.21265707980685,41.88902897001352,0,52306.76387347836
RUS_cluster_5304,RUS,57.73700951484232,40.90651161912043,0,7071.475080527795
RUS_cluster_5302,RUS,57.79861777333354,40.99683229000783,0,5951.911192034796
RUS_cluster_5306,RUS,57.80283227304934,41.099786419478136,0,7648.630557131252
RUS_cluster_5308,RUS,57.73353148519799,41.06024675787416,0,2621.0303004188368
RUS_cluster_5312,RUS,57.78670728863938,40.86644687701077,0,10337.505972629455
RUS_cluster_5339,RUS,57.73774715160491,40.80744182702549,0,12903.254292432523
RUS_cluster_5309,RUS,57.72334210081593,40.98860803826913,0,3381.863835665887
RUS_cluster_5351,RUS,57.75231047777709,40.86476778114105,0,9474.760003691317
RUS_cluster_5378,RUS,57.73898635380458,41.05461029198833,0,2020.8741317848692
RUS_cluster_5376,RUS,57.734289482500586,41.06822163375055,0,2978.967000387506
RUS_cluster_5320,RUS,57.80526065732605,41.10145723512319,0,7925.750827849316
RUS_cluster_5355,RUS,57.78072151868773,40.87572594026089,0,9563.865618453
RUS_cluster_5372,RUS,57.80260140508829,40.925863101825165,0,8487.38811190659
RUS_cluster_5434,RUS,59.20438080768198,39.17751404580599,0,124961.39807033305
RUS_cluster_5408,RUS,57.44045547869142,40.31039735093496,0,30244.607078542693
RUS_cluster_5488,RUS,59.97143894905179,40.181135969846,0,224367.03187787472
RUS_cluster_5491,RUS,59.94478751375416,40.22171610032954,0,222593.2786213823
RUS_cluster_5487,RUS,59.950951849488,40.23521183749219,0,223530.40470966746
RUS_cluster_5469,RUS,59.06285747493621,37.91989207290981,0,113207.26991641313
RUS_cluster_5510,RUS,59.1871556506482,39.93141046695969,0,140629.76909613528
RUS_cluster_5479,RUS,59.0889565671555,37.93362160718641,0,115622.05894308987
RUS_cluster_5515,RUS,59.473404678584885,40.119322554368445,0,173360.16378018283
RUS_cluster_5523,RUS,59.1147102182624,40.045317604139925,0,136320.51747659105
RUS_cluster_5516,RUS,59.29459986111133,39.671162019735775,0,143976.14222024457
RUS_cluster_5528,RUS,59.18831322480887,39.84148643963329,0,138044.75585235198
RUS_cluster_5533,RUS,59.19410140213903,39.52975804267422,0,130482.44425930195
RUS_cluster_5536,RUS,59.29028549583917,39.670880899947335,0,143534.46019813934
RUS_cluster_5558,RUS,59.23201504656082,39.9428635076506,0,145195.7646650412
RUS_cluster_5526,RUS,59.4405493307149,40.149704362823954,0,171094.24736711945
RUS_cluster_5564,RUS,59.25017304084395,39.9202566364293,0,146248.76711109866
RUS_cluster_5578,RUS,59.09877138129168,39.95724213621932,0,132551.4615192617
RUS_cluster_5541,RUS,59.22338576657831,39.94330033446765,0,144394.76840641838
RUS_cluster_5576,RUS,59.248049459965294,39.84819513442956,0,143978.99240743855
RUS_cluster_5547,RUS,59.25060857770575,39.84389942256389,0,144106.39736035405
RUS_cluster_5581,RUS,59.24821679550615,39.841293798287126,0,143801.97247871905
RUS_cluster_5611,RUS,59.24588285779432,39.84043883123154,0,143552.07351964063
RUS_cluster_5636,RUS,59.18162232515668,39.927700870254334,0,139997.88879939265
RUS_cluster_5630,RUS,59.204661156582375,39.97363344919301,0,143570.03577150215
RUS_cluster_5639,RUS,59.21606272687664,39.81475082795053,0,139946.68302431935
RUS_cluster_5659,RUS,59.2461682501192,39.91710703368868,0,145774.82589363056
RUS_cluster_21983,RUS,44.8148772710266,38.94585448401005,0,122657.14986059727
RUS_cluster_5669,RUS,59.11949326854648,40.0539413364722,0,137015.93633319193
RUS_cluster_5671,RUS,59.17633484437702,39.98410063688426,0,141043.3149087897
RUS_cluster_5599,RUS,59.45711308115531,40.0883220999584,0,170915.6548369566
RUS_cluster_5736,RUS,58.03823035616207,38.7895597645513,0,12409.145092210189
RUS_cluster_5676,RUS,59.14567101068194,40.05002959650248,0,139529.49446400357
RUS_cluster_5739,RUS,58.03905116003122,38.8014838167739,0,12859.493808477633
RUS_cluster_5723,RUS,58.038779646193,38.7851705995992,0,12182.39680642427
RUS_cluster_5743,RUS,57.96992140689356,39.224618413176366,0,13167.945639065432
RUS_cluster_5754,RUS,58.06360390986226,38.7763336255632,0,9990.806856680227
RUS_cluster_5747,RUS,58.06585216222906,38.7927042912865,0,10652.8056860171
RUS_cluster_5744,RUS,58.04931781164159,38.89823945190966,0,8059.256052861849
RUS_cluster_5764,RUS,58.03883337808893,38.79764406754113,0,12708.422324883697
RUS_cluster_5784,RUS,58.01483032849283,38.84289456308812,0,10206.719951657775
RUS_cluster_5768,RUS,57.85787732841906,39.485364019967314,0,32600.216557676573
RUS_cluster_5789,RUS,58.038988913158775,38.85902608031773,0,9708.652276926965
RUS_cluster_5774,RUS,58.09435630887519,38.76774921212144,0,7975.218932169344
RUS_cluster_5797,RUS,58.04243038206746,38.78739736171504,0,11994.309635714848
RUS_cluster_5817,RUS,58.094000092421744,38.68457800496037,0,3661.3287554404574
RUS_cluster_5762,RUS,58.025181004377245,38.85167909786114,0,9787.10014742975
RUS_cluster_5842,RUS,58.023248520065614,38.86184700437504,0,9164.636926493966
RUS_cluster_5833,RUS,58.02349178282172,38.82909501890365,0,11082.79144058065
RUS_cluster_5805,RUS,58.01690975167133,38.84004935566809,0,10382.372684943786
RUS_cluster_5863,RUS,58.10208986092545,38.74710769258137,0,6573.675910609949
RUS_cluster_5906,RUS,58.08564759204748,38.69390707744304,0,4702.294905841354
RUS_cluster_5902,RUS,58.09294907546402,38.77169204412628,0,8243.935603310783
RUS_cluster_5830,RUS,58.03766535886146,38.87571685459757,0,8729.172076669682
RUS_cluster_5930,RUS,57.53099169804389,38.98850962944141,0,45158.12486906963
RUS_cluster_5967,RUS,58.09202393775906,38.77088341075025,0,8231.805059741579
RUS_cluster_5998,RUS,57.573825005539405,39.83715858820709,0,7403.227968484112
RUS_cluster_5988,RUS,57.68310436123192,39.89251957872123,0,19233.143012119774
RUS_cluster_6000,RUS,57.55087400516109,40.1615395748446,0,24976.0272022367
RUS_cluster_6009,RUS,57.54777414091568,39.814486046821365,0,4631.390107413727
RUS_cluster_6010,RUS,57.55688148036027,39.95666815495,0,13000.631703348337
RUS_cluster_6017,RUS,57.710218380802594,39.89543232767536,0,22026.79552448964
RUS_cluster_6019,RUS,57.68729682252636,39.8112398306849,0,18011.421364994774
RUS_cluster_5932,RUS,58.04695790208293,38.75091815476039,0,10143.227040038313
RUS_cluster_6002,RUS,57.72937413643208,39.81531631493434,0,22642.97272682422
RUS_cluster_6023,RUS,57.72151388558543,39.83304675531583,0,22012.044834158944
RUS_cluster_6044,RUS,57.72185454955858,39.8274635043112,0,21972.14908063232
RUS_cluster_6049,RUS,57.44212432247004,39.762741477322166,0,9746.301082804128
RUS_cluster_6088,RUS,57.573033330797394,39.83407348391549,0,7207.841623856257
RUS_cluster_6025,RUS,57.29356997710115,39.54157399181844,0,20401.403795838713
RUS_cluster_6056,RUS,57.29633117462838,39.54270516452939,0,20328.127194014105
RUS_cluster_6097,RUS,57.7082613534614,39.89462398385847,0,21808.563189075114
RUS_cluster_6098,RUS,57.706806006452496,39.89180000614429,0,21592.393595507077
RUS_cluster_6127,RUS,57.67289604248531,40.01697116945097,0,22753.484422102676
RUS_cluster_6105,RUS,57.2932344103729,39.53909141246667,0,20551.473381953787
RUS_cluster_6085,RUS,57.63637730429406,39.97140922844205,0,18001.82150773504
RUS_cluster_6169,RUS,57.73629013004054,39.80949868541325,0,23339.611651701925
RUS_cluster_6147,RUS,57.786364031315294,39.73641417818104,0,28593.94095256958
RUS_cluster_6183,RUS,57.72356226036439,39.83560531259036,0,22269.70497993405
RUS_cluster_6175,RUS,57.26591272957309,39.54068323700076,0,20760.088806115367
RUS_cluster_6135,RUS,57.598735893759525,39.97795809285408,0,15898.470240408666
RUS_cluster_6198,RUS,57.71935924810581,39.83034333454352,0,21741.27639182432
RUS_cluster_6262,RUS,59.20509283617375,37.09971466165111,0,150262.4793164293
RUS_cluster_6249,RUS,61.79661163540011,36.50974172124575,0,426007.0188882146
RUS_cluster_6254,RUS,61.00150545754018,36.43473130870406,0,343975.45923906134
RUS_cluster_6335,RUS,59.2169348915026,37.8675946699406,0,130265.97131995564
RUS_cluster_6328,RUS,59.21538414736148,37.86451924886491,0,130165.31136583243
RUS_cluster_6293,RUS,59.14716480870384,37.56868445986872,0,130295.03925990786
RUS_cluster_6265,RUS,59.14528595434261,37.391007551084925,0,135307.39789129747
RUS_cluster_6013,RUS,57.54330420463352,39.96308474565547,0,13111.196093669218
RUS_cluster_6348,RUS,59.19126041111144,37.94563089833511,0,126086.91824801144
RUS_cluster_6342,RUS,59.16203673778428,37.92215226942307,0,123465.06589264271
RUS_cluster_6366,RUS,59.19497737399704,37.94629898590152,0,126465.94851897945
RUS_cluster_6385,RUS,64.5356959033819,39.808959631550266,0,716520.8847582752
RUS_cluster_6403,RUS,64.58762936987041,39.891452152330565,0,722657.6692086929
RUS_cluster_6386,RUS,64.56851989194635,39.87079364603596,0,720443.7806083619
RUS_cluster_6326,RUS,59.21112712989471,37.86627432477745,0,129686.88914184505
RUS_cluster_6398,RUS,64.55451492234465,39.87556096301798,0,718917.4513583451
RUS_cluster_6406,RUS,64.53177852012736,40.33527216791402,0,719046.4407356472
RUS_cluster_6415,RUS,64.6132455025744,39.84440252526812,0,725267.4796045562
RUS_cluster_6418,RUS,64.45383093224856,40.63118013831945,0,712628.8951591026
RUS_cluster_6426,RUS,64.60941132898984,39.8405721442045,0,724825.3311323444
RUS_cluster_6422,RUS,64.5923842551807,40.712588060571655,0,728468.0077049133
RUS_cluster_6435,RUS,64.39517633465063,40.61892514254448,0,706099.0286614306
RUS_cluster_6216,RUS,57.1907665687669,39.35059942260664,0,34056.33498461408
RUS_cluster_6431,RUS,64.53513249660384,40.32803643413583,0,719367.8562644834
RUS_cluster_6446,RUS,64.41355197918612,40.80115482183,0,709619.2201641035
RUS_cluster_6469,RUS,64.29499943307772,41.92368100968841,0,708998.7297461975
RUS_cluster_6439,RUS,64.42216147075341,40.78080432665899,0,710386.8832065692
RUS_cluster_6470,RUS,64.22405776475124,41.65283503124529,0,697944.3231300446
RUS_cluster_6440,RUS,64.46091530882632,40.65610179069861,0,713603.4941241022
RUS_cluster_6473,RUS,63.92920794497295,38.06245209962794,0,647124.3567521514
RUS_cluster_6482,RUS,54.11710629414925,36.36806508831527,0,111059.97026605615
RUS_cluster_6471,RUS,64.2952914136025,41.916633374048594,0,708937.4199539932
RUS_cluster_6552,RUS,54.02438806657055,37.49033120137526,0,91667.25614280064
RUS_cluster_6562,RUS,54.19664097726208,37.53378153007344,0,72313.7258619975
RUS_cluster_6548,RUS,54.24381643962446,37.61306619709807,0,66666.92131909098
RUS_cluster_6477,RUS,53.73730374603349,36.68028031615538,0,138449.0186306622
RUS_cluster_6495,RUS,53.93990856849789,36.674143322986026,0,119031.60610977076
RUS_cluster_6579,RUS,54.46925744683155,37.3439520449959,0,46295.47253629681
RUS_cluster_6581,RUS,54.20292054012771,37.534284306476025,0,71616.29599105744
RUS_cluster_6591,RUS,54.15639425237416,36.9420254627193,0,89364.02218323761
RUS_cluster_6532,RUS,53.72298547862406,37.27064221454469,0,127072.74162477495
RUS_cluster_6597,RUS,54.14776139179816,37.56892880721712,0,77506.76789672507
RUS_cluster_6564,RUS,54.16434289547443,37.45147311545169,0,76645.77673199351
RUS_cluster_6605,RUS,54.273637452785415,37.45420507932443,0,64681.19115219146
RUS_cluster_6606,RUS,54.47186018962341,37.33340025807089,0,46341.56001949537
RUS_cluster_6610,RUS,54.2646218126902,37.495566168197165,0,65170.0502035483
RUS_cluster_6607,RUS,54.25033504381851,37.57009256147166,0,66134.06213190942
RUS_cluster_6612,RUS,54.2897570077831,37.44771106307641,0,63018.793720360205
RUS_cluster_6611,RUS,54.13247920081788,37.58165810867524,0,79142.83694632484
RUS_cluster_6651,RUS,53.853365639091855,37.477732430066176,0,110655.34167516687
RUS_cluster_6638,RUS,54.139470322207465,37.58517956384223,0,78352.36164842997
RUS_cluster_6665,RUS,54.24719716055674,37.60713158660326,0,66310.82393070843
RUS_cluster_6670,RUS,54.16016753623146,36.943390567667535,0,88958.87274432239
RUS_cluster_6577,RUS,54.27410626637099,37.45002785766587,0,64686.60341057787
RUS_cluster_6673,RUS,54.36753741102482,37.65583507862774,0,52835.99795094154
RUS_cluster_6647,RUS,54.46855498458349,37.337727171747765,0,46543.795191572935
RUS_cluster_6678,RUS,54.46608999669154,37.33131549991075,0,46974.6619315743
RUS_cluster_6650,RUS,54.02476344731391,37.49252977490049,0,91608.6778653127
RUS_cluster_6702,RUS,54.19755032734324,37.535631694486206,0,72199.66117941143
RUS_cluster_6724,RUS,54.49503864943004,36.18027530527582,0,87030.88267663948
RUS_cluster_6732,RUS,54.49063281264535,36.99621843534735,0,56224.84895934075
RUS_cluster_6730,RUS,54.50367120581749,37.120454027035485,0,51326.00170370959
RUS_cluster_6733,RUS,54.52358548098037,37.034427275331005,0,52017.74908463362
RUS_cluster_6728,RUS,54.46395407115533,36.03030437857938,0,96835.38293890847
RUS_cluster_6757,RUS,54.54381855060097,36.2414330744984,0,80596.69511595923
RUS_cluster_6735,RUS,54.52820916040544,37.08434516879113,0,50747.300728393435
RUS_cluster_6767,RUS,54.5094421040272,36.31797471649162,0,79161.15816792878
RUS_cluster_6745,RUS,54.50371628794047,37.134481150247005,0,50714.52177699848
RUS_cluster_6802,RUS,54.49935847858809,37.12195456053915,0,51615.49735262229
RUS_cluster_6787,RUS,54.504520951401226,36.315386568351656,0,79647.55125701132
RUS_cluster_6770,RUS,54.48615033243209,36.99700558874844,0,56687.32642888756
RUS_cluster_6803,RUS,54.48602117744127,36.99914093870361,0,56661.613593443995
RUS_cluster_6844,RUS,54.49722834668875,36.27841332561361,0,81980.85257419504
RUS_cluster_6737,RUS,54.53485498698358,36.1690758115038,0,84952.6593970193
RUS_cluster_6856,RUS,54.488945902583,37.69335200063852,0,39385.382587409855
RUS_cluster_6872,RUS,55.235972030763136,37.97410350103272,0,24495.777277277994
RUS_cluster_6857,RUS,54.48201000916488,37.68522585366788,0,40132.96705004368
RUS_cluster_6886,RUS,55.10872863799194,37.41919564693886,0,18357.230386286934
RUS_cluster_6887,RUS,55.18885632661485,37.87368749529114,0,32684.51202833853
RUS_cluster_6901,RUS,55.27325197018836,37.83706011102612,0,30810.92055361102
RUS_cluster_6809,RUS,54.49099833674612,36.98403913687963,0,56419.6453725337
RUS_cluster_6913,RUS,55.41150370418639,37.47138386547677,0,36820.82938490608
RUS_cluster_6873,RUS,54.90955268122709,37.35958708302217,0,9934.151659809646
RUS_cluster_6918,RUS,55.17734258840245,37.58498469866159,0,30968.17724788526
RUS_cluster_6930,RUS,54.97069015940298,37.95523576117022,0,23526.63217004529
RUS_cluster_6912,RUS,55.09788677241273,37.552060784647246,0,23542.4501544276
RUS_cluster_6926,RUS,55.32654804107044,37.49091253800568,0,42013.52860186744
RUS_cluster_6937,RUS,54.89038580088428,37.118819254834754,0,12627.853542802097
RUS_cluster_6944,RUS,55.17486425084742,37.588608095310704,0,30927.454145725464
RUS_cluster_6936,RUS,54.85044186732513,37.5281907618043,0,8622.798190792622
RUS_cluster_6952,RUS,55.18162921240811,37.57918609229965,0,31068.32664913398
RUS_cluster_6954,RUS,55.24074396923312,37.544051089635154,0,34972.60857192474
RUS_cluster_6951,RUS,55.24026716838621,37.540390424151575,0,34804.554454252204
RUS_cluster_6985,RUS,55.07265168436151,37.84301026306535,0,28055.751940089693
RUS_cluster_6980,RUS,54.904087837131726,37.36128163379872,0,10454.389698231691
RUS_cluster_6967,RUS,54.84738595135948,37.48306540726352,0,11480.949184216732
RUS_cluster_6991,RUS,55.16745124620613,37.43199640455641,0,24347.872409949123
RUS_cluster_6962,RUS,55.05917999703652,37.6048711372902,0,24349.502688710952
RUS_cluster_7000,RUS,55.23487156640666,37.97029927675001,0,24765.40175132785
RUS_cluster_6994,RUS,55.25555005697387,37.48510006020949,0,34614.39716304986
RUS_cluster_7019,RUS,55.091191602109504,37.02218334269104,0,19599.87717046474
RUS_cluster_7005,RUS,55.41127731542877,37.18329918663262,0,31176.492711594805
RUS_cluster_7039,RUS,54.73457666390891,37.386823811433935,0,21359.64385321682
RUS_cluster_7040,RUS,55.279957564124906,37.63519427435336,0,41819.01590681867
RUS_cluster_7027,RUS,55.1477612394689,37.271749388014975,0,19340.392540811576
RUS_cluster_7093,RUS,55.17205165180874,37.23764587484039,0,22020.86295478448
RUS_cluster_7103,RUS,55.27003496437416,37.83586023112465,0,30986.33775428495
RUS_cluster_7059,RUS,55.309567060048224,37.521459430641066,0,41030.555731463784
RUS_cluster_6948,RUS,54.84648599152776,37.639079047367126,0,1539.3653851685967
RUS_cluster_7122,RUS,54.93524234483521,37.38501702139821,0,9521.332451355778
RUS_cluster_7075,RUS,55.18029522268713,37.57553962147892,0,30803.018344843134
RUS_cluster_7117,RUS,55.15361977612204,37.44239682712042,0,23339.43675714537
RUS_cluster_7134,RUS,55.16978268557196,37.23952307921595,0,21764.02813276058
RUS_cluster_7123,RUS,55.32524303223406,37.34699861907717,0,39497.27184425492
RUS_cluster_7196,RUS,54.83046352754516,37.97348039652254,0,17690.484527421595
RUS_cluster_7107,RUS,55.317554859426686,37.52727126410594,0,41991.15138368686
RUS_cluster_7221,RUS,54.89279993742306,38.0451356948884,0,14550.85752233814
RUS_cluster_7204,RUS,54.536040338101365,38.063361545372246,0,35385.26605671734
RUS_cluster_7216,RUS,54.85654029814929,38.58660510415545,0,21704.71195148999
RUS_cluster_7224,RUS,54.83486407347303,37.96607779314088,0,18154.821334287328
RUS_cluster_7220,RUS,54.80111172336448,38.16232184736644,0,6772.990788802997
RUS_cluster_7210,RUS,54.8292630456642,37.97753362832022,0,17436.100408725277
RUS_cluster_7271,RUS,54.83490007411722,38.17717006026984,0,4636.7258531748175
RUS_cluster_7286,RUS,54.884478880208405,38.08781962157106,0,11696.534360028014
RUS_cluster_7227,RUS,54.53793393228448,38.0612891807189,0,35232.624635573455
RUS_cluster_7306,RUS,54.79638872463856,38.262023125506666,0,4422.898787925347
RUS_cluster_7241,RUS,54.67233588787122,38.50221523422352,0,24332.216672228933
RUS_cluster_7351,RUS,55.27349491010174,38.64316865035418,0,23067.215398674514
RUS_cluster_7354,RUS,55.26293521796361,38.736490126332015,0,29011.239502401644
RUS_cluster_7373,RUS,55.030709123160825,38.61959686617477,0,32092.46054023469
RUS_cluster_7339,RUS,54.884256125505225,38.08319490628995,0,11948.058070305735
RUS_cluster_7387,RUS,55.27069589425096,38.75785252357849,0,30019.50647134866
RUS_cluster_7407,RUS,55.51924666019003,37.56593571410294,0,31963.41321098587
RUS_cluster_7401,RUS,55.47315381999059,37.61456031156767,0,37559.77917125634
RUS_cluster_7409,RUS,55.55934354135256,38.036190489832656,0,28741.580214811114
RUS_cluster_7418,RUS,55.31166485179245,38.63161396843467,0,21125.02255804626
RUS_cluster_7413,RUS,55.52820282143844,38.14621386984202,0,22148.196897324822
RUS_cluster_7424,RUS,55.50370632067413,37.95107169010178,0,28074.366432133338
RUS_cluster_7433,RUS,55.51611365539286,37.53479090353,0,30639.803007183596
RUS_cluster_7426,RUS,55.34320203896325,37.90589251542316,0,25225.68877432576
RUS_cluster_7436,RUS,55.29276644799096,38.45872582106988,0,11668.297675361078
RUS_cluster_7408,RUS,55.52658950522707,38.15485282430987,0,21746.06156937826
RUS_cluster_7431,RUS,55.16883319017143,38.38919747974606,0,20893.56973365477
RUS_cluster_7461,RUS,55.17091054952528,38.37705038001181,0,20484.391112606554
RUS_cluster_7456,RUS,55.41322617687783,37.833214384912,0,30588.596065555383
RUS_cluster_7480,RUS,55.31187424510993,38.625822615830494,0,20761.687354968963
RUS_cluster_7465,RUS,55.56354929024357,38.04274245407986,0,28882.120268265295
RUS_cluster_7498,RUS,55.51451084566881,37.53137100906308,0,30588.886871328345
RUS_cluster_7470,RUS,55.44849273857334,37.64698392139979,0,40901.181608667444
RUS_cluster_7481,RUS,55.45480322057838,37.58928467355535,0,37757.73236280201
RUS_cluster_7439,RUS,55.42189271722891,37.832993518991074,0,30833.103294656812
RUS_cluster_7505,RUS,55.61907781287622,37.94738351267189,0,37402.16462923027
RUS_cluster_7514,RUS,55.51518021694125,37.68545883794466,0,38472.277993513155
RUS_cluster_7513,RUS,55.167184513573474,38.38117558316443,0,20947.393795653094
RUS_cluster_7553,RUS,55.34200332426264,37.903576144651176,0,25377.038517775334
RUS_cluster_7557,RUS,55.27783744251345,37.9305460958886,0,25012.711921763395
RUS_cluster_7530,RUS,55.469689359485415,37.755926662856325,0,37089.74270490228
RUS_cluster_7580,RUS,55.49354732158746,38.15180127861285,0,18607.126463708242
RUS_cluster_7589,RUS,55.32664549472909,37.838498703530654,0,29598.6246075063
RUS_cluster_7583,RUS,55.35133201855041,38.435727403502334,0,8286.368473126788
RUS_cluster_7645,RUS,55.47451506076789,37.707906949952935,0,40114.5615483688
RUS_cluster_7646,RUS,55.59596549411586,37.881846174225096,0,38149.28142696853
RUS_cluster_7512,RUS,55.493791699745685,38.17200247549589,0,18003.336483371928
RUS_cluster_7696,RUS,53.158512049569325,38.092037904759366,0,186757.7762496382
RUS_cluster_7959,RUS,53.999611252741154,37.826064917162086,0,94343.38629489133
RUS_cluster_7863,RUS,52.97908915684595,37.03228931069246,0,211287.7809284149
RUS_cluster_7957,RUS,54.08315686719297,37.83304955715164,0,85174.77750262052
RUS_cluster_7805,RUS,53.16507567660335,38.13699664116648,0,185889.5988308612
RUS_cluster_7971,RUS,54.08887764810918,37.83649053019175,0,84573.28956159309
RUS_cluster_7972,RUS,53.99995731007395,37.81667557781543,0,94238.80025569815
RUS_cluster_7965,RUS,54.08644839244029,37.82075031353992,0,84712.01458415549
RUS_cluster_7970,RUS,54.13637479761148,38.156843393374125,0,77970.82749244336
RUS_cluster_7973,RUS,53.92668694778628,37.9532955057058,0,102861.61258672536
RUS_cluster_7974,RUS,53.997231869546326,37.81351639940771,0,94518.80104924786
RUS_cluster_8001,RUS,54.09039187472431,37.99953226812927,0,84414.55115023446
RUS_cluster_8004,RUS,54.18351584005207,37.72422879693641,0,73405.94708752807
RUS_cluster_7976,RUS,54.08913660534948,37.99560726220428,0,84600.44578577107
RUS_cluster_8007,RUS,54.08831099342837,38.00211634660972,0,84610.02060437809
RUS_cluster_8009,RUS,54.18062263321689,37.71429147327172,0,73695.13493716744
RUS_cluster_7700,RUS,53.15930251700109,38.08654852029785,0,186690.1337815739
RUS_cluster_8067,RUS,53.91957433955573,37.904705289365154,0,103839.85758426062
RUS_cluster_8122,RUS,53.98589344915015,38.13349538227671,0,94771.32300665355
RUS_cluster_8121,RUS,53.94722315057688,38.16106988413219,0,98939.191693583
RUS_cluster_8127,RUS,53.97120040826926,38.19291543023287,0,96176.9417857873
RUS_cluster_8059,RUS,53.92502576066833,37.9374562578214,0,103239.04855974553
RUS_cluster_8116,RUS,54.61112237313202,38.71351357074583,0,38861.40355183925
RUS_cluster_8137,RUS,54.034788841972464,38.27905335790778,0,89056.74243775713
RUS_cluster_8169,RUS,54.27989023314879,39.00586522541077,0,78708.61188917414
RUS_cluster_7420,RUS,55.32760593676485,37.84849098806099,0,28959.396562253456
RUS_cluster_8195,RUS,54.04490688723856,38.2491054851965,0,87911.25235593766
RUS_cluster_8170,RUS,53.99009307360504,38.32760803694484,0,94141.79658326531
RUS_cluster_8178,RUS,53.987710865371525,38.32668234571722,0,94403.12844475773
RUS_cluster_8197,RUS,53.76073539540976,38.13755682458998,0,119730.4421712281
RUS_cluster_8129,RUS,53.787482895953296,38.12499120308453,0,116815.28029264824
RUS_cluster_8199,RUS,54.03509207454341,38.30883739692724,0,89085.10768539012
RUS_cluster_8235,RUS,54.226484665820735,38.8937794421789,0,79458.89007014562
RUS_cluster_8204,RUS,53.98240844597389,38.32789973216579,0,94996.09929814708
RUS_cluster_8264,RUS,54.027571419893206,38.31640434310413,0,89942.80672883631
RUS_cluster_8184,RUS,54.03378084703723,38.283870087264894,0,89176.00696096373
RUS_cluster_8254,RUS,53.97628818312518,38.51340741258048,0,97055.06369324225
RUS_cluster_8303,RUS,53.9732512557776,38.15262323062785,0,96084.03883194241
RUS_cluster_8326,RUS,54.03268336395177,38.38722764333244,0,89713.27907289132
RUS_cluster_8242,RUS,53.96672257568165,38.292916491383714,0,96645.68414840061
RUS_cluster_8349,RUS,53.97274510195973,38.18743526283305,0,96019.5004104645
RUS_cluster_8332,RUS,53.97320527078881,38.156897945245554,0,96071.47482693547
RUS_cluster_8364,RUS,54.04482272093311,38.250681223910206,0,87920.63580553599
RUS_cluster_8265,RUS,53.983610994094725,38.1924711990742,0,94799.06004027433
RUS_cluster_8393,RUS,54.57215557549514,36.22239624357035,0,79756.19169129993
RUS_cluster_8401,RUS,54.57944843824913,36.26386808941516,0,77098.59028675125
RUS_cluster_8394,RUS,54.537742589426514,36.12882633719072,0,86896.37648687954
RUS_cluster_8416,RUS,54.82228731158961,36.31513198124794,0,62252.26230974524
RUS_cluster_8402,RUS,54.608458703963976,36.264796263716455,0,75239.72109653587
RUS_cluster_8422,RUS,54.5261637110066,36.107277572754285,0,88771.48146292419
RUS_cluster_8359,RUS,54.0330393178968,38.306424229138926,0,89306.59511692314
RUS_cluster_8120,RUS,53.96178410910103,38.160501169633584,0,97324.9632091653
RUS_cluster_8446,RUS,54.595005452943184,36.26626900346614,0,75988.83332577709
RUS_cluster_8442,RUS,54.54388140868151,36.13134920843415,0,86377.67045647585
RUS_cluster_8454,RUS,54.56208228953655,36.13524256047836,0,85049.18594095968
RUS_cluster_8480,RUS,55.05529545535517,36.61485592075983,0,41623.72501463809
RUS_cluster_8519,RUS,55.1464860624818,36.6266070684922,0,44207.4672192094
RUS_cluster_8526,RUS,55.193715886337394,36.495823909736856,0,51544.76168064108
RUS_cluster_8482,RUS,55.017954616882,36.71964301876646,0,34316.90882986088
RUS_cluster_8534,RUS,55.70094013926505,36.21380997097763,0,34647.568793703824
RUS_cluster_8522,RUS,55.431738423872346,36.869265882609206,0,34107.01341259863
RUS_cluster_8532,RUS,55.19867215893721,36.62782663492929,0,46926.234083215626
RUS_cluster_8542,RUS,55.13507359958695,36.61566516435026,0,44314.36174282736
RUS_cluster_8527,RUS,55.1882745984403,36.64795386636565,0,45231.828988603076
RUS_cluster_8533,RUS,55.21557480446037,36.56571014013813,0,51268.09675081428
RUS_cluster_8552,RUS,55.415256647250125,36.72450517161958,0,41066.82051137183
RUS_cluster_8554,RUS,55.386389920028805,36.76871836628703,0,41836.22538006492
RUS_cluster_8565,RUS,55.19612775811479,36.637557026080266,0,46252.510738841636
RUS_cluster_8566,RUS,55.42831616728907,36.86722520053469,0,34497.954394571054
RUS_cluster_8558,RUS,55.13444594226445,36.62086895804591,0,43983.30338193567
RUS_cluster_8561,RUS,55.21322984680011,36.55487039650733,0,51723.61731198872
RUS_cluster_8569,RUS,55.18763175758816,36.5921657434263,0,48252.389620610076
RUS_cluster_8563,RUS,55.00237026081427,36.47157763257403,0,49900.9359325218
RUS_cluster_8557,RUS,55.580679579328056,36.49394938949128,0,42796.957723447704
RUS_cluster_8588,RUS,55.2125759475822,36.45657038570336,0,48293.89593540198
RUS_cluster_8589,RUS,55.60033190984704,36.500144643619926,0,42517.338747631606
RUS_cluster_8594,RUS,55.41316568554886,36.716669276784295,0,41569.06090698349
RUS_cluster_8581,RUS,55.36473148883244,36.48884229952491,0,42469.436505899626
RUS_cluster_8574,RUS,55.328602605168605,36.78077598864757,0,46813.26368389299
RUS_cluster_8595,RUS,55.1929424517498,36.601822422797504,0,48012.265052755014
RUS_cluster_8602,RUS,55.39650625718931,36.705700013808745,0,43418.24917856614
RUS_cluster_8571,RUS,55.49049482067519,36.03330245670996,0,12232.71352203002
RUS_cluster_8627,RUS,55.48980958813773,36.03089989278893,0,12070.274794103969
RUS_cluster_8604,RUS,55.512660738799084,36.692239442572834,0,35378.39949084482
RUS_cluster_8643,RUS,55.321354296407584,36.749564919168336,0,48523.68030580816
RUS_cluster_8631,RUS,55.405858443893,36.72252706737193,0,41936.999625427234
RUS_cluster_8597,RUS,55.18542594761732,36.67427999139476,0,43645.7398087907
RUS_cluster_8650,RUS,55.377087535419015,36.69624253573615,0,45453.43405384054
RUS_cluster_8618,RUS,55.51470749153552,36.69080392018763,0,35325.41291553335
RUS_cluster_8680,RUS,55.514795806673824,36.03551103661355,0,13119.410880798172
RUS_cluster_8672,RUS,55.5092230978996,36.06405765071983,0,14609.900194890382
RUS_cluster_8681,RUS,55.18729167823734,36.67742461104032,0,43588.88250847748
RUS_cluster_8696,RUS,55.41109861745031,36.73565186154582,0,40955.97713394243
RUS_cluster_8644,RUS,55.19821534064808,36.602986703283385,0,48246.13824719192
RUS_cluster_8723,RUS,55.19812805774094,36.59531220342683,0,48660.135472177455
RUS_cluster_8728,RUS,55.16939572100932,36.673540578099335,0,42759.82467730543
RUS_cluster_8738,RUS,55.55647105696397,36.370424544634496,0,34588.987179419164
RUS_cluster_8719,RUS,55.42049451796301,36.71992593047901,0,40826.05032845428
RUS_cluster_8808,RUS,55.40736478667173,36.74407094403827,0,40934.41570762075
RUS_cluster_8751,RUS,55.42339144400201,36.87126323909772,0,34831.6598452612
RUS_cluster_8704,RUS,55.40736634450508,36.7164400339646,0,42061.907781084476
RUS_cluster_8830,RUS,54.69524274167468,36.011281051977825,0,85308.12894336646
RUS_cluster_8785,RUS,55.199602146686566,36.50341116112986,0,51542.36357746737
RUS_cluster_8819,RUS,54.98922970664227,36.2391420077478,0,59154.11253940602
RUS_cluster_8850,RUS,53.27240461001925,36.56973613932734,0,188599.43409067937
RUS_cluster_8838,RUS,53.03259799104393,36.14269141749711,0,224494.06381294806
RUS_cluster_8901,RUS,53.28593594164532,36.60481914739991,0,186343.51860265076
RUS_cluster_8877,RUS,52.911788352989646,36.00696514422009,0,239992.35794044926
RUS_cluster_8922,RUS,52.92541803412919,36.00395987553828,0,239278.6135909144
RUS_cluster_8959,RUS,53.54665617883694,36.47419046027762,0,163521.16295955086
RUS_cluster_8938,RUS,52.99282054457504,36.06794436637179,0,230660.62276463676
RUS_cluster_8985,RUS,56.1250339397232,40.031382833107806,0,51693.07919025241
RUS_cluster_8990,RUS,56.12495578741298,40.02714631385621,0,51858.04473003459
RUS_cluster_8960,RUS,53.54622939559986,36.47706660148298,0,163474.8801724782
RUS_cluster_8841,RUS,53.03012171809711,36.14281093564347,0,224738.77730965242
RUS_cluster_8999,RUS,56.09549216408308,40.19524760204705,0,49254.76211023533
RUS_cluster_9003,RUS,56.22370324774116,40.40671959174126,0,31303.273162966332
RUS_cluster_9007,RUS,56.096077123821146,40.20127666541583,0,49037.649421441674
RUS_cluster_8997,RUS,55.66150909349335,39.85633805673451,0,101930.77185297462
RUS_cluster_9008,RUS,55.98163232049227,40.02514871442928,0,65338.63840011931
RUS_cluster_9017,RUS,55.63563372743901,40.63103342317449,0,95826.65087340094
RUS_cluster_9020,RUS,56.18069619850218,40.60683851211044,0,35304.18557939642
RUS_cluster_9018,RUS,55.658171191676296,39.86430653564536,0,102066.25193578367
RUS_cluster_9022,RUS,56.06191681803577,40.48770536434503,0,48343.59007315476
RUS_cluster_9036,RUS,55.62904006631512,40.7035026994632,0,96934.6890053704
RUS_cluster_9021,RUS,56.19396069715714,40.39089996810855,0,34750.807894110236
RUS_cluster_9033,RUS,55.664596414078666,39.86097646416813,0,101498.47360863416
RUS_cluster_9038,RUS,55.94864047776348,41.13989041250628,0,71353.57012798461
RUS_cluster_9037,RUS,56.21532069388631,40.66351449199191,0,32150.26687925138
RUS_cluster_8836,RUS,52.99439127041358,36.01847054261464,0,231988.45359371725
RUS_cluster_9052,RUS,56.11054333140713,40.261825313338,0,46080.147873259346
RUS_cluster_9050,RUS,56.25093832247886,40.5525348043828,0,27246.68358991505
RUS_cluster_9055,RUS,55.61253388986885,40.63484655137869,0,98405.02887155066
RUS_cluster_9057,RUS,56.12970526007735,40.42136696309005,0,41329.50186157188
RUS_cluster_9080,RUS,56.21840190831318,40.41362228095304,0,31769.21902890588
RUS_cluster_9085,RUS,56.221297135074,40.27053266635982,0,34657.288585812625
RUS_cluster_9089,RUS,55.949252183502175,41.14724637878212,0,71534.21510334351
RUS_cluster_9103,RUS,56.09789917433884,40.19363921214781,0,49055.49006455038
RUS_cluster_9124,RUS,56.21155114234587,40.65481676427144,0,32432.97715522814
RUS_cluster_9100,RUS,56.25160741101127,40.560054925339706,0,27192.63752987841
RUS_cluster_9112,RUS,55.66526925780744,39.841352645400455,0,101939.67107364698
RUS_cluster_8896,RUS,52.93392855456506,36.09562873951871,0,235755.4357490709
RUS_cluster_9136,RUS,56.09399554012904,40.1927147597714,0,49472.284190449835
RUS_cluster_9039,RUS,56.21209298670728,40.65210345601911,0,32337.15929484553
RUS_cluster_9187,RUS,56.35820448194893,41.35958446652572,0,52848.68232797965
RUS_cluster_9236,RUS,56.72613908009152,41.05556984225338,0,22480.71051434823
RUS_cluster_9237,RUS,56.83595127605747,41.40484988707137,0,2818.5478303279056
RUS_cluster_9213,RUS,56.35449109500373,41.35253781292053,0,52558.41711065782
RUS_cluster_9242,RUS,57.09315057502913,41.70630977625436,0,35055.069311398016
RUS_cluster_9196,RUS,56.35859875532678,41.35780314031739,0,52730.89846493471
RUS_cluster_9260,RUS,56.86620007021374,41.29203305923689,0,4968.75804896383
RUS_cluster_9244,RUS,57.11685249833934,41.6944885478684,0,36793.53793422874
RUS_cluster_9261,RUS,56.86470585218755,41.29742478389506,0,4604.787238390052
RUS_cluster_9292,RUS,56.826133538590575,41.35527851416917,0,1661.7346433888831
RUS_cluster_9282,RUS,56.95420489891267,41.100253267213446,0,6064.135500148761
RUS_cluster_9337,RUS,56.595843085804944,41.197802107025645,0,28979.04779360028
RUS_cluster_9315,RUS,56.82188388519194,41.35403094820207,0,2140.322018020848
RUS_cluster_9241,RUS,56.96953518789103,41.12533746832956,0,7957.819281141007
RUS_cluster_9473,RUS,54.9221458783745,41.34937422659977,0,182233.0495384859
RUS_cluster_9428,RUS,54.35176500388868,41.9622293064205,0,221627.55374155648
RUS_cluster_9398,RUS,54.35053968547327,41.96873251205988,0,221559.719306855
RUS_cluster_9354,RUS,56.13896834113821,41.98770829764759,0,87061.2618058908
RUS_cluster_9527,RUS,55.53225764821646,41.97718373679717,0,119235.44318585371
RUS_cluster_9475,RUS,55.33107354605787,41.60366727068414,0,145574.27632608596
RUS_cluster_9523,RUS,55.34817914483454,41.64326753073102,0,145033.9257787775
RUS_cluster_9485,RUS,54.91816152523755,41.349096210054256,0,182654.36531719056
RUS_cluster_9529,RUS,55.53524643583376,41.99480081386395,0,118130.66467799766
RUS_cluster_9542,RUS,55.53076029878237,41.99110407734104,0,118603.29914535154
RUS_cluster_9531,RUS,55.5266062260224,41.97506271374164,0,119697.93135795066
RUS_cluster_9556,RUS,55.58448494549207,41.9882830781636,0,115498.70963509889
RUS_cluster_9580,RUS,55.40648267574227,39.03837877417415,0,46769.5518455059
RUS_cluster_9578,RUS,55.32941648600486,38.89696344643197,0,37528.25284658969
RUS_cluster_9582,RUS,55.34449950814892,38.73173066451778,0,27009.45439584997
RUS_cluster_9592,RUS,55.56481560305476,39.11565532764951,0,56414.726961201304
RUS_cluster_9595,RUS,55.346094260746646,38.72645211939742,0,26671.471427726
RUS_cluster_9552,RUS,55.53480387097171,41.97706034280596,0,119084.0222315098
RUS_cluster_9617,RUS,55.33085495026872,38.80408069654883,0,31656.200623470082
RUS_cluster_9596,RUS,55.327542080871766,38.80686002654521,0,31860.20190078116
RUS_cluster_9581,RUS,55.41227831530183,38.99932480338669,0,44417.51140414636
RUS_cluster_9588,RUS,55.34451252980259,38.72909585270646,0,26842.878896053997
RUS_cluster_9622,RUS,55.330970627612366,38.81985207018903,0,32650.317012563522
RUS_cluster_9637,RUS,55.69695659881998,38.010220529744274,0,42754.97373886638
RUS_cluster_9640,RUS,55.75807153516996,38.06929127564901,0,47681.24316616863
RUS_cluster_9633,RUS,55.36309912030041,39.07510058009412,0,48719.62679256918
RUS_cluster_9642,RUS,55.80750900534319,38.64479621850548,0,55135.68426357159
RUS_cluster_9647,RUS,55.80987846392702,38.098591382340175,0,52702.03834175896
RUS_cluster_9644,RUS,55.88098683826102,38.10058555593199,0,58869.09521048045
RUS_cluster_9650,RUS,55.69777661406791,38.020241419705656,0,42567.9964160652
RUS_cluster_9643,RUS,55.69599382502584,38.01384610967884,0,42559.97342844086
RUS_cluster_9655,RUS,55.701269536675554,38.48462616846284,0,40620.087367843524
RUS_cluster_9692,RUS,55.84485662186473,38.180556502198186,0,55525.243088459625
RUS_cluster_9684,RUS,55.75488053037618,38.7073705352236,0,51612.62233089982
RUS_cluster_9733,RUS,55.84265719058774,38.19141665827431,0,55191.04528292332
RUS_cluster_9705,RUS,55.884410699516685,38.43208889755158,0,59910.01054901104
RUS_cluster_9694,RUS,55.87844841506713,38.084865446563725,0,59216.4181943169
RUS_cluster_9756,RUS,55.88587443346768,38.42823299967319,0,60039.527648773736
RUS_cluster_9538,RUS,55.5307684160402,41.97908917192467,0,119228.6125985464
RUS_cluster_9707,RUS,55.84162115508852,38.19603695670784,0,55040.07308900045
RUS_cluster_9813,RUS,55.76340853272137,38.0712331889625,0,48208.07608554384
RUS_cluster_9737,RUS,55.72739463204578,38.33868942085018,0,41968.5534486554
RUS_cluster_9860,RUS,55.75664118949886,38.0780177340317,0,47362.09300874034
RUS_cluster_9845,RUS,55.74843847556208,38.10951031004453,0,45924.86288089954
RUS_cluster_9898,RUS,55.89336330737703,38.48476190190587,0,60872.502614217825
RUS_cluster_9862,RUS,55.77287575029548,38.71318063714831,0,53536.68534604916
RUS_cluster_9838,RUS,55.88052142491399,38.08706360959896,0,58976.39740284079
RUS_cluster_9911,RUS,55.72753924850196,38.33556174119598,0,41975.038700038334
RUS_cluster_9900,RUS,55.78208363045776,38.120001436077466,0,49379.44951309564
RUS_cluster_9937,RUS,55.82364235215604,38.26427119336762,0,52677.36593708144
RUS_cluster_9940,RUS,55.751816584483606,38.70864699901823,0,51356.21353110575
RUS_cluster_9932,RUS,55.41436700124278,38.6586272723252,0,23461.881801478656
RUS_cluster_9955,RUS,55.35265016835513,38.67591118433358,0,23471.009329537796
RUS_cluster_9950,RUS,55.60285212699877,38.8700779604669,0,45357.09097985949
RUS_cluster_9961,RUS,55.72104025161387,38.0444980250446,0,44340.0480613507
RUS_cluster_9960,RUS,55.78169618669677,38.621700519099306,0,51930.12761212695
RUS_cluster_9963,RUS,55.5917303211774,38.24931852936582,0,27054.556738959334
RUS_cluster_22246,RUS,61.08202131108774,46.489212013062655,0,482500.1586455056
RUS_cluster_22248,RUS,61.25509838680419,46.86320674063943,0,510236.79417181754
RUS_cluster_9800,RUS,55.61216609549498,38.43516373291454,0,30240.528646575814
RUS_cluster_22312,RUS,60.36186078556572,47.08251797426111,0,415534.7943896526
RUS_cluster_22282,RUS,61.232024256770494,46.6415617152304,0,500366.46677596896
RUS_cluster_22327,RUS,60.4266340905381,44.254906564554624,0,350385.9258890106
RUS_cluster_9979,RUS,55.76486907563682,38.21936060894647,0,46392.09664681627
RUS_cluster_22376,RUS,57.198106760656366,44.78082488441181,0,140699.29843732872
RUS_cluster_22428,RUS,58.01700715731919,46.31163453514009,0,176309.60468117043
RUS_cluster_22424,RUS,58.01859792174173,46.32035036463756,0,176202.1320539649
RUS_cluster_22301,RUS,61.18606425782405,46.63391972679331,0,496290.3492162891
RUS_cluster_22475,RUS,55.99862091966244,44.78851378928847,0,76671.87365434041
RUS_cluster_22456,RUS,56.10890640224477,45.50896414409328,0,120018.81252376933
RUS_cluster_22393,RUS,57.49394902998297,45.97320567640294,0,144360.25356963466
RUS_cluster_22557,RUS,57.31128713170092,47.88976195496637,0,74693.35361069566
RUS_cluster_22483,RUS,56.01837911496678,45.045001214751856,0,92065.09972357975
RUS_cluster_22455,RUS,56.01497771120752,45.04229740890828,0,91950.21063439852
RUS_cluster_22570,RUS,56.62941278346481,47.75734740795832,0,1843.3432978108176
RUS_cluster_22550,RUS,57.31342369874226,47.863504528467935,0,74800.3587973841
RUS_cluster_22573,RUS,56.66950136379188,47.67484323353562,0,6879.229807189455
RUS_cluster_22641,RUS,58.37075290729602,45.497046871294685,0,235484.15998960618
RUS_cluster_22692,RUS,56.22836801924579,43.547728959814535,0,12061.835374317023
RUS_cluster_22653,RUS,58.387888783823065,45.50564409912849,0,236728.70899499295
RUS_cluster_22696,RUS,56.29237814883825,42.79809752235557,0,51585.49120257098
RUS_cluster_22713,RUS,55.98511267825856,43.25153903289311,0,25025.30064421263
RUS_cluster_22735,RUS,56.10587251312285,43.47950504986061,0,6033.3136853253245
RUS_cluster_22742,RUS,56.22875969902091,42.95175157301922,0,40287.085442867494
RUS_cluster_22745,RUS,56.22758549038664,42.96162016758995,0,39665.681982077054
RUS_cluster_22720,RUS,56.09409332346488,43.53203594812183,0,3911.2927450813986
RUS_cluster_22714,RUS,56.1013840948028,43.46773740599802,0,6878.117438169306
RUS_cluster_22757,RUS,56.26109680009283,43.4099951060396,0,18577.150233985394
RUS_cluster_22773,RUS,56.283169303570304,43.02402280545076,0,38460.26753251168
RUS_cluster_22237,RUS,60.7810515858858,46.326734174532575,0,452073.1802625237
RUS_cluster_22764,RUS,56.24013402794248,43.19191618437782,0,27063.7583351919
RUS_cluster_22801,RUS,56.24450587094909,43.747915771150346,0,17500.44731992101
RUS_cluster_22791,RUS,56.46581069317604,43.53045992262548,0,38451.87252986114
RUS_cluster_22703,RUS,56.27223946970753,43.83103018138375,0,23199.002642248415
RUS_cluster_22807,RUS,56.10757164655519,43.47769504504517,0,6092.744688069781
RUS_cluster_22800,RUS,56.253875745037455,43.23284475280248,0,25731.043991041686
RUS_cluster_22787,RUS,56.46500241381592,43.53463245759319,0,38345.42647680018
RUS_cluster_22810,RUS,56.14174415402941,43.78379813456179,0,13264.849776987203
RUS_cluster_22803,RUS,56.20659496558656,43.78463263905936,0,16204.469448172269
RUS_cluster_22821,RUS,56.309963658768645,42.981594613391856,0,42188.11818950554
RUS_cluster_22826,RUS,56.10220694824056,43.47159296760277,0,6622.376033972489
RUS_cluster_22830,RUS,56.29429537863663,42.80041402168813,0,51530.72342943174
RUS_cluster_22853,RUS,56.27248447433678,43.09272630801733,0,34166.97801205975
RUS_cluster_22942,RUS,56.16445991128211,44.20027666349529,0,39157.74238021374
RUS_cluster_22894,RUS,56.09843317105445,43.47460912693563,0,6591.97593754581
RUS_cluster_22904,RUS,56.34520322776312,43.79549799420272,0,28487.65452115342
RUS_cluster_22836,RUS,56.24263148669512,43.18985277333041,0,27311.12202210906
RUS_cluster_22946,RUS,56.16288083285679,43.87034274027985,0,19001.75169278982
RUS_cluster_22944,RUS,56.13109838067383,44.19700397166163,0,38686.766241648416
RUS_cluster_22982,RUS,56.13347232509819,44.1942384747073,0,38523.00107684962
RUS_cluster_23047,RUS,56.30212753541753,44.18840425086865,0,43063.008488948995
RUS_cluster_22947,RUS,56.1333401560598,44.200080208674585,0,38884.33507561522
RUS_cluster_22948,RUS,56.16919383706611,43.874161490765054,0,19412.34933214902
RUS_cluster_23055,RUS,56.30084965104561,44.18149824339818,0,42619.74421328621
RUS_cluster_22486,RUS,56.02264498115663,45.053115998080415,0,92502.67464965965
RUS_cluster_23094,RUS,56.347795790068766,44.18993552532866,0,45721.402522078024
RUS_cluster_23097,RUS,56.54771456883566,43.62229269286559,0,47566.122172987445
RUS_cluster_23108,RUS,56.52775384882519,43.4594863744118,0,45788.28973977376
RUS_cluster_23099,RUS,56.53079254409785,43.54764145350814,0,45614.497769121124
RUS_cluster_23146,RUS,56.52235573807088,43.57730165557252,0,44650.20789472882
RUS_cluster_23133,RUS,56.43938151887046,43.62115403958249,0,35547.316962340716
RUS_cluster_23150,RUS,56.61894376600333,43.404843436375735,0,56349.88348389009
RUS_cluster_23115,RUS,56.52276655791492,43.57425031099331,0,44695.182987101296
RUS_cluster_23176,RUS,56.593264991479536,43.63262079201752,0,52662.16708156425
RUS_cluster_23158,RUS,56.62703747241024,43.39705163714763,0,57323.3318894583
RUS_cluster_23233,RUS,56.4960373431513,44.035419474114136,0,50538.4945731677
RUS_cluster_23197,RUS,56.37996512484398,44.03033068829991,0,40352.68552070778
RUS_cluster_23124,RUS,56.65434682930049,43.49377289219112,0,59526.572688915374
RUS_cluster_23286,RUS,56.8107022969525,43.18915581738699,0,80254.74778855304
RUS_cluster_23379,RUS,59.670548049736496,42.05864474621513,0,222057.38853879998
RUS_cluster_23390,RUS,57.48775714605902,42.14294624350057,0,72599.62083886041
RUS_cluster_23381,RUS,59.66935917912468,42.05197978800529,0,221827.1229426855
RUS_cluster_23412,RUS,57.42777727984388,42.107925535394806,0,73710.01446908725
RUS_cluster_23453,RUS,58.394352151605,42.37614844604551,0,107239.92636264183
RUS_cluster_23048,RUS,56.29883929913571,44.18893365505202,0,42923.54078735793
RUS_cluster_23396,RUS,57.41077563052738,42.11115598436863,0,74818.83875246275
RUS_cluster_23438,RUS,57.43621619041929,42.15920479090827,0,75963.8901314562
RUS_cluster_23472,RUS,53.12518730470686,46.54700031917166,0,32477.211415123253
RUS_cluster_23469,RUS,53.12379322846764,46.543349318774645,0,32274.079522417705
RUS_cluster_23507,RUS,53.12041225343732,46.54385577161382,0,32393.594063896435
RUS_cluster_23539,RUS,53.14993671142113,47.73080246163197,0,110691.19127097412
RUS_cluster_23721,RUS,52.17642530311376,46.99397268528848,0,89175.20595345054
RUS_cluster_23506,RUS,53.10686949586945,46.631713016021,0,38447.27072184901
RUS_cluster_23588,RUS,53.03819646231448,46.653319227636,0,42269.93235418085
RUS_cluster_23661,RUS,52.14903859374616,46.95706289198008,0,85863.08800639678
RUS_cluster_23727,RUS,52.119162105569615,47.209100364659655,0,86117.18144053966
RUS_cluster_23736,RUS,52.096642658726736,47.15991259301588,0,82747.05668859372
RUS_cluster_23722,RUS,52.06684917746821,47.36881911378948,0,84784.30883485425
RUS_cluster_23737,RUS,52.02818458755431,47.35517154010847,0,80519.18025129984
RUS_cluster_23239,RUS,56.51359402117796,43.53883173000737,0,43726.15551263406
RUS_cluster_23741,RUS,52.09729117551024,47.15739344595232,0,82769.23637890484
RUS_cluster_23746,RUS,52.11548012338434,47.20485911139964,0,85639.23196558356
RUS_cluster_23743,RUS,52.05229249579108,47.35616773146434,0,82950.27028604533
RUS_cluster_23749,RUS,51.97417815878052,47.8246757067718,0,95081.73045931838
RUS_cluster_23739,RUS,51.99689007685479,47.82729555928193,0,96966.9135185883
RUS_cluster_23750,RUS,52.11875724177564,47.2045656120508,0,85980.61618102854
RUS_cluster_23751,RUS,52.02706693470773,47.34698564284916,0,80156.87324658461
RUS_cluster_23757,RUS,52.11567569876586,47.20041409902585,0,85568.71907544212
RUS_cluster_23688,RUS,52.15361083593247,46.95972783506611,0,86387.39470964983
RUS_cluster_23765,RUS,52.05424445072251,47.8607086154179,0,103111.98415583753
RUS_cluster_23796,RUS,52.04969536628968,47.8475866347988,0,102126.15771254656
RUS_cluster_23831,RUS,52.06756662879788,47.37471926847658,0,85033.89970497665
RUS_cluster_23837,RUS,51.99261336953258,47.74767114367129,0,92816.48938380097
RUS_cluster_23842,RUS,52.067729801349856,47.38449756794689,0,85348.4319313473
RUS_cluster_23876,RUS,52.07914035250212,47.24762671463765,0,82769.03033288168
RUS_cluster_23839,RUS,51.99469728681973,47.75154779518096,0,93167.12458780411
RUS_cluster_23878,RUS,52.08218737172986,47.34582346016743,0,85652.93920413549
RUS_cluster_23773,RUS,52.11453033503011,47.19007460756481,0,85238.52011262417
RUS_cluster_23794,RUS,52.07778458493241,47.4776184485304,0,89361.271777333
RUS_cluster_24138,RUS,54.0840353347442,44.94951109839688,0,58816.52800036634
RUS_cluster_24153,RUS,54.148962680011934,45.25334330789078,0,39773.55942434722
RUS_cluster_24140,RUS,54.23142009996352,45.13031569292181,0,39500.27546649879
RUS_cluster_23728,RUS,52.06861207500947,47.37872802868866,0,85259.76045886485
RUS_cluster_24141,RUS,54.14778967168899,45.24909643378648,0,40048.80369865672
RUS_cluster_24180,RUS,54.19119656000997,45.40446995686165,0,30310.17475435474
RUS_cluster_24157,RUS,54.42820776816762,45.82066541656967,0,11760.633148305878
RUS_cluster_24260,RUS,54.2783714767666,45.33018755650099,0,25947.393904091925
RUS_cluster_24243,RUS,54.190636901789546,45.40803939598189,0,30248.779584296244
RUS_cluster_24176,RUS,54.10305072524721,45.33033165234784,0,41219.03790516502
RUS_cluster_24239,RUS,54.43114714276467,45.82675138389833,0,12161.851313596293
RUS_cluster_24327,RUS,54.21521013514363,45.24743209773478,0,34627.022595364506
RUS_cluster_24289,RUS,54.17139120861244,45.12272085152815,0,43926.06911310821
RUS_cluster_24270,RUS,54.10843425042291,45.0726952826995,0,51053.570154818575
RUS_cluster_24442,RUS,55.52444748152781,45.489769580212354,0,122400.94360579787
RUS_cluster_24373,RUS,54.04027104237127,44.92985735372571,0,63027.20951001167
RUS_cluster_24403,RUS,55.526343303016006,45.43813393815704,0,122910.64834094503
RUS_cluster_24515,RUS,55.51006855335572,46.38073317361755,0,129404.72797122705
RUS_cluster_24445,RUS,54.82711011310114,46.60258594833045,0,76338.45898478075
RUS_cluster_24426,RUS,54.830145036107474,46.60831000039912,0,76832.66126128689
RUS_cluster_24612,RUS,53.2274864314087,45.0292539136826,0,19331.470263737643
RUS_cluster_24371,RUS,54.02103321003044,44.88810634687344,0,66479.3601822233
RUS_cluster_24661,RUS,53.2373206062462,44.92120044708248,0,16236.307551467438
RUS_cluster_24563,RUS,53.10706599241781,45.0733886719238,0,16408.702732335772
RUS_cluster_24667,RUS,53.228239582673865,45.02570134037446,0,19228.365128663605
RUS_cluster_24669,RUS,53.43922360483477,44.62738002969836,0,39742.391548009684
RUS_cluster_24701,RUS,53.21618704103961,44.81479742146519,0,12672.048094045664
RUS_cluster_24734,RUS,53.23631834919773,44.935528825754766,0,16525.895308480976
RUS_cluster_24742,RUS,53.218270656657566,44.81585396320527,0,12898.701844783449
RUS_cluster_24641,RUS,53.14210140843836,44.96106902253424,0,9929.61949097601
RUS_cluster_24756,RUS,53.18822388708868,45.21184748897301,0,27335.838142010758
RUS_cluster_24759,RUS,53.18373365768472,45.1781196242403,0,25056.66628913623
RUS_cluster_24757,RUS,53.18229992481088,45.21101648568485,0,27062.444091867852
RUS_cluster_24763,RUS,53.19146792844322,45.207541458559845,0,27195.127597212224
RUS_cluster_24774,RUS,53.167287266042784,45.11093431794473,0,20221.257823619875
RUS_cluster_24780,RUS,53.11919808848214,46.02189307073968,0,8349.31300016479
RUS_cluster_24816,RUS,53.0670108159438,45.68979642750288,0,28803.931951107603
RUS_cluster_24804,RUS,53.22225586002663,45.251860541570025,0,31256.089286190196
RUS_cluster_24693,RUS,53.23731663886999,44.91439143338699,0,16067.163653886722
RUS_cluster_24761,RUS,53.18270253586287,45.17398405672957,0,24758.31152738127
RUS_cluster_24874,RUS,53.13714699228585,45.90239140341172,0,12613.38631681054
RUS_cluster_24908,RUS,53.20723508846992,45.16764038516994,0,25483.70675408548
RUS_cluster_24887,RUS,53.221983377143815,45.254232491459405,0,31386.462096396262
RUS_cluster_24952,RUS,53.63350703682186,46.864715868833855,0,72228.66542119096
RUS_cluster_25035,RUS,53.844402178740765,46.33098475655781,0,74960.6527406343
RUS_cluster_24938,RUS,53.632700406561455,46.85825199455197,0,71856.01411187273
RUS_cluster_25038,RUS,53.84198177857751,46.35093762628234,0,75012.92334106854
RUS_cluster_24955,RUS,53.63554148501829,46.86404939983544,0,72350.94525693532
RUS_cluster_25049,RUS,53.842804351995575,46.358803030874334,0,75231.20075820647
RUS_cluster_25054,RUS,53.697584587310565,46.07265947475138,0,56643.81177339116
RUS_cluster_25090,RUS,54.94384390434703,43.29725492001854,0,132018.64221618202
RUS_cluster_25058,RUS,53.7056848869522,46.07299236877192,0,57544.559946473324
RUS_cluster_25098,RUS,54.92217367821845,43.35451574517767,0,133990.55636328578
RUS_cluster_25103,RUS,54.91329446987737,43.28149520513215,0,135518.4681955922
RUS_cluster_25107,RUS,54.93338837578583,43.347095457559455,0,132799.17787537578
RUS_cluster_25046,RUS,53.84450338153326,46.32587801333558,0,74895.02735554973
RUS_cluster_25095,RUS,54.86221684094044,43.83152208782292,0,125952.03192393768
RUS_cluster_25140,RUS,54.92628429172513,43.35293078654801,0,133546.13829991242
RUS_cluster_25135,RUS,54.92352359985073,43.350307455825664,0,133868.7002758411
RUS_cluster_25113,RUS,54.932630146267584,43.35261141547012,0,132846.32155570717
RUS_cluster_25141,RUS,54.908658482969,43.21842730199674,0,136621.6834211248
RUS_cluster_25155,RUS,54.9095685647236,43.34922677193354,0,135419.30827655716
RUS_cluster_25151,RUS,54.92703989624257,43.349505860243546,0,133485.10537798476
RUS_cluster_25159,RUS,54.919948814687885,43.30354987867398,0,134603.21530865532
RUS_cluster_25089,RUS,54.94184867501755,43.30706759303738,0,132159.02312790917
RUS_cluster_25161,RUS,54.93234261791857,43.34538237274429,0,132926.38964622674
RUS_cluster_25199,RUS,54.92786644865748,43.35249559277193,0,133373.98018213632
RUS_cluster_25227,RUS,54.9393730839867,43.2989849225436,0,132497.39057324638
RUS_cluster_25186,RUS,54.0860369507189,43.246868414330514,0,151137.64682813387
RUS_cluster_25222,RUS,54.939337899524304,43.30175086150044,0,132478.7293470518
RUS_cluster_25354,RUS,55.40280355831725,43.79792311224336,0,81068.9034571351
RUS_cluster_25150,RUS,54.925460742235295,43.35747854576268,0,133607.86529160864
RUS_cluster_25357,RUS,55.351736413033606,43.86397214379335,0,87435.01612589904
RUS_cluster_25202,RUS,54.91891519078379,43.35189308966987,0,134368.03305338928
RUS_cluster_25372,RUS,55.38340459431666,43.765833318058505,0,82878.69361375502
RUS_cluster_25460,RUS,53.17260351660877,43.99270846999264,0,56241.57255933713
RUS_cluster_25501,RUS,53.18532867331791,44.00697315063656,0,55508.56695867108
RUS_cluster_25359,RUS,55.414975462599536,43.791676785328704,0,79667.95375176423
RUS_cluster_25560,RUS,53.502499148608415,43.66785643851116,0,88983.37378275355
RUS_cluster_25396,RUS,55.71720746850943,43.85660992534283,0,48231.39791495743
RUS_cluster_25543,RUS,53.5046971207108,43.66401049837411,0,89325.17936544793
RUS_cluster_25331,RUS,55.04197501031116,44.42662507719071,0,103597.5544972277
RUS_cluster_25721,RUS,56.11292585530019,47.51663557479382,0,61004.642168689905
RUS_cluster_25749,RUS,56.16906452408538,47.31015893346643,0,59932.80941234756
RUS_cluster_25769,RUS,56.08231599176676,47.49612572771253,0,64622.84503539087
RUS_cluster_25640,RUS,53.53797274463936,43.698657891180346,0,89266.5511763044
RUS_cluster_25814,RUS,56.10477579744496,47.44584647868652,0,63145.87099499996
RUS_cluster_25796,RUS,56.10911872890514,47.14948608967053,0,70744.37065277583
RUS_cluster_25797,RUS,56.019966358228864,47.2827767609476,0,75597.93100617568
RUS_cluster_25840,RUS,55.49215080852297,47.48358941759584,0,129185.34204366934
RUS_cluster_25865,RUS,56.017746237091785,47.54935544031268,0,70852.0701500858
RUS_cluster_25873,RUS,56.01787540374677,47.55091780849005,0,70819.0490411433
RUS_cluster_25775,RUS,56.10505135067636,47.450108391961976,0,63032.795022459
RUS_cluster_25910,RUS,55.848885663631606,47.49809244315711,0,89892.14704087355
RUS_cluster_25889,RUS,55.50734136044374,47.775076407576215,0,126214.84641283822
RUS_cluster_25954,RUS,56.61598169723307,47.83570314841997,0,4686.026122481493
RUS_cluster_25956,RUS,56.619026152930175,47.856157594523935,0,5547.73117348687
RUS_cluster_25955,RUS,56.61658086975064,47.84075146704106,0,4890.834076518577
RUS_cluster_25969,RUS,56.614819790307095,47.97125502262831,0,12328.33853907312
RUS_cluster_25957,RUS,56.655732430455664,47.82729881494127,0,3465.704072775872
RUS_cluster_25971,RUS,56.62186564487012,47.9518453367261,0,10992.28955836512
RUS_cluster_25970,RUS,56.72316407840513,47.93210514197128,0,13094.731176452828
RUS_cluster_26091,RUS,50.985263817253895,44.7717295381064,0,74459.20272291548
RUS_cluster_26170,RUS,51.49099549438782,44.47362403136124,0,132559.53073582874
RUS_cluster_26115,RUS,50.9845408751308,44.796027447685375,0,74367.76221865516
RUS_cluster_26362,RUS,51.65235345862832,45.81585750326051,0,76509.80319731354
RUS_cluster_25989,RUS,56.6279059383866,47.96835880299082,0,11871.281969076594
RUS_cluster_26141,RUS,50.97587665212806,44.79438003343832,0,73403.85398720694
RUS_cluster_26652,RUS,50.124078422287056,45.34856751294273,0,45050.97207313642
RUS_cluster_26556,RUS,52.29981031441726,45.39959058058332,0,97215.9341810953
RUS_cluster_26398,RUS,51.69608188855639,45.54557297536209,0,95616.75385921967
RUS_cluster_26656,RUS,50.08765051408895,45.34612624175799,0,46968.96808895497
RUS_cluster_26355,RUS,51.67953324494415,45.63357997738954,0,89295.03925586505
RUS_cluster_26681,RUS,50.02232402773463,45.46978757081176,0,58342.550644013194
RUS_cluster_26721,RUS,50.09024925688063,45.34607319172111,0,46809.46570088708
RUS_cluster_26702,RUS,50.06213635486259,45.3951783391549,0,51451.443606754074
RUS_cluster_26692,RUS,50.11763938635442,45.37555395739078,0,47084.53940415072
RUS_cluster_26727,RUS,50.1197002017478,45.45347752398144,0,51951.88951385279
RUS_cluster_26882,RUS,51.47061978247624,46.1608435934836,0,47580.13730241323
RUS_cluster_26698,RUS,50.08872051082928,45.35511070185132,0,47444.64386870437
RUS_cluster_26352,RUS,51.65838095696706,45.90367289554464,0,71251.44902341376
RUS_cluster_26899,RUS,51.54198480116858,45.70755962239314,0,79921.81772467504
RUS_cluster_26933,RUS,51.62572002482604,45.97427858678539,0,65304.781065160634
RUS_cluster_25919,RUS,56.0133991541062,47.557066524875445,0,71234.55440538946
RUS_cluster_26910,RUS,51.467470852756406,46.16538343872775,0,47201.2309277716
RUS_cluster_27064,RUS,51.47989767457308,46.17575299442434,0,46797.70765440602
RUS_cluster_26944,RUS,51.58753748869711,45.85662518589766,0,71331.86472370198
RUS_cluster_26651,RUS,50.124851174454506,45.4034989597385,0,48491.41830535737
RUS_cluster_27082,RUS,51.39445486489109,46.07564142866927,0,52492.10451645754
RUS_cluster_27152,RUS,51.374984693821645,46.85051750909364,0,1449.2646373812645
RUS_cluster_27247,RUS,51.529480653627736,43.20881183265311,0,150241.86341110952
RUS_cluster_27416,RUS,51.54112531636732,43.21218286020385,0,151530.40344922704
RUS_cluster_27465,RUS,52.48409617458887,44.20335580105843,0,80563.4113188548
RUS_cluster_27504,RUS,52.24876154710756,43.765777941260446,0,118899.0318456023
RUS_cluster_27701,RUS,50.08691627108172,43.21964289666286,0,60589.273075597936
RUS_cluster_27541,RUS,52.50912826003369,44.15588866151195,0,79952.45593004228
RUS_cluster_27832,RUS,56.22858675646882,42.13161782419297,0,82931.19709917493
RUS_cluster_27809,RUS,50.22660253435376,43.05898527699358,0,45726.62187274592
RUS_cluster_27846,RUS,56.23484592640414,42.1477065790114,0,82929.45604534945
RUS_cluster_27838,RUS,56.22284060012696,42.14519474875851,0,83933.71621929435
RUS_cluster_27258,RUS,51.55298980986039,43.22748458394626,0,153149.20933911903
RUS_cluster_27888,RUS,55.99666906315065,43.10942404028015,0,31923.529862468324
RUS_cluster_27895,RUS,55.9625423187383,43.21949072974753,0,28142.564255672263
RUS_cluster_27885,RUS,55.94297468242315,43.04693456130472,0,38203.111917437556
RUS_cluster_27485,RUS,52.2721000836395,43.76438258339837,0,116883.5627691331
RUS_cluster_27890,RUS,55.943433069067126,43.09506071989354,0,35650.089130295724
RUS_cluster_27937,RUS,55.35418056151066,42.15518438995926,0,123061.40682416102
RUS_cluster_27936,RUS,55.32866896094466,42.21530845224755,0,122419.73734372869
RUS_cluster_27938,RUS,55.43515995643788,42.50869596961613,0,101205.87364083274
RUS_cluster_27955,RUS,55.41537896460464,42.173259867285616,0,117553.25486953027
RUS_cluster_27924,RUS,56.19317289554528,42.6669119597685,0,56688.07152350678
RUS_cluster_27964,RUS,55.55013160960579,42.04341648937169,0,114670.42259655926
RUS_cluster_27887,RUS,55.97614104702927,43.10429167765588,0,33260.140685560495
RUS_cluster_27979,RUS,55.41926929611397,42.1849054092184,0,116719.0214651634
RUS_cluster_27961,RUS,55.40604920346739,42.11394354525564,0,121028.8621981772
RUS_cluster_27971,RUS,55.42104660505865,42.1930117907848,0,116208.51899068135
RUS_cluster_27989,RUS,55.55424085433379,42.19292666339428,0,106745.7199876779
RUS_cluster_27982,RUS,55.3885132133194,43.04186594654843,0,87950.12557639295
RUS_cluster_27995,RUS,55.43338119172563,42.50938082295389,0,101327.82699450251
RUS_cluster_27996,RUS,55.38376998414253,42.97997315758517,0,89966.59160052908
RUS_cluster_27987,RUS,55.61426293214169,42.029642405025946,0,111556.97152555907
RUS_cluster_28108,RUS,51.94620108132815,42.23926663785606,0,186455.56232197996
RUS_cluster_27965,RUS,55.43415017511241,42.51813006898325,0,100904.37962654627
RUS_cluster_28319,RUS,43.00040760022516,44.68642244153339,0,104234.54735822041
RUS_cluster_27998,RUS,55.53821399219654,42.203117284799234,0,107313.13940327433
RUS_cluster_28123,RUS,51.947128919085095,42.23563726853179,0,186575.78986594387
RUS_cluster_28343,RUS,42.85236543797026,44.06643504515179,0,69301.63996635051
RUS_cluster_28348,RUS,43.04570975421414,44.61335056121859,0,105175.31485176418
RUS_cluster_28302,RUS,42.3410040520874,47.37861795464872,0,59577.47939552985
RUS_cluster_28026,RUS,55.43384868812755,42.50312808131975,0,101545.55542855067
RUS_cluster_28478,RUS,43.03542400836235,44.72284484850028,0,109124.09921584497
RUS_cluster_28431,RUS,43.04367999599921,44.87840544863813,0,117644.09449298168
RUS_cluster_28506,RUS,43.16630241373872,45.549456633133616,0,130087.6191298823
RUS_cluster_28452,RUS,43.16224407153501,44.82018742427958,0,125202.55167490887
RUS_cluster_28508,RUS,43.035017353269055,44.72054890038295,0,108978.75949161749
RUS_cluster_28594,RUS,43.35119409690421,45.63719922924175,0,130818.29239636219
RUS_cluster_28617,RUS,43.26767550450587,45.65189275170085,0,125950.72033840066
RUS_cluster_28624,RUS,43.259339471210914,45.659988386426136,0,124994.66209014662
RUS_cluster_28607,RUS,43.26634798771711,45.65807146835992,0,125431.79327877706
RUS_cluster_28402,RUS,43.26193428456742,45.97234971883349,0,102130.03302856922
RUS_cluster_28671,RUS,43.38297404047341,45.55534815777902,0,138313.3697737533
RUS_cluster_28684,RUS,43.50851316679903,45.90149490499743,0,121856.81423957626
RUS_cluster_28626,RUS,43.30335859430858,45.750428865362295,0,120259.48657510953
RUS_cluster_28676,RUS,43.3842027916451,45.5539559629281,0,138474.22997908
RUS_cluster_28559,RUS,43.7300834729024,44.67762563987214,0,176442.26602693874
RUS_cluster_28847,RUS,43.53416302815376,43.657769013397015,0,146430.21918218333
RUS_cluster_29060,RUS,43.78046221477691,43.92759779531836,0,171864.8273047957
RUS_cluster_28815,RUS,43.53712940246667,43.84685265408004,0,145045.69124822714
RUS_cluster_28721,RUS,43.25791651163652,42.64414691292692,0,155972.75587605505
RUS_cluster_28797,RUS,43.5380374344312,43.84553686673902,0,145152.79457578782
RUS_cluster_29107,RUS,43.89466276232882,43.22511463267222,0,193744.95990797927
RUS_cluster_28829,RUS,43.77433913807869,44.605270394156896,0,179246.64718374258
RUS_cluster_29386,RUS,46.69529213156208,47.849068649722376,0,217166.40108583306
RUS_cluster_29406,RUS,46.19983972331101,47.86056629884312,0,264725.1068715607
RUS_cluster_29389,RUS,46.69289689156262,47.84546106847397,0,217228.81357965744
RUS_cluster_29397,RUS,46.694077147920176,47.83724027389857,0,216764.87318552838
RUS_cluster_29390,RUS,46.6859983542498,47.85391417842935,0,218226.4289830863
RUS_cluster_29405,RUS,46.41376560101045,47.96693832756208,0,248253.1605524963
RUS_cluster_29465,RUS,47.41493756842419,47.25116338754491,0,125933.06262467967
RUS_cluster_29422,RUS,46.41318209383898,47.97575934661317,0,248669.43517922363
RUS_cluster_29520,RUS,42.39681717365206,47.90128035366942,0,82586.56931579068
RUS_cluster_29521,RUS,42.38057890457013,47.906531089201614,0,84004.83116748882
RUS_cluster_29443,RUS,46.46031420846319,47.963538998978215,0,243749.9753688131
RUS_cluster_29523,RUS,42.387962633702365,47.897931167764135,0,82947.78199063077
RUS_cluster_28661,RUS,43.29715837256287,45.756339741935776,0,119531.71639210643
RUS_cluster_29768,RUS,43.21331908940388,46.09036529265519,0,91153.3327084669
RUS_cluster_29943,RUS,42.685506277263045,46.86741947431174,0,23759.855119274296
RUS_cluster_29730,RUS,43.21215861375812,46.817549136298425,0,47594.46905558907
RUS_cluster_29895,RUS,42.999243551752,47.343956125545766,0,28458.739749165135
RUS_cluster_29966,RUS,43.021818448555855,46.83862922232482,0,29080.74059145973
RUS_cluster_30030,RUS,47.51027774222146,42.11834155120127,0,130026.5239757177
RUS_cluster_29571,RUS,42.38383840266605,47.89252987261667,0,82867.78298536912
RUS_cluster_30037,RUS,47.51704153734531,42.23932612509601,0,134662.32936420402
RUS_cluster_30041,RUS,47.50894203752927,42.12935982595571,0,130231.05998674889
RUS_cluster_30032,RUS,47.54041922517057,42.11663841091468,0,133042.79849725508
RUS_cluster_29597,RUS,42.90994543204967,47.51961322300773,0,36779.59533477528
RUS_cluster_30029,RUS,47.508224604232126,42.134162900356856,0,130308.19039718306
RUS_cluster_30050,RUS,47.52821037485027,42.24611542297122,0,135999.2513498525
RUS_cluster_30069,RUS,47.522189689947226,42.235691924614976,0,135044.52399837124
RUS_cluster_30201,RUS,48.529965317370255,44.61860146079541,0,24825.727921592075
RUS_cluster_30202,RUS,48.481724415279366,44.654650877495,0,26539.242353807964
RUS_cluster_30214,RUS,48.81310823588503,44.804566534245474,0,3518.135898340656
RUS_cluster_30215,RUS,48.80830391671397,44.78759017748765,0,3126.4197940277304
RUS_cluster_30217,RUS,48.75697023784808,44.83486471973461,0,9800.691943703407
RUS_cluster_30224,RUS,48.47449723971317,44.77525749992292,0,22541.67741995796
RUS_cluster_30207,RUS,48.82376691286764,44.87147768445335,0,7701.388825564176
RUS_cluster_30235,RUS,48.78110404328012,44.83365350238356,0,7549.21505628376
RUS_cluster_30266,RUS,48.70055179419668,44.59779361722458,0,19264.448199774364
RUS_cluster_30277,RUS,48.646392733985095,44.43823321707012,0,31821.156652170375
RUS_cluster_30283,RUS,48.52860320589754,44.62013838605664,0,24825.45343206015
RUS_cluster_30275,RUS,48.47497003551842,44.63076813192607,0,28269.55283403934
RUS_cluster_30270,RUS,48.40879696348321,44.936399493256815,0,28395.690737328274
RUS_cluster_30290,RUS,48.47387323207471,44.65540249680576,0,27171.522512328207
RUS_cluster_30322,RUS,48.47975992445758,44.76648425419521,0,22256.98401494052
RUS_cluster_30307,RUS,48.61622719624202,44.40543897888203,0,35850.79358818788
RUS_cluster_30272,RUS,48.55868251574614,44.40032518108799,0,37831.51154224313
RUS_cluster_30329,RUS,48.49225547349651,44.62898725335418,0,26975.310604220234
RUS_cluster_30326,RUS,48.76994266269271,44.82960303032992,0,8370.418264793683
RUS_cluster_30349,RUS,48.48121995316333,44.768476138828895,0,22048.887936120947
RUS_cluster_30336,RUS,48.80824004377445,44.73100088857568,0,3823.0294980201543
RUS_cluster_30330,RUS,48.52440822536357,44.5910110395913,0,26836.232810171103
RUS_cluster_30406,RUS,48.89764208853025,44.77479935752795,0,7207.918210679685
RUS_cluster_30404,RUS,48.80513851371569,44.57099875975897,0,14696.242502087925
RUS_cluster_30413,RUS,48.93506543843503,44.63334097723679,0,14986.298367953212
RUS_cluster_30408,RUS,48.82263436985015,44.58792388900619,0,13174.864643103314
RUS_cluster_30407,RUS,48.827647102480505,44.633286006578174,0,9821.266700881668
RUS_cluster_30432,RUS,48.92367419037987,44.58833642382716,0,16514.764783703296
RUS_cluster_30444,RUS,48.81698514402781,44.593247546435606,0,12859.332669339812
RUS_cluster_30446,RUS,48.910572947527925,44.60946860029615,0,14404.20971364197
RUS_cluster_30455,RUS,48.82062241848679,44.74008149478217,0,2417.0556186983677
RUS_cluster_30435,RUS,48.930214231520615,44.62879164448768,0,14807.77999422779
RUS_cluster_30417,RUS,48.81518615149648,44.590821078911645,0,13064.355170149896
RUS_cluster_30284,RUS,48.50456699420203,44.47838994523441,0,35021.06546054632
RUS_cluster_30457,RUS,48.6710768503979,44.05260939236338,0,39647.80056457233
RUS_cluster_30466,RUS,48.90786978131934,44.60752519707438,0,14342.044565659988
RUS_cluster_30465,RUS,48.70431359692336,44.38369586713068,0,31540.648230386054
RUS_cluster_30462,RUS,48.91832927288589,44.60165944467792,0,15381.27243967466
RUS_cluster_30463,RUS,48.91882965248587,44.60742967963099,0,15086.444501289227
RUS_cluster_30456,RUS,48.961722747681,44.69479126984603,0,15259.680657982886
RUS_cluster_30467,RUS,48.61480686746861,44.05705515046011,0,45466.73007210666
RUS_cluster_30470,RUS,48.91228328314176,44.60973301642775,0,14503.358578102348
RUS_cluster_30476,RUS,48.79734432113581,44.35643729036018,0,24572.56046667632
RUS_cluster_30516,RUS,48.80613052296969,44.45413413754019,0,23115.782202362618
RUS_cluster_30483,RUS,48.7006837074989,44.41128896673462,0,29949.728784530867
RUS_cluster_30534,RUS,48.82403487816604,44.5923293917771,0,12840.419907329746
RUS_cluster_30507,RUS,48.9196459940921,44.6049227572884,0,15285.855081878963
RUS_cluster_30533,RUS,48.91312554995684,44.61202250990653,0,14428.306110127527
RUS_cluster_30485,RUS,48.92309197017942,44.60372897469859,0,15596.687827442958
RUS_cluster_30502,RUS,48.92802854439954,44.57731490898217,0,17448.57639629523
RUS_cluster_30586,RUS,48.90385246644316,44.77440909716832,0,7894.651786004734
RUS_cluster_30564,RUS,48.70167283668288,44.42343521607242,0,29122.11520015687
RUS_cluster_30572,RUS,48.70850089250384,44.44391691434986,0,27441.433429734374
RUS_cluster_30567,RUS,48.846355550075664,44.56090400562707,0,15171.297076350635
RUS_cluster_30637,RUS,48.98667928222395,44.917751246967136,0,20322.53659101643
RUS_cluster_30589,RUS,48.67646398985498,44.07039996607945,0,38644.354193180436
RUS_cluster_30681,RUS,48.21765228984015,46.82424761150976,0,48531.40025874385
RUS_cluster_30622,RUS,48.52825226365864,44.11502740446712,0,53837.53761822841
RUS_cluster_30705,RUS,48.59175893258526,45.73012673926229,0,7870.188870991537
RUS_cluster_30592,RUS,48.80005372068978,44.525915966870016,0,18043.42826539043
RUS_cluster_30761,RUS,48.477094051668864,43.18053983116693,0,97497.39948163703
RUS_cluster_30764,RUS,48.652068679035374,43.79378139906684,0,51164.76414630673
RUS_cluster_30762,RUS,48.47623551662526,43.18568254732889,0,97254.84373883146
RUS_cluster_30857,RUS,49.75077731104417,43.6523899322801,0,51608.98806677249
RUS_cluster_30895,RUS,49.72370647760376,43.71597143927824,0,46140.375832583
RUS_cluster_30767,RUS,48.609698858031486,42.88034806275534,0,108979.53591155694
RUS_cluster_30904,RUS,49.718966636786845,43.715393525799286,0,45903.850211110344
RUS_cluster_30908,RUS,49.38131659227796,44.10374039939104,0,17985.96376498927
RUS_cluster_30939,RUS,48.981778762957575,43.93660647565598,0,22433.262898128924
RUS_cluster_30856,RUS,49.75354134991658,43.6504379441656,0,51889.6301744047
RUS_cluster_30861,RUS,49.756354034791016,43.6706260580007,0,50831.518613751134
RUS_cluster_30943,RUS,49.04266879959194,44.0628018477137,0,13717.51655621725
RUS_cluster_30941,RUS,48.9818424789442,43.93153733369673,0,22799.839755615452
RUS_cluster_30947,RUS,49.04276759581041,44.06971955187249,0,13241.367043201197
RUS_cluster_30949,RUS,49.05288686866695,44.11224788004232,0,10849.005485303462
RUS_cluster_30946,RUS,49.05803414510628,44.11432017734882,0,11011.882433287654
RUS_cluster_30951,RUS,49.31030992377796,43.98872575581758,0,29408.219207773745
RUS_cluster_30950,RUS,48.98361612461661,43.932767730293655,0,22688.608008333653
RUS_cluster_30976,RUS,49.04997476406477,44.114010409042926,0,10580.98397434128
RUS_cluster_30968,RUS,48.97999505710429,43.93463161904672,0,22600.459283179418
RUS_cluster_30917,RUS,49.722002894651126,43.71529930245338,0,46083.37545218161
RUS_cluster_30970,RUS,49.04955358226362,44.11560619105652,0,10456.336985320555
RUS_cluster_31220,RUS,43.901066353480886,43.18331668582182,0,195478.80002790733
RUS_cluster_31089,RUS,44.992223523124274,42.032962316343344,0,85902.82690378837
RUS_cluster_31250,RUS,44.03074729121431,43.13139787801104,0,210468.6214618772
RUS_cluster_30967,RUS,49.04950961752617,44.10647985577354,0,11045.122742152074
RUS_cluster_31255,RUS,44.03218547963006,43.142101607493416,0,210347.50096333557
RUS_cluster_31500,RUS,43.940054504964806,42.65198856256192,0,188377.18938769904
RUS_cluster_31237,RUS,44.02870729299168,43.14764794694875,0,209840.45229386425
RUS_cluster_31128,RUS,45.05164911130246,42.03378057296255,0,85019.99500257736
RUS_cluster_31286,RUS,44.111334100724406,42.9644866901382,0,194985.66817843015
RUS_cluster_31577,RUS,44.25733881628327,42.05242385126529,0,129849.63861976643
RUS_cluster_31328,RUS,44.0123713169884,42.80665552189923,0,191956.5850316233
RUS_cluster_31525,RUS,43.93066851065382,42.68099116740211,0,190758.3000285038
RUS_cluster_31284,RUS,44.13883491128295,43.023487347069256,0,197057.5652413081
RUS_cluster_31587,RUS,44.25609293496067,42.04053128930813,0,129328.4520879325
RUS_cluster_32052,RUS,46.32246717960509,44.28638905689662,0,219774.58910963964
RUS_cluster_31689,RUS,44.74126085006147,44.96249023675727,0,272187.6235816315
RUS_cluster_32112,RUS,44.805606305269,44.15141114748513,0,253898.94199335543
RUS_cluster_32313,RUS,44.180204896431455,43.43770213237257,0,220268.0256413995
RUS_cluster_32361,RUS,44.24073380348322,43.075236007663776,0,194364.59632986173
RUS_cluster_32362,RUS,44.23469509646199,43.09996525934052,0,196397.97165354923
RUS_cluster_32539,RUS,50.81015612918667,42.05633627638422,0,65001.92182503897
RUS_cluster_32540,RUS,50.778540394140286,42.02330869145219,0,62799.30390206789
RUS_cluster_32560,RUS,51.35046290273444,42.136709504753625,0,121427.57142521333
RUS_cluster_32669,RUS,58.49627893391864,49.6525156394906,0,234530.55154967256
RUS_cluster_32678,RUS,58.50285802274256,49.68474061342036,0,236088.28496341797
RUS_cluster_32142,RUS,44.80760628516956,44.15281067833343,0,253972.41537263646
RUS_cluster_32673,RUS,58.73376878849547,49.47340491032888,0,253468.35306872142
RUS_cluster_32682,RUS,58.504274562056,50.02803533724784,0,246730.08916067632
RUS_cluster_32694,RUS,58.64188190075048,49.55914967664964,0,246335.42035899282
RUS_cluster_32698,RUS,58.50205333571825,49.652436990926994,0,235088.53210119286
RUS_cluster_32697,RUS,58.60966117668275,49.58173330197906,0,243717.44475566264
RUS_cluster_32675,RUS,58.70793217133293,50.19082605490132,0,270821.07349811913
RUS_cluster_32704,RUS,58.503703186441015,49.64837752699552,0,235133.75502862188
RUS_cluster_32699,RUS,58.55983990652783,49.50861561533544,0,236862.91563976303
RUS_cluster_32702,RUS,58.646022662982936,49.59713651430405,0,247727.9424167115
RUS_cluster_32711,RUS,58.42365571615496,49.26111630800724,0,216983.80117987512
RUS_cluster_32734,RUS,58.55730694632707,50.009694079649975,0,251064.45634717462
RUS_cluster_32743,RUS,58.66918448768197,50.14124523823367,0,265647.1576736262
RUS_cluster_32772,RUS,58.52535999406781,49.96886661042826,0,246794.89536729286
RUS_cluster_32715,RUS,58.63342627361886,49.66473185968327,0,248271.3515893501
RUS_cluster_32754,RUS,58.5140523885164,49.41165141948864,0,229810.74301276047
RUS_cluster_32785,RUS,58.63241899487293,49.66273383738372,0,248118.4152584215
RUS_cluster_32775,RUS,58.68938133321976,50.03784295753382,0,264355.6397069266
RUS_cluster_32795,RUS,58.69493922283915,50.031104710390885,0,264679.4993320387
RUS_cluster_32837,RUS,58.67474564381645,50.142062548505386,0,266191.7578399413
RUS_cluster_32847,RUS,58.70898055685222,50.17085883745993,0,270292.2272781956
RUS_cluster_32924,RUS,58.41900786865775,49.244027026479,0,216099.15133329108
RUS_cluster_32840,RUS,58.524217650664,49.96750239109382,0,246645.22313175787
RUS_cluster_32815,RUS,58.52201658902681,49.9731269855466,0,246617.50455928702
RUS_cluster_31283,RUS,44.2692050980344,42.22464323041517,0,138384.26114409653
RUS_cluster_32929,RUS,58.39378380369052,49.05847699354402,0,209249.81841635774
RUS_cluster_33030,RUS,58.12917512846732,52.60923453566362,0,152308.1235906343
RUS_cluster_33035,RUS,58.12603147342675,52.59289294596476,0,152303.3950744904
RUS_cluster_33075,RUS,58.39628013100387,51.11663454504129,0,222191.19846844662
RUS_cluster_33133,RUS,58.31146282446069,48.30006085616554,0,188213.1607931737
RUS_cluster_33070,RUS,58.40981963185507,51.16281444387224,0,221655.85923837728
RUS_cluster_33154,RUS,58.29860083436161,48.31647627342747,0,186971.05057358876
RUS_cluster_33057,RUS,58.11629990654426,52.70451275906189,0,149166.95457168674
RUS_cluster_33174,RUS,63.60347949711112,53.86216189070672,0,752899.224394119
RUS_cluster_33175,RUS,63.60076996340985,53.86209297556567,0,752597.9936856945
RUS_cluster_33134,RUS,58.29951086882635,48.332241582503954,0,187235.68397013383
RUS_cluster_33180,RUS,63.60168761885468,53.85703607446117,0,752691.6239994515
RUS_cluster_33177,RUS,63.60384996239957,53.858729816808,0,752934.7175997873
RUS_cluster_33192,RUS,53.38118021857703,49.08689519116426,0,48350.95690541427
RUS_cluster_31578,RUS,44.25778392521583,42.0545872290217,0,129926.7870894668
RUS_cluster_32701,RUS,58.52174534119418,49.99837534577399,0,247394.12029045468
RUS_cluster_33182,RUS,63.58217634578336,53.671867560600354,0,750287.143127933
RUS_cluster_33202,RUS,53.19421479616059,48.48878586543325,0,65577.96065041874
RUS_cluster_33194,RUS,53.1875066140164,48.76445140882242,0,48356.77742022525
RUS_cluster_33224,RUS,53.17959592644071,48.44538752571172,0,67801.32126750385
RUS_cluster_33247,RUS,52.97435052973214,49.406582656467016,0,2021.0905666622273
RUS_cluster_33254,RUS,52.99271830746288,49.7752797864154,0,24346.726703033604
RUS_cluster_33256,RUS,52.99431447038006,49.77482680020999,0,24316.960708607665
RUS_cluster_33282,RUS,52.991561658584615,49.72724716952429,0,21132.279925574243
RUS_cluster_33213,RUS,53.16930791430956,48.67194804714922,0,53175.648998512406
RUS_cluster_33289,RUS,52.9870751296558,49.77619476464658,0,24416.378408324563
RUS_cluster_33245,RUS,52.98514442920152,49.77310328967943,0,24216.13662399513
RUS_cluster_33322,RUS,53.017269496170925,48.43044063150884,0,65703.51292258243
RUS_cluster_33336,RUS,53.1298201241819,48.41642079369546,0,68231.9075044632
RUS_cluster_33323,RUS,53.110016863856245,48.41744409927656,0,67720.24493458851
RUS_cluster_33437,RUS,53.11389004758427,48.41791823536812,0,67770.83670734694
RUS_cluster_33369,RUS,53.09517731734395,48.42562870917782,0,66892.84811450641
RUS_cluster_33337,RUS,53.11279779064849,48.391543359503565,0,69476.35990515629
RUS_cluster_33331,RUS,53.1322473341287,48.41798330125783,0,68189.4246388757
RUS_cluster_33343,RUS,53.12001702342042,48.413029699968334,0,68224.93826633361
RUS_cluster_33466,RUS,53.1164939106055,48.38885194659721,0,69730.23256364773
RUS_cluster_33529,RUS,53.08421028322024,50.75337728494243,0,60118.366356113016
RUS_cluster_33470,RUS,53.12399562398183,48.41768028810371,0,68011.86961276204
RUS_cluster_33443,RUS,52.69387255792863,48.19057800870095,0,88458.13973466093
RUS_cluster_33544,RUS,53.30723089041165,50.315341343971184,0,22126.91853285163
RUS_cluster_33543,RUS,53.30330668296193,50.34198188837978,0,23585.57176980375
RUS_cluster_33545,RUS,53.252042027857314,50.38020591339232,0,29620.76423636032
RUS_cluster_33531,RUS,53.08464603512709,50.76907786825694,0,60831.9082550442
RUS_cluster_33556,RUS,53.371683528429806,50.37419041584114,0,20299.88925670057
RUS_cluster_33560,RUS,53.51233898594423,50.26883743960301,0,11801.934709294977
RUS_cluster_33566,RUS,53.18517010327418,50.463255029749455,0,38886.864680083
RUS_cluster_33569,RUS,53.34988891397829,50.200509087671215,0,14042.137749820735
RUS_cluster_33587,RUS,53.48647876223846,50.02382617331611,0,6222.52634738544
RUS_cluster_33581,RUS,53.28790582437974,50.22097320351318,0,20925.573640698127
RUS_cluster_33591,RUS,53.2992910287206,50.36262432463407,0,24828.900161705882
RUS_cluster_33592,RUS,53.27065405095111,50.38792107931827,0,28329.650029787266
RUS_cluster_33542,RUS,53.484463616904485,49.86541577126216,0,16343.53875640743
RUS_cluster_33550,RUS,53.36297458800613,50.352943932453165,0,19637.897205902438
RUS_cluster_33605,RUS,53.27302780219837,50.39019379002531,0,28228.547162061754
RUS_cluster_33594,RUS,53.371515886783335,50.36726724790058,0,19915.173306316898
RUS_cluster_33652,RUS,53.5132597584654,50.26390502681005,0,11560.282048585637
RUS_cluster_33665,RUS,53.37159856630574,50.35185876091278,0,19043.27034055871
RUS_cluster_33609,RUS,53.25245073024304,50.37678511445043,0,29447.503170364394
RUS_cluster_33691,RUS,53.05317694002278,50.494210644199576,0,52350.787460147294
RUS_cluster_33754,RUS,53.51563907436418,50.26942634236525,0,12007.168208733194
RUS_cluster_33756,RUS,53.302847775551264,50.33459215100879,0,23308.06540341471
RUS_cluster_33627,RUS,53.2937531157973,50.36138057976298,0,25232.83431966417
RUS_cluster_33740,RUS,53.27321582241834,50.39318054213718,0,28343.763012549072
RUS_cluster_33846,RUS,53.585305646181375,49.77272309673891,0,26052.87671384637
RUS_cluster_33842,RUS,53.582706051349696,49.7691840666005,0,26106.66858112231
RUS_cluster_33891,RUS,53.405299524897046,49.40469436619155,0,45927.69181355777
RUS_cluster_33893,RUS,53.49990513454399,49.40693924686159,0,46689.71480463839
RUS_cluster_33903,RUS,53.407861027654725,49.40623271292301,0,46211.609721182875
RUS_cluster_33929,RUS,53.49258160886513,49.47685972845719,0,42016.21219997609
RUS_cluster_33938,RUS,53.52971385067219,49.34292839280831,0,51259.45713212898
RUS_cluster_33955,RUS,53.111697982218274,50.12004974307174,0,39186.538621326465
RUS_cluster_33905,RUS,53.478851461091374,49.36827955699939,0,49117.05300933117
RUS_cluster_33981,RUS,53.115958195779086,50.11654821227992,0,38709.56767081101
RUS_cluster_33976,RUS,53.086775663374894,50.001204503300535,0,40800.93906323049
RUS_cluster_33980,RUS,53.40643564301424,49.50572958525705,0,40536.08309107667
RUS_cluster_33899,RUS,53.479397747264784,49.45527603288215,0,43364.916762417
RUS_cluster_33985,RUS,53.4253209744124,49.53768180041603,0,38145.47374273928
RUS_cluster_33977,RUS,53.11424435398806,50.11370282250045,0,38898.46178609552
RUS_cluster_33963,RUS,53.34430198679928,49.46975968716419,0,39334.873405821934
RUS_cluster_33998,RUS,53.14309370480805,50.04401718603282,0,35957.86257564494
RUS_cluster_34012,RUS,53.1422720161501,50.04783786940233,0,36018.57149126156
RUS_cluster_33988,RUS,53.11524334939685,50.121410441595245,0,38794.03607220537
RUS_cluster_33989,RUS,53.41152832667931,49.46950689770821,0,42823.62188522879
RUS_cluster_33982,RUS,53.087455431034186,49.94953269716832,0,37494.391641180955
RUS_cluster_34020,RUS,53.14320128206439,50.03452894838134,0,36028.292530454404
RUS_cluster_34031,RUS,53.103598635613,50.08166874588153,0,40125.570512438906
RUS_cluster_34023,RUS,53.10340323259695,50.03194737860387,0,40437.219371525316
RUS_cluster_34021,RUS,53.40282636156692,49.5093572432199,0,40366.2405126112
RUS_cluster_34081,RUS,53.11620667396779,50.16036145638387,0,38824.18962594882
RUS_cluster_34090,RUS,53.11803700260035,50.15639672116205,0,38599.46495744359
RUS_cluster_34068,RUS,53.144152860298455,50.04849320030006,0,35805.813135288365
RUS_cluster_34018,RUS,53.11560058213544,50.15149742887412,0,38845.03457756375
RUS_cluster_34104,RUS,53.08582756767159,49.98347318223848,0,39629.240449064906
RUS_cluster_34119,RUS,51.98822336686503,48.766004521693255,0,119894.6321958414
RUS_cluster_34186,RUS,51.99399922437431,48.81980875658527,0,118010.23023552157
RUS_cluster_34530,RUS,53.991894959864005,48.32647978812723,0,21043.12321727879
RUS_cluster_34329,RUS,52.79248452238683,51.166302032718455,0,102679.84166981182
RUS_cluster_34560,RUS,54.37281730509776,48.6414081989774,0,35731.91668357844
RUS_cluster_34552,RUS,54.15327920555588,48.364470033611056,0,20802.492100683103
RUS_cluster_34549,RUS,54.37442060032342,48.63776482663735,0,35907.004014225706
RUS_cluster_34574,RUS,54.249053373103656,48.34340086427414,0,28916.945727597827
RUS_cluster_34569,RUS,54.15332856769791,48.38702816330116,0,19587.873850116503
RUS_cluster_34063,RUS,53.4227691592631,49.53949097135708,0,38060.7388706896
RUS_cluster_34562,RUS,54.34636502463752,48.49616486910714,0,33958.7270500301
RUS_cluster_34582,RUS,54.38213006163841,48.55430539181812,0,37109.70559221028
RUS_cluster_34590,RUS,54.103090295119685,48.53542639665763,0,8529.273059737796
RUS_cluster_34597,RUS,54.10901977159599,48.53538262748969,0,8987.523321072209
RUS_cluster_34564,RUS,54.362513143003575,48.53743387069989,0,35126.08136164731
RUS_cluster_34712,RUS,53.527939788541495,49.18185484778131,0,61490.06567436539
RUS_cluster_34663,RUS,54.335084684501815,48.689102097717765,0,31747.727172292613
RUS_cluster_34767,RUS,53.39326842315924,49.06950301013756,0,50071.91200107396
RUS_cluster_34551,RUS,54.360820772352085,48.53525571135427,0,34966.12118230511
RUS_cluster_34830,RUS,54.42189588026599,53.785600323808765,0,23333.04973936745
RUS_cluster_34734,RUS,53.52914402436734,49.179676094025055,0,61655.811964089495
RUS_cluster_33246,RUS,52.99330375924619,49.44753959750579,0,2413.5809148770904
RUS_cluster_34829,RUS,54.5588019191102,53.81653516892506,0,24356.691217600994
RUS_cluster_34832,RUS,54.559234472435456,53.82589946384865,0,24952.84292965339
RUS_cluster_34833,RUS,54.39185727919215,53.24413846936207,0,18182.495146812053
RUS_cluster_34852,RUS,54.51845016043214,53.531076727512,0,5424.756923061215
RUS_cluster_34858,RUS,54.58574538359626,53.72081311916121,0,19682.706190194214
RUS_cluster_34862,RUS,54.42091841712594,53.79208597875202,0,23762.27879833526
RUS_cluster_34834,RUS,54.47630983317094,53.527865355110045,0,5676.771499550933
RUS_cluster_34891,RUS,54.41237308562225,53.79253515774567,0,24167.49121568718
RUS_cluster_34887,RUS,54.47212292007239,53.53004066266611,0,6042.014568897351
RUS_cluster_34934,RUS,54.423153817470016,53.79136098574443,0,23624.977076264917
RUS_cluster_34937,RUS,54.38157751215841,53.27183612843753,0,17749.268298476745
RUS_cluster_34839,RUS,54.58616288730847,53.72610290180888,0,20005.576005376584
RUS_cluster_35096,RUS,54.57661116875645,52.412622592269045,0,67556.0130028747
RUS_cluster_34992,RUS,53.665985826518245,53.65862310951091,0,93936.3742504142
RUS_cluster_35033,RUS,52.441215858453575,53.130398704748885,0,230137.7536814623
RUS_cluster_34967,RUS,53.90325221215344,53.91641645648673,0,73113.69562706037
RUS_cluster_35259,RUS,54.87632650996984,52.29008648593677,0,85488.44420049444
RUS_cluster_35265,RUS,54.89939533382515,52.37335626045561,0,82188.89623783826
RUS_cluster_35268,RUS,54.9150222735605,52.30278903837315,0,86939.40666550361
RUS_cluster_35270,RUS,54.88024387727454,52.28470865790069,0,85999.49762297017
RUS_cluster_35304,RUS,54.89527981396556,52.36855002507142,0,82208.12108751976
RUS_cluster_35324,RUS,54.809385781194,52.79767971432938,0,54214.05999763919
RUS_cluster_35348,RUS,54.89065761371732,52.37760382529254,0,81445.56567150743
RUS_cluster_35287,RUS,54.85848869138405,53.0469214862112,0,47423.1184242108
RUS_cluster_35370,RUS,54.87273320887781,52.24958823051319,0,87585.36603938913
RUS_cluster_35430,RUS,54.87166123443081,52.28621638526505,0,85458.87650494116
RUS_cluster_35439,RUS,54.91549137833866,52.31340225481551,0,86388.64235610323
RUS_cluster_35408,RUS,54.86953484033195,52.43370270497296,0,77158.37854210172
RUS_cluster_35662,RUS,53.64742922304576,52.145055363485376,0,127667.30166995058
RUS_cluster_35729,RUS,52.802342622873816,52.22507177825322,0,159125.90135086508
RUS_cluster_35734,RUS,52.80621325014341,52.24088847110216,0,159859.06053032455
RUS_cluster_35732,RUS,52.80826616646859,52.239716526207815,0,159682.19641760804
RUS_cluster_35419,RUS,54.87550752689024,52.25262957180666,0,87556.5040348509
RUS_cluster_35795,RUS,53.24700078985503,51.18444381853794,0,75281.65577965246
RUS_cluster_35763,RUS,53.11132149782653,51.07203723325102,0,75019.35785145925
RUS_cluster_35731,RUS,52.80382417450949,52.21879584918362,0,158676.4225799465
RUS_cluster_35830,RUS,53.38643357368655,51.307507642688805,0,79813.05088996931
RUS_cluster_35837,RUS,53.34030230952413,51.17606735915252,0,72001.79724318387
RUS_cluster_35853,RUS,53.38387340501881,51.35171723234173,0,82758.24890368982
RUS_cluster_35755,RUS,52.806395444224975,52.244203660674295,0,160046.18198744225
RUS_cluster_35858,RUS,53.384910829457866,51.36118616933081,0,83368.74909673027
RUS_cluster_35886,RUS,53.38568800478659,51.3579133615621,0,83143.26640945958
RUS_cluster_35966,RUS,50.44190189692938,48.14655394543928,0,139262.84474418423
RUS_cluster_35873,RUS,53.70948879697693,51.93859544149783,0,123742.53192930084
RUS_cluster_35983,RUS,50.439739286780295,48.149293978583714,0,139571.64674266972
RUS_cluster_36000,RUS,51.35361313406429,48.29454596994256,0,101590.31701575383
RUS_cluster_36186,RUS,52.54844965000858,52.83278870058621,0,208679.14968007474
RUS_cluster_36183,RUS,52.538681970252696,52.83763096652313,0,209511.0433441898
RUS_cluster_36182,RUS,52.54409936600174,52.83904583844887,0,209288.55459076882
RUS_cluster_36201,RUS,52.54786469142272,52.81452488606077,0,207646.5198191088
RUS_cluster_36207,RUS,52.54231241731627,52.82240212405602,0,208418.8005061776
RUS_cluster_36238,RUS,52.549723524152256,52.80643181650216,0,207070.05157916265
RUS_cluster_36303,RUS,52.39771576862359,53.15802403253215,0,234796.81849928835
RUS_cluster_36292,RUS,52.40131313117181,53.16434728176509,0,234363.75232778143
RUS_cluster_36359,RUS,55.87760399876499,49.1144236058585,0,118591.5255959161
RUS_cluster_36357,RUS,55.87814262852926,49.11119925425357,0,118409.44355448373
RUS_cluster_35969,RUS,50.44300170978283,48.15190796180887,0,139419.34247807958
RUS_cluster_36380,RUS,55.83330257021562,48.77395134601487,0,109072.53629783563
RUS_cluster_36361,RUS,55.865142211316304,49.21324736665879,0,122118.00660314552
RUS_cluster_36395,RUS,55.83363677248299,48.77274760663229,0,108999.69101685904
RUS_cluster_36417,RUS,55.87813852844205,49.01360200687141,0,114294.81524184954
RUS_cluster_36406,RUS,55.81634941527777,48.86623747115786,0,113918.0794306898
RUS_cluster_36365,RUS,55.92777367737329,49.202577008488745,0,118598.86575819372
RUS_cluster_34870,RUS,54.41893946786854,53.7903458453788,0,23743.5153564432
RUS_cluster_36427,RUS,55.87315760564959,48.89321277881331,0,109896.50391390617
RUS_cluster_36450,RUS,55.87647790456775,49.01444286145754,0,114467.96363651598
RUS_cluster_36407,RUS,55.87854294461174,49.01782457453156,0,114435.69403086751
RUS_cluster_36501,RUS,55.855519673013696,48.50219907536518,0,98327.74306447414
RUS_cluster_36433,RUS,55.92236480069123,49.30285915805163,0,114848.79464294403
RUS_cluster_35855,RUS,53.61761723245103,51.67497130445639,0,104809.03375602944
RUS_cluster_36499,RUS,55.8520069628788,48.4838237472667,0,98165.55079242357
RUS_cluster_36454,RUS,55.87465745354583,49.017145825150905,0,114731.30710069652
RUS_cluster_36496,RUS,55.85071621821753,48.48001686582223,0,98190.0038024728
RUS_cluster_36667,RUS,55.68222570623665,49.15460372902348,0,133418.54724883928
RUS_cluster_36650,RUS,55.72844083243791,49.19999039484652,0,128610.04458844411
RUS_cluster_36517,RUS,55.85406448961757,48.511968437409855,0,98748.52914279109
RUS_cluster_36601,RUS,55.80923206123742,49.44324457918306,0,111031.830756386
RUS_cluster_36774,RUS,56.2476909710658,51.14228834737717,0,3946.638224610936
RUS_cluster_36974,RUS,54.215658559164,49.53095317117344,0,61330.499361026814
RUS_cluster_36975,RUS,54.21241358459229,49.55538045704246,0,62749.98623290063
RUS_cluster_36824,RUS,56.18902320865318,50.88195828832343,0,12496.301187127558
RUS_cluster_36982,RUS,54.18594195837633,49.39996014061645,0,52220.77109325493
RUS_cluster_36540,RUS,55.85623184138731,48.51670525352808,0,98669.40887586834
RUS_cluster_36980,RUS,54.23528557987186,49.54855638775026,0,63085.46501033742
RUS_cluster_36983,RUS,54.22931130922857,49.54298541253099,0,62533.160229431574
RUS_cluster_36986,RUS,54.20017800704295,49.58641590150091,0,64336.49542451299
RUS_cluster_36984,RUS,54.14761920813735,49.75518054282606,0,73995.34567314223
RUS_cluster_36831,RUS,56.18912561407804,50.8789997810131,0,12675.059768753561
RUS_cluster_37004,RUS,54.23821458047221,49.55310541799107,0,63469.617306703025
RUS_cluster_36998,RUS,54.15422153805304,49.75331074673603,0,73978.7189801886
RUS_cluster_37037,RUS,54.21511019735829,49.54394645955844,0,62121.63039323
RUS_cluster_37127,RUS,55.742688709309135,52.00515783300756,0,77290.2391885771
RUS_cluster_37019,RUS,54.151743270087614,49.75190075211211,0,73847.96643508378
RUS_cluster_37129,RUS,55.759934291808186,51.9865041137771,0,75138.65399273162
RUS_cluster_37149,RUS,55.629968461537246,51.889575282768,0,81598.78343472676
RUS_cluster_37161,RUS,55.276117463655744,52.00045396695671,0,118456.53342500234
RUS_cluster_37171,RUS,55.29919433771413,51.9828415712232,0,115670.40868664208
RUS_cluster_37278,RUS,55.61909123365379,51.82966461338525,0,80334.67665280424
RUS_cluster_37196,RUS,55.42311099960716,51.39530605925662,0,89382.57901324789
RUS_cluster_37156,RUS,55.78001105578681,52.0004759403385,0,74334.51512522384
RUS_cluster_37238,RUS,55.68076553704468,51.82295841055006,0,74574.50890106698
RUS_cluster_37380,RUS,56.444318341843214,48.11583271990735,0,30316.89807531172
RUS_cluster_37395,RUS,55.960100490358336,48.41419014106455,0,85476.0248493232
RUS_cluster_37318,RUS,55.593570461129794,51.930675268318055,0,86380.17722615473
RUS_cluster_37131,RUS,55.43405742554186,51.40480993124563,0,88328.80808183557
RUS_cluster_37383,RUS,55.887246307052735,48.385669133239865,0,92023.15392060053
RUS_cluster_37408,RUS,55.83931676222136,48.228513403766,0,93574.82293754749
RUS_cluster_37390,RUS,55.88557324671621,48.37848595547691,0,92013.0492734001
RUS_cluster_37436,RUS,55.95769438452295,48.41975155183567,0,85872.28515337557
RUS_cluster_36990,RUS,54.21352271830142,49.55888880623976,0,63003.47667291852
RUS_cluster_37414,RUS,55.96342905727935,48.41175363931105,0,85077.49904311897
RUS_cluster_37419,RUS,55.75788605267612,48.25619574589792,0,102741.55501398294
RUS_cluster_37429,RUS,55.96147011805052,48.40958857376633,0,85209.97556934133
RUS_cluster_37734,RUS,56.422993014988414,53.7690882012215,0,49924.824061693966
RUS_cluster_37438,RUS,55.96493400418071,48.033878781495126,0,76993.64307616463
RUS_cluster_37775,RUS,56.8995132824759,53.248808882953554,0,13996.488075449399
RUS_cluster_37779,RUS,56.89572446031856,53.26350096183182,0,13014.11502791516
RUS_cluster_37778,RUS,56.84372738014692,53.31573140966781,0,8047.230579044755
RUS_cluster_37586,RUS,56.74710523063376,48.34557036779918,0,36670.43420567288
RUS_cluster_37727,RUS,56.496765581543016,53.68915997790939,0,40472.96042119943
RUS_cluster_37784,RUS,56.83161657205228,53.300787057334325,0,8917.614090767553
RUS_cluster_37781,RUS,56.92091028987426,53.47539554345761,0,9640.111081602936
RUS_cluster_37780,RUS,56.85561171259047,53.11899055537882,0,20082.932734687536
RUS_cluster_37800,RUS,56.80480251501002,53.368399557928285,0,5892.262226326491
RUS_cluster_37804,RUS,56.895237155902805,53.229141339435145,0,14820.363421871998
RUS_cluster_37797,RUS,56.82154387409749,53.10171807602712,0,21077.126529900168
RUS_cluster_37807,RUS,56.88601554593922,53.35860136788568,0,7774.332817305786
RUS_cluster_37789,RUS,56.83524239444712,53.315768386224974,0,7995.007580619827
RUS_cluster_37818,RUS,56.78115897113741,53.38042796674162,0,7291.081518524547
RUS_cluster_37736,RUS,56.41641081780437,53.772730751569085,0,50686.02130596823
RUS_cluster_37816,RUS,56.79866163587302,53.20927653966767,0,15050.849996580802
RUS_cluster_37822,RUS,56.85291953031602,53.115026501892906,0,20292.645402942268
RUS_cluster_37836,RUS,56.91796677373875,53.4757048760913,0,9321.683812257525
RUS_cluster_37823,RUS,56.7700016869597,53.46686768120632,0,7391.204511779066
RUS_cluster_37828,RUS,56.89405577744148,53.23159114431786,0,14628.69500891692
RUS_cluster_37827,RUS,56.896238187683295,53.23174011176567,0,14729.745371583167
RUS_cluster_37837,RUS,56.90456151848558,53.33116383222382,0,10418.225444250946
RUS_cluster_37844,RUS,56.84225017158453,53.3243654465417,0,7507.830124457914
RUS_cluster_37846,RUS,56.89415981073936,53.254839809162746,0,13383.160999025127
RUS_cluster_37809,RUS,56.89707228192254,53.31929318517314,0,10352.17032942058
RUS_cluster_37850,RUS,56.85705098081678,53.11895838614134,0,20102.860611576685
RUS_cluster_37865,RUS,56.8354942583164,53.33498296784244,0,6826.099851111776
RUS_cluster_37858,RUS,56.85370299699997,53.11870485378408,0,20078.31230871306
RUS_cluster_37867,RUS,56.85412421846036,53.33820587163394,0,6941.250013516624
RUS_cluster_37409,RUS,55.758262752054,48.25215205849125,0,102629.36949783284
RUS_cluster_37927,RUS,57.03078670416714,53.97340818351056,0,38603.92940996114
RUS_cluster_37895,RUS,56.80196878277781,53.37828968784192,0,5618.4641673199485
RUS_cluster_37798,RUS,56.887827065454296,53.35766166586434,0,7959.687746731098
RUS_cluster_37928,RUS,57.02264106653932,53.99561579101219,0,39240.909005510715
RUS_cluster_37933,RUS,57.02333549810402,53.98798279781528,0,38890.08841878925
RUS_cluster_37934,RUS,57.02674808855103,53.97709119235783,0,38540.89059130233
RUS_cluster_38042,RUS,56.86660948268653,53.074766072372526,0,22906.357937678255
RUS_cluster_37939,RUS,57.07696965220452,53.977953543790576,0,41904.03110430282
RUS_cluster_38028,RUS,56.86686316190645,53.08697109255351,0,22177.327843143714
RUS_cluster_38043,RUS,57.11317459755856,52.97157774378461,0,42231.423271985055
RUS_cluster_38176,RUS,55.65674142135669,52.23550542480995,0,94430.18982254955
RUS_cluster_38235,RUS,55.89323411567744,52.30108459016995,0,83368.57332880422
RUS_cluster_37968,RUS,57.0239139174821,53.981053752815946,0,38570.70223045151
RUS_cluster_38238,RUS,55.891753421734656,52.3021575018601,0,83502.26655460095
RUS_cluster_38300,RUS,55.77841547174647,52.407270016981,0,95262.23810625744
RUS_cluster_38251,RUS,55.707710254791614,52.51968367152614,0,105370.80088386925
RUS_cluster_38328,RUS,55.89519966290263,52.29717436137031,0,83052.71094534191
RUS_cluster_38274,RUS,55.68611168350841,52.4801733329576,0,104620.75827574452
RUS_cluster_38333,RUS,55.67962176163707,52.44489197371317,0,103213.60558816524
RUS_cluster_38472,RUS,56.45795191501123,52.22564552489002,0,74365.74195452886
RUS_cluster_38463,RUS,56.43051559752059,52.258409641348464,0,75296.38639366195
RUS_cluster_38211,RUS,55.657602841779024,52.24597318009573,0,94865.14749275534
RUS_cluster_38374,RUS,56.48979040334557,53.53331388405656,0,38810.055802341194
RUS_cluster_38480,RUS,56.449021235079385,52.243757770000165,0,75082.46319065978
RUS_cluster_38520,RUS,56.42863565576675,52.23487406543763,0,73853.03630793562
RUS_cluster_38531,RUS,41.67809374356078,48.37826406066048,0,117400.03228266002
RUS_cluster_38486,RUS,56.4520900644189,52.33994911195505,0,80007.09953681084
RUS_cluster_38605,RUS,46.44300531110214,48.45458442857132,0,267436.0569148529
RUS_cluster_38748,RUS,54.59842650921152,55.39569781265656,0,125809.51888391923
RUS_cluster_38750,RUS,54.65735526530854,55.586333859032656,0,138625.73642437992
RUS_cluster_38727,RUS,54.67087065641325,55.58412871783458,0,138657.5626106709
RUS_cluster_38767,RUS,54.73714706442323,55.82973510480152,0,155295.56421971993
RUS_cluster_38795,RUS,54.65335858555427,55.58999028938362,0,138811.6630035755
RUS_cluster_38660,RUS,42.23781301263894,48.04930186693694,0,103075.16042261908
RUS_cluster_38861,RUS,54.9775814751751,55.54388382918306,0,144314.31592384458
RUS_cluster_39126,RUS,53.33243992240199,55.89447638073611,0,206135.48012845623
RUS_cluster_38756,RUS,54.65705701064724,55.59521908678743,0,139190.2285677072
RUS_cluster_38865,RUS,54.98033452937616,55.545401750209074,0,144513.07328296342
RUS_cluster_39160,RUS,53.38812655738244,55.95038820617263,0,205106.69459009636
RUS_cluster_39137,RUS,53.3269436707064,55.95833368100872,0,209784.24131299794
RUS_cluster_37899,RUS,56.89483795057118,53.35190936989387,0,8771.664765713613
RUS_cluster_39167,RUS,53.37832168367922,55.927810498390535,0,204610.0579951736
RUS_cluster_39189,RUS,53.66592339046285,56.00022241644024,0,190433.9881046612
RUS_cluster_39165,RUS,53.441234616630055,56.07954403603109,0,208418.064719384
RUS_cluster_39206,RUS,53.431264116176685,56.05709839535085,0,207859.3377868228
RUS_cluster_39190,RUS,53.44107561143659,56.01566676905948,0,204998.7191868894
RUS_cluster_39138,RUS,53.35055890256003,55.91810872782756,0,206053.43038854876
RUS_cluster_39221,RUS,53.43163980794535,56.03692227171036,0,206754.56340553574
RUS_cluster_39249,RUS,53.6589080532944,55.95170084774007,0,188078.2984117272
RUS_cluster_39224,RUS,53.376325018149416,55.92695739733994,0,204704.56178493044
RUS_cluster_39204,RUS,53.392486267827046,55.91431066265196,0,202928.5467429484
RUS_cluster_39257,RUS,53.74752890896924,55.92523627226525,0,181681.2690198296
RUS_cluster_39271,RUS,53.67478276165031,55.95456380949272,0,187340.426359368
RUS_cluster_39220,RUS,53.38837439621256,55.91259052422351,0,203123.82644265762
RUS_cluster_39284,RUS,53.381812871696624,55.91967778136175,0,203946.3102850245
RUS_cluster_39163,RUS,53.66822405991815,55.969333652255216,0,188548.7440941915
RUS_cluster_39644,RUS,55.03519271981142,55.99804746010868,0,173737.3474426684
RUS_cluster_39634,RUS,55.04109200616232,55.950999458533005,0,171121.79733219347
RUS_cluster_39324,RUS,53.452291390039726,56.05298260529592,0,206272.08147826674
RUS_cluster_39736,RUS,59.047469342990986,57.68539612477796,0,350675.9426940651
RUS_cluster_39660,RUS,54.7639540412967,55.94017550850865,0,162762.39943185926
RUS_cluster_39730,RUS,59.16954898626748,57.58321238498839,0,355878.6941830531
RUS_cluster_39738,RUS,56.6373882223041,54.09033779423039,0,44991.9488567229
RUS_cluster_39754,RUS,56.78845130138605,54.04975894506011,0,37048.30257622348
RUS_cluster_39663,RUS,54.80772330884584,56.142051682812856,0,176339.65854027576
RUS_cluster_39785,RUS,56.75456800899245,54.076703645783326,0,39377.476836591675
RUS_cluster_39646,RUS,55.05667885997904,55.942432255553626,0,171194.9893596523
RUS_cluster_39787,RUS,56.74986498936372,54.0756892039076,0,39442.79243615275
RUS_cluster_39783,RUS,56.78125464314496,54.09372902229153,0,39816.76977249109
RUS_cluster_39786,RUS,56.739096844711305,54.136697217783855,0,43343.89775680456
RUS_cluster_39807,RUS,57.998355466156994,55.91768519989112,0,196450.1980838394
RUS_cluster_39779,RUS,57.075774332437646,54.014023688403086,0,43524.7938033152
RUS_cluster_39791,RUS,56.76370965332858,54.16345970189303,0,44336.93225640788
RUS_cluster_39811,RUS,57.99404715058375,55.9366145824146,0,196997.90839796705
RUS_cluster_39842,RUS,58.00725052561412,55.94588612896384,0,198358.5511966154
RUS_cluster_39852,RUS,58.02017266640836,55.939245584588136,0,198987.01681745876
RUS_cluster_39849,RUS,58.04954229653536,56.09111957542238,0,207942.56907969576
RUS_cluster_39802,RUS,56.74536661976665,54.14268957918301,0,43528.21688925044
RUS_cluster_39858,RUS,58.00999949690775,55.95158086982274,0,198812.0219465005
RUS_cluster_39855,RUS,58.00502317776503,55.95257002937455,0,198501.57391577572
RUS_cluster_39875,RUS,58.04844531596377,56.09317542688058,0,207958.84504998513
RUS_cluster_39817,RUS,58.01125566985906,55.92906363904655,0,197888.0852577732
RUS_cluster_39878,RUS,57.95960497888856,56.1491932885259,0,204491.44132338956
RUS_cluster_39879,RUS,58.01775991163061,55.95847619788866,0,199678.1544390156
RUS_cluster_39893,RUS,58.0049274756114,55.94893077314981,0,198330.21315347566
RUS_cluster_39892,RUS,58.07710146271551,55.87066072823117,0,200156.6131817548
RUS_cluster_39884,RUS,58.01524751761925,55.96488180138814,0,199787.31733607978
RUS_cluster_39925,RUS,58.00940535046592,55.93553091162536,0,198046.06308239704
RUS_cluster_39905,RUS,57.95131251434758,56.13908372948799,0,203463.67205392182
RUS_cluster_39923,RUS,58.04786435988578,56.08827669063904,0,207694.90915120294
RUS_cluster_39880,RUS,58.03079124773276,56.02879803199611,0,203785.6260764098
RUS_cluster_39947,RUS,57.99813248886466,55.9150411768094,0,196315.07797956848
RUS_cluster_39959,RUS,58.03485906398546,56.13620304070392,0,208980.83847329926
RUS_cluster_39971,RUS,57.9585773922456,56.14792841135949,0,204363.47687505398
RUS_cluster_39960,RUS,58.03690466438244,56.13640853503239,0,209131.98900440257
RUS_cluster_39934,RUS,58.05143045534773,56.09736555820936,0,208359.90486084044
RUS_cluster_39972,RUS,58.032614313935305,56.03626715422489,0,204253.6881988414
RUS_cluster_39939,RUS,58.04372695401816,56.069160056505744,0,206533.57905771548
RUS_cluster_39989,RUS,58.02961062356069,56.02507265933879,0,203532.95696787955
RUS_cluster_39966,RUS,58.00402738163075,56.137349443612486,0,206917.17787880579
RUS_cluster_40003,RUS,57.99312245256257,56.14260841643896,0,206423.07819189786
RUS_cluster_40004,RUS,57.95966535670784,56.15270041781569,0,204661.72543033925
RUS_cluster_40151,RUS,56.24263196205415,54.56160194912139,0,94947.1516521896
RUS_cluster_40070,RUS,55.50701507782459,54.84039502340187,0,142569.73669698948
RUS_cluster_40288,RUS,51.18230752510652,58.27774701146912,0,400026.4927915781
RUS_cluster_40289,RUS,51.18464594349505,58.28333031040593,0,399581.5094766366
RUS_cluster_40313,RUS,52.96551491657153,55.91805826850318,0,235563.51358687726
RUS_cluster_40296,RUS,51.184020493253016,58.275365943603056,0,400134.7577874982
RUS_cluster_40324,RUS,52.97566277913533,55.93027992253912,0,235288.92389927348
RUS_cluster_40315,RUS,52.96735650395136,55.91554877936795,0,235299.0030788118
RUS_cluster_40282,RUS,51.18219869170248,58.28153483170239,0,399775.6142884135
RUS_cluster_40336,RUS,52.776541274460136,55.78842234546806,0,246015.6846071132
RUS_cluster_40329,RUS,52.980953476109455,55.93149856849336,0,234913.53405998476
RUS_cluster_40160,RUS,56.137430547925526,54.17258491002036,0,89497.94119165497
RUS_cluster_40380,RUS,52.74618154795478,55.78508089765803,0,248554.5884705108
RUS_cluster_40366,RUS,52.780852068972514,55.788236982712334,0,245629.5620259601
RUS_cluster_39997,RUS,58.00575337572414,55.91386905256847,0,196809.70882712188
RUS_cluster_40374,RUS,52.97244077509709,55.9249022374953,0,235307.25028566644
RUS_cluster_40350,RUS,52.97313678059026,55.9305273591625,0,235506.19006207623
RUS_cluster_40401,RUS,52.77946473463194,55.78626054539661,0,245669.75169030155
RUS_cluster_40436,RUS,51.99654640771946,55.50970437877295,0,310385.99632489553
RUS_cluster_40535,RUS,52.34768377292114,56.15103592887308,0,298898.34106969135
RUS_cluster_40632,RUS,51.16730541692288,55.00756603840659,0,385222.6033083386
RUS_cluster_40652,RUS,51.71454871370711,55.14053469105591,0,329787.31500404724
RUS_cluster_40469,RUS,52.99455620156423,55.925617497871535,0,233539.5152603886
RUS_cluster_40501,RUS,52.97286961095757,55.93725813799767,0,235834.41941908564
RUS_cluster_40663,RUS,51.53850145789301,54.99049343400446,0,345202.61260967073
RUS_cluster_40666,RUS,51.76454098350786,55.130866364824826,0,324323.38069111714
RUS_cluster_40786,RUS,51.777875499919865,56.39168742907179,0,360768.936015115
RUS_cluster_40854,RUS,62.16546744728791,65.46740716440614,0,898308.9332333467
RUS_cluster_40722,RUS,51.76257687644443,55.27115883494199,0,327872.8305756146
RUS_cluster_40299,RUS,51.143264024080366,58.6360040216297,0,377283.0285161844
RUS_cluster_40878,RUS,67.47293453363572,64.02838142458138,0,1300080.6372251317
RUS_cluster_40907,RUS,56.81420728702791,60.68758350211824,0,440347.87418743485
RUS_cluster_40905,RUS,56.91439241680795,60.57439026211108,0,432971.95301018463
RUS_cluster_40945,RUS,54.99392778695777,60.396736481302725,0,403810.2915448794
RUS_cluster_40900,RUS,56.98416756828771,60.57567153226282,0,432871.4439070402
RUS_cluster_40939,RUS,54.990266252574216,60.38663688813784,0,403867.6660835223
RUS_cluster_40963,RUS,54.99630307508909,60.39564580056235,0,404063.9115791624
RUS_cluster_40978,RUS,54.99902772771724,60.40020808250881,0,404134.324014388
RUS_cluster_40954,RUS,54.991409025065614,60.38436306447216,0,404056.21537384053
RUS_cluster_40690,RUS,51.53317843856778,55.00089288328813,0,345976.8697334738
RUS_cluster_41010,RUS,54.993250436911886,60.38379802254735,0,404241.97775274335
RUS_cluster_40996,RUS,54.85308788803663,60.62622297152355,0,382508.70753601077
RUS_cluster_40982,RUS,54.92700995773254,60.77557436015247,0,383765.19208069233
RUS_cluster_41072,RUS,55.300934727885725,65.32545977531001,0,376204.209572364
RUS_cluster_41075,RUS,55.41864585336136,65.22434079548789,0,387331.6250026833
RUS_cluster_41020,RUS,54.348373441644384,60.8081468446384,0,331012.5108241779
RUS_cluster_41081,RUS,55.290298637822566,65.31987108545198,0,374970.3156775728
RUS_cluster_41076,RUS,55.42018186246095,65.29977612052518,0,388632.28255762317
RUS_cluster_41078,RUS,55.48203162433376,65.300988403353,0,395322.6942611588
RUS_cluster_41092,RUS,55.42275219310408,65.30164264862724,0,388938.22377924854
RUS_cluster_41085,RUS,55.46575868243863,65.38907042077409,0,394949.0750591135
RUS_cluster_41095,RUS,55.5035729224226,65.31191083415962,0,397813.1814074181
RUS_cluster_40985,RUS,55.00021402335532,60.39437834675076,0,404461.496776575
RUS_cluster_41086,RUS,55.483108043276935,65.2314563667047,0,394409.74593384104
RUS_cluster_41123,RUS,55.29553287087825,65.32055490365218,0,375543.9083640907
RUS_cluster_41150,RUS,56.78075533902785,60.73604056899556,0,443525.5147421013
RUS_cluster_41153,RUS,56.59426721629051,61.34527525782197,0,482451.904055048
RUS_cluster_41104,RUS,55.29550256960535,65.32299943491506,0,375580.4438106533
RUS_cluster_41157,RUS,56.61493499627208,61.30905183484157,0,479994.3959613468
RUS_cluster_40947,RUS,54.92959442020599,60.75897426464678,0,384597.227626269
RUS_cluster_41166,RUS,56.37568451376641,61.934271363012414,0,500744.3170482212
RUS_cluster_41173,RUS,56.35122151035618,61.97070178281027,0,497521.22498914175
RUS_cluster_41148,RUS,56.59402849283948,61.3360722960402,0,481895.1018962934
RUS_cluster_41207,RUS,56.44182918103808,61.83440838517482,0,509504.2217490857
RUS_cluster_41232,RUS,55.03081111482349,61.38202005304439,0,373858.9968015904
RUS_cluster_41162,RUS,56.385527546766525,61.918516551653866,0,502060.7641543275
RUS_cluster_41227,RUS,55.21924320743809,61.43512792242737,0,391077.68017333315
RUS_cluster_41235,RUS,55.20466189177683,61.39067331338333,0,390853.1027248065
RUS_cluster_41239,RUS,55.21408070572672,61.31749744716157,0,393861.3853652725
RUS_cluster_41234,RUS,55.06099934964186,61.52097868773254,0,372863.37410399603
RUS_cluster_41244,RUS,55.21386762650712,61.3104317556339,0,394042.49757349904
RUS_cluster_41243,RUS,55.107963400124,61.55199227296886,0,376712.8649936295
RUS_cluster_41256,RUS,55.30340445275619,61.43530921672416,0,399527.31570200325
RUS_cluster_41265,RUS,55.20551123453731,61.397707996807874,0,390741.1037135051
RUS_cluster_41270,RUS,55.06015713310409,61.51645734710705,0,372905.676369806
RUS_cluster_41274,RUS,55.05795781789928,61.52068920183528,0,372567.58613537566
RUS_cluster_41273,RUS,55.12110250114778,61.59473792763885,0,376881.14972678485
RUS_cluster_41257,RUS,55.097758371461744,61.55168834445866,0,375696.2712141975
RUS_cluster_41203,RUS,56.33911701711098,61.9790011852639,0,496087.590305087
RUS_cluster_41281,RUS,55.13421048449612,61.65324075202312,0,376661.5207055487
RUS_cluster_41287,RUS,55.12337930550551,61.67424284957236,0,375016.16986825125
RUS_cluster_41277,RUS,55.099413036713415,61.54873624916936,0,375943.1423416679
RUS_cluster_41295,RUS,55.03332397042066,61.37313226023847,0,374369.1119010435
RUS_cluster_41452,RUS,54.46361959718824,64.87038179250835,0,278794.3147550732
RUS_cluster_41401,RUS,54.049257819029016,61.63957930935758,0,271702.3894477482
RUS_cluster_41396,RUS,54.04374710843786,61.64218018688121,0,271102.7428279135
RUS_cluster_41176,RUS,56.34345898164045,61.94388451986544,0,497134.47785078007
RUS_cluster_41459,RUS,61.01933397173077,69.10232955231338,0,999491.3513257912
RUS_cluster_41486,RUS,66.55478952178852,66.59127839090522,0,1278101.2158548336
RUS_cluster_41383,RUS,54.05145241756948,61.63744606351389,0,271982.2079838755
RUS_cluster_41478,RUS,66.54519519286454,66.64688058228661,0,1278807.4736027082
RUS_cluster_41479,RUS,66.54501553093019,66.64986463078807,0,1278874.6556412685
RUS_cluster_41544,RUS,63.1132848036828,75.3388801466597,0,1041597.1866071625
RUS_cluster_41388,RUS,54.04350587739175,61.6358102202144,0,271319.18447754206
RUS_cluster_41549,RUS,63.21205651971835,75.43960264786051,0,1050826.1681992733
RUS_cluster_41483,RUS,66.66466896277986,66.35395355882804,0,1281232.2010365743
RUS_cluster_41668,RUS,54.92348095675791,82.98776004275845,0,237548.15096013734
RUS_cluster_41660,RUS,54.85271477868979,83.02689294653287,0,236809.7094478421
RUS_cluster_41669,RUS,54.86676129713494,83.11960539400226,0,242901.2416479668
RUS_cluster_41550,RUS,63.21460511917338,75.4479680237587,0,1050989.3093441664
RUS_cluster_41663,RUS,54.90919854636436,82.99165079177773,0,237140.37570391846
RUS_cluster_41671,RUS,54.919698140338994,82.98655135803492,0,237308.10236433285
RUS_cluster_41674,RUS,54.9823381382196,83.03455110810647,0,242966.99824717475
RUS_cluster_41696,RUS,54.86074508835769,83.08060612848902,0,240334.2877758496
RUS_cluster_41693,RUS,54.83411673144349,83.10791306507458,0,240893.43688867072
RUS_cluster_41701,RUS,54.89034878475319,83.0810461006249,0,241592.2941929082
RUS_cluster_41774,RUS,54.93376697597769,82.99987328044588,0,238718.68119748405
RUS_cluster_41742,RUS,54.8863778157209,83.11264505940547,0,243296.87256122034
RUS_cluster_41793,RUS,54.92356198310094,82.9745821273467,0,236781.50917210433
RUS_cluster_41745,RUS,54.87757607139024,83.10715901130463,0,242605.60331221565
RUS_cluster_41804,RUS,54.85581897248843,83.11923205207577,0,242435.4106632934
RUS_cluster_41713,RUS,54.97491161210879,82.75436385239495,0,226514.35332557897
RUS_cluster_41709,RUS,54.88625655296499,83.10366550691026,0,242759.5377015688
RUS_cluster_41903,RUS,53.39625526573593,83.7037822593371,0,274913.7539187673
RUS_cluster_41800,RUS,54.91026625194251,82.99441282360304,0,237349.56637505972
RUS_cluster_41916,RUS,53.34272954595608,83.59568139620185,0,269781.94306225324
RUS_cluster_41942,RUS,53.39388013390307,83.68807827317504,0,273987.3497192292
RUS_cluster_41930,RUS,53.39765677766116,83.9234544975448,0,288886.0369757732
RUS_cluster_42166,RUS,53.099106744801006,83.36193229437038,0,264895.63652766764
RUS_cluster_41863,RUS,55.000758439706665,82.67744959083713,0,223485.9343106339
RUS_cluster_42167,RUS,53.21928187375813,83.60661954358547,0,274945.13955284376
RUS_cluster_42169,RUS,53.25456416220415,83.71352882411166,0,280312.83908872097
RUS_cluster_41943,RUS,53.42244433341943,83.52507466101038,0,262725.653424649
RUS_cluster_42171,RUS,53.25566187519552,83.69712881390895,0,279242.4641970777
RUS_cluster_41956,RUS,53.76914482052261,83.61433875949484,0,260559.95894987448
RUS_cluster_42193,RUS,53.242675745135,83.7039257707457,0,280147.76251522865
RUS_cluster_42208,RUS,54.0772270466045,79.74946991480834,0,9020.103539584701
RUS_cluster_42303,RUS,56.52855591294583,84.99173965296453,0,438153.47279296623
RUS_cluster_42173,RUS,53.16251890289231,83.93192912479196,0,297460.7840335005
RUS_cluster_42323,RUS,53.97842590616048,86.71000800077312,0,460671.4446333707
RUS_cluster_42324,RUS,53.97158743536218,86.7133948356006,0,460937.83533039957
RUS_cluster_42343,RUS,53.97812337426799,86.72492591730344,0,461647.2594972231
RUS_cluster_42360,RUS,54.00274935577515,86.70511044116652,0,460200.86592202785
RUS_cluster_42004,RUS,55.11296325889976,83.88331734868994,0,298329.28989734396
RUS_cluster_42370,RUS,54.1452913717453,86.61678883641457,0,453883.728151751
RUS_cluster_42372,RUS,54.3011750610678,86.30555916185472,0,433722.6579501323
RUS_cluster_42379,RUS,54.31069767850607,86.29971357586815,0,433372.55849162093
RUS_cluster_42307,RUS,56.4254522405917,85.02907679330659,0,433144.48064355954
RUS_cluster_42364,RUS,54.39392906927774,86.71343661529667,0,460492.3191468831
RUS_cluster_42394,RUS,54.14912659635829,86.6121649925287,0,453575.3920670203
RUS_cluster_42390,RUS,54.14719482871523,86.61839553880945,0,453984.7040684982
RUS_cluster_42374,RUS,54.16661058852585,86.44405116811384,0,442604.5058325573
RUS_cluster_42495,RUS,55.66075858074926,86.28021589725418,0,461502.53385172726
RUS_cluster_42411,RUS,54.146964090327714,86.61259562354992,0,453607.4609879536
RUS_cluster_42474,RUS,55.41967022839262,86.23542808688912,0,450066.2120152111
RUS_cluster_42529,RUS,53.67625931232386,88.07503425334177,0,553020.3818649056
RUS_cluster_42501,RUS,55.66426223258679,86.28704025333039,0,462040.33798852045
RUS_cluster_42503,RUS,55.679313613562,86.26364900983661,0,461262.27308051597
RUS_cluster_42478,RUS,55.31826585969093,86.19414031581485,0,444281.79248700215
RUS_cluster_42511,RUS,55.67450778253898,86.27041398653796,0,461468.30524358916
RUS_cluster_42533,RUS,53.68002834384748,88.1138262985301,0,555501.6315899255
RUS_cluster_42578,RUS,56.195630001915234,89.54269251165245,0,673046.042050891
RUS_cluster_42538,RUS,53.67481400521184,88.07900619422496,0,553300.3272106895
RUS_cluster_42617,RUS,55.96549102515655,92.39529147611844,0,839539.2382625067
RUS_cluster_42532,RUS,53.68743380261396,88.0405412583945,0,550610.2805319455
RUS_cluster_42580,RUS,56.19342889953043,89.54143761736813,0,672900.3475255503
RUS_cluster_42640,RUS,55.96423321487272,92.35870532614932,0,837271.1760658183
RUS_cluster_42613,RUS,55.951381954423184,92.37725677651268,0,838170.2550465504
RUS_cluster_42629,RUS,55.95320576414348,92.38827836046364,0,838880.5974633191
RUS_cluster_42679,RUS,56.18185970450229,101.6057411836248,0,1010240.5556017088
RUS_cluster_42625,RUS,55.956662728152345,92.3449459729317,0,836285.3051952769
RUS_cluster_42696,RUS,56.30373717067359,101.6979230638851,0,1020198.6178096458
RUS_cluster_42712,RUS,56.12037285323312,101.6338071338848,0,1003307.8647029878
RUS_cluster_42853,RUS,49.8055650986391,129.397058795087,0,1569303.0186415315
RUS_cluster_42861,RUS,49.78210947660119,129.4179436124567,0,1566347.684988582
RUS_cluster_42855,RUS,49.74877298280198,129.67549834268794,0,1551545.8835430648
RUS_cluster_42860,RUS,49.7481328141646,129.67737640605753,0,1551404.5803334275
RUS_cluster_42732,RUS,52.21946671142693,104.24367019418436,0,538375.8387727465
RUS_cluster_42849,RUS,49.201914194609245,131.62524631974387,0,1416993.1826152424
RUS_cluster_42647,RUS,56.23252767575406,92.33082625043644,0,841123.6468080827
RUS_cluster_42863,RUS,49.804561646933664,129.39968351679113,0,1569095.6559818024
RUS_cluster_42895,RUS,50.29702533946183,130.2850852937535,0,1572135.6112931129
RUS_cluster_42901,RUS,50.296378504708535,130.28214671614458,0,1572203.7472178051
RUS_cluster_42958,RUS,43.91704989352149,131.91182282203718,0,981101.2241233757
RUS_cluster_42914,RUS,61.99940388806076,129.60400505751397,0,2107757.897537818
RUS_cluster_42970,RUS,43.15061377461681,131.97317951946457,0,920940.2734065141
RUS_cluster_42993,RUS,45.231159026869264,133.4997732703221,0,983844.8244311932
RUS_cluster_42919,RUS,61.99898003030103,129.6119321608847,0,2108053.807780111
RUS_cluster_42979,RUS,43.120293455652046,131.96185127251417,0,917712.933993358
RUS_cluster_43004,RUS,46.437296913574976,134.31042915834638,0,1050241.736623997
RUS_cluster_42966,RUS,43.146284526334696,131.98046548835825,0,920388.2668437435
RUS_cluster_43003,RUS,46.43498556145458,134.30615185869604,0,1050214.4911344356
RUS_cluster_43001,RUS,46.43450705650815,134.31373839089014,0,1049842.5393142882
RUS_cluster_42961,RUS,43.91394996343621,131.90613969231086,0,981272.8550255423
RUS_cluster_43025,RUS,46.814605556907885,134.2785848629498,0,1086466.621452197
ZAF_cluster_17,South Africa,-28.77541088439701,17.66749381881089,0,143472.62055670048
ZAF_cluster_18,South Africa,-28.77549262619036,17.66434890603132,0,143178.00356629578
ZAF_cluster_113,South Africa,-34.00290882079106,18.45755629123509,0,35790.107417927036
ZAF_cluster_417,South Africa,-33.843235592442824,18.829181249047025,0,3686.2496172768224
ZAF_cluster_426,South Africa,-34.08048039173086,18.8172753965276,0,29960.73043261507
ZAF_cluster_435,South Africa,-33.98073880030831,18.81996245075113,0,18869.194730999327
ZAF_cluster_531,South Africa,-28.489199019725323,21.54149243573727,0,166887.72345681424
ZAF_cluster_548,South Africa,-28.4941116148771,21.528217811666863,0,168284.54169174877
ZAF_cluster_545,South Africa,-28.494273747134336,21.54070722828399,0,167236.67887570095
ZAF_cluster_577,South Africa,-28.02297305356604,23.113735509595674,0,33954.02063657183
ZAF_cluster_555,South Africa,-28.494108639505555,21.534241058916223,0,167774.3773138939
ZAF_cluster_646,South Africa,-33.94798259440351,22.37958915910895,0,247212.7769291188
ZAF_cluster_644,South Africa,-34.0031619465664,22.38718341998608,0,246558.93791998184
ZAF_cluster_582,South Africa,-27.45575937152009,23.43510787775929,0,51889.06964000073
ZAF_cluster_6,South Africa,-33.03302280601901,17.92435600483037,0,83024.21956825224
ZAF_cluster_1111,South Africa,-32.827468746101125,27.454818145563497,0,29550.44911844423
ZAF_cluster_1363,South Africa,-34.001363554413,25.67162914933865,0,52660.484230673545
ZAF_cluster_1379,South Africa,-33.98624566454773,25.61467581545336,0,47163.36278199143
ZAF_cluster_1422,South Africa,-33.78939600934182,25.418438445966284,0,29941.435930224176
ZAF_cluster_1972,South Africa,-26.06004161111364,28.51029059077745,0,8079.897749631715
ZAF_cluster_1977,South Africa,-26.06075773695144,28.50566427673396,0,7759.464237829877
ZAF_cluster_2139,South Africa,-25.919397335240088,28.924049720619376,0,7382.122343771577
ZAF_cluster_2285,South Africa,-26.40892550154104,29.203741853106823,0,53356.69520662613
ZAF_cluster_1328,South Africa,-30.585948373026334,24.08005248226441,0,276352.4385624321
ZAF_cluster_2437,South Africa,-26.64573144703997,27.92172541772868,0,15969.898265836895
ZAF_cluster_2046,South Africa,-25.97278430569614,28.31306921191356,0,14069.23799106907
ZAF_cluster_2489,South Africa,-26.649759500725064,27.92789942328784,0,15218.613794057641
ZAF_cluster_2631,South Africa,-26.006194001762964,28.04735342851944,0,27787.039737884577
ZAF_cluster_2550,South Africa,-26.555044203734628,28.03054320313059,0,6422.216248659502
ZAF_cluster_2652,South Africa,-25.930544746568348,27.93234928211022,0,26325.680441785735
ZAF_cluster_2619,South Africa,-26.024762274376627,28.111898868383733,0,27859.912283950354
ZAF_cluster_2212,South Africa,-25.883289122936173,29.271075255795587,0,32832.49197135519
ZAF_cluster_3112,South Africa,-25.707869293501385,27.522093825495805,0,28261.560808676455
ZAF_cluster_3212,South Africa,-28.45782129998972,28.85241627068304,0,85259.23476604243
ZAF_cluster_3398,South Africa,-26.150564703850936,25.42960405626137,0,40060.82649839106
ZAF_cluster_3163,South Africa,-25.69372938124232,27.783374770077145,0,22428.957176750533
ZAF_cluster_3414,South Africa,-25.619949961053923,25.613044949226587,1,22111.690338222383
ZAF_cluster_3696,South Africa,-26.52140794843042,25.799982036256534,0,18069.882979806265
ZAF_cluster_3151,South Africa,-25.73942118263259,27.41929803279732,0,28367.979696551127
ZAF_cluster_4066,South Africa,-25.80946416108789,28.187658131163687,0,4399.091332969616
ZAF_cluster_4070,South Africa,-25.82412429915041,28.13168740061958,0,5890.965580632952
ZAF_cluster_4092,South Africa,-25.851535610754794,28.22626040612916,0,10464.869478382156
ZAF_cluster_4086,South Africa,-25.8983202768863,28.253644313383425,0,16275.442656976973
ZAF_cluster_4140,South Africa,-25.63767381844189,27.881650728153925,0,14537.013669642807
ZAF_cluster_4141,South Africa,-25.6447619013071,27.80622072656124,0,21151.914800164104
ZAF_cluster_4240,South Africa,-25.75850690818206,28.00701724053634,0,6114.375026905229
ZAF_cluster_4417,South Africa,-25.65129255261944,27.30062283984233,0,33736.655945490245
ZAF_cluster_4434,South Africa,-25.672157464367064,27.262541607219084,0,30126.892410404766
ZAF_cluster_4452,South Africa,-25.69671056966493,27.37951198056864,0,34008.75158977457
ZAF_cluster_4827,South Africa,-28.612338960488067,24.75258868140937,0,162662.28006860433
ZAF_cluster_4802,South Africa,-29.169090767283084,25.975750009588022,0,43214.03337054893
ZAF_cluster_4833,South Africa,-28.726059620609785,24.77619262639537,0,160121.5054846369
ZAF_cluster_4828,South Africa,-28.61005448000296,24.75020423448713,0,162909.51425916405
ZAF_cluster_4573,South Africa,-24.351193228373965,29.451813164549208,0,65298.1345914805
ZAF_cluster_4968,South Africa,-27.75246938804192,24.79987833533744,0,151876.4436357257
ZAF_cluster_5149,South Africa,-22.9927161738172,30.418357889537788,0,114097.55498945041
ZAF_cluster_5177,South Africa,-23.987323647454204,31.136794822853275,0,150367.4313121539
ZAF_cluster_5268,South Africa,-30.28923449539348,30.7440983280937,0,65742.41806528626
ZAF_cluster_5275,South Africa,-29.857830661469684,30.91165691872152,0,31558.269269945693
ZAF_cluster_5329,South Africa,-25.378533134044783,30.98610529421427,0,29571.368396228998
ZAF_cluster_5087,South Africa,-29.08179042942629,26.18400124458221,0,24214.80782733014
ZAF_cluster_5437,South Africa,-25.01459512663134,30.114884664438136,0,96938.58900018568
ZAF_cluster_5447,South Africa,-25.793016980361827,30.007873736150355,0,46580.84405865459
ZAF_cluster_5463,South Africa,-24.377567475709224,31.04372942847692,0,138087.2099744381
ZAF_cluster_5475,South Africa,-24.806163964834816,30.12604275765191,0,113560.85107614499
ZAF_cluster_5814,South Africa,-28.750906718314106,32.06439632197501,0,134759.74575750943
ZAF_cluster_5930,South Africa,-29.70453566240671,30.496726339409697,0,3527.861363898271
ZAF_cluster_6043,South Africa,-29.58672980653332,30.36393881715696,0,18560.788188161125
MAR_cluster_1835,MAR,30.04767169306986,-9.622107888706935,0,32646.419892591188
MAR_cluster_1772,MAR,31.013219451271283,-6.86917952913596,0,103924.52287437342
MAR_cluster_1777,MAR,31.00888567217243,-6.864943158147968,0,104538.19726236752
MAR_cluster_1870,MAR,30.11199509286148,-9.467925226250737,0,21119.81413675137
MAR_cluster_1882,MAR,30.140211134245188,-9.526117776815912,0,19312.88875042989
MAR_cluster_2092,MAR,30.42200846870338,-8.894036654128614,0,23676.321426006918
ZAF_cluster_4061,South Africa,-25.80986110529292,28.17809619740624,0,3929.496812511058
MAR_cluster_2416,MAR,34.96045851624862,-6.14069531104935,0,167864.22705493012
MAR_cluster_1773,MAR,31.00475103766692,-6.858118441410162,0,105334.08028600321
MAR_cluster_2716,MAR,33.18615217866468,-7.447294901472376,0,55276.498835991515
MAR_cluster_4305,MAR,34.05212143256251,-6.732731298075471,0,54987.01971617293
MAR_cluster_4281,MAR,33.979373747474554,-6.72737547937365,0,47158.42757616006
MAR_cluster_700,MAR,30.24512913087712,-9.538910065171027,0,10491.738467764457
MAR_cluster_869,MAR,31.5935728958864,-8.254614514333296,0,21095.72666092471
MAR_cluster_4604,MAR,35.22791797456575,-3.9235629963890872,0,145129.2582739192
ZAF_cluster_4439,South Africa,-25.66836635799311,27.267996300922785,0,30620.057195237507
KAZ_cluster_265,KAZ,47.04806350278767,51.908504898230426,0,450654.3776672757
KAZ_cluster_85,KAZ,51.1812807923929,51.33151958628665,0,240315.66119503498
KAZ_cluster_91,KAZ,51.16933135070117,51.29685150108726,0,240161.1133985204
KAZ_cluster_289,KAZ,48.55107717761344,51.73958380536564,0,411375.66806777543
KAZ_cluster_255,KAZ,47.12528985911109,51.83430794269124,0,442490.78585159284
KAZ_cluster_94,KAZ,51.18458351749524,51.32347577401542,0,239705.65925525766
KAZ_cluster_298,KAZ,50.26716352079676,58.42942469343604,0,429196.4670489016
KAZ_cluster_356,KAZ,50.36223769953371,57.40267978724668,0,489482.51742292434
KAZ_cluster_357,KAZ,50.50565089262294,56.917296683209685,0,502334.4216215985
KAZ_cluster_406,KAZ,49.9014809997305,57.31722667852922,0,518292.9998042861
KAZ_cluster_1052,KAZ,53.75984345750396,62.06203064492238,0,229530.94966799868
KAZ_cluster_1218,KAZ,45.72959397542567,63.30734993409413,0,396393.8914653046
KAZ_cluster_351,KAZ,50.50374647992774,56.91567941353439,0,502473.0646047296
KAZ_cluster_1000,KAZ,52.96137086410494,63.15323229448848,0,116287.45062105928
KAZ_cluster_1219,KAZ,45.63736103400689,63.31345281226926,0,389080.8355345705
KAZ_cluster_1223,KAZ,45.61945041968448,63.28880604116917,0,386317.7764106122
KAZ_cluster_1230,KAZ,45.62157207890469,63.28795526878647,0,386447.31521610543
KAZ_cluster_1231,KAZ,45.62648296262719,63.32532767015741,0,388814.78181858757
KAZ_cluster_1225,KAZ,45.63593936783737,63.320216038403125,0,389319.5225628111
KAZ_cluster_1229,KAZ,45.62648780255324,63.32320453674495,0,388703.2567272112
KAZ_cluster_466,KAZ,44.81321987408572,65.58394159963808,0,357346.30112424254
KAZ_cluster_1237,KAZ,45.63736951617753,63.31767365253939,0,389303.14580456476
KAZ_cluster_458,KAZ,45.05723743513507,64.97065788164844,0,412248.3399032259
KAZ_cluster_1221,KAZ,45.6152881225556,63.32558339804821,0,387914.23068804917
KAZ_cluster_1226,KAZ,45.61474958940789,63.290145336909056,0,386002.5029845905
KAZ_cluster_561,KAZ,52.53312983602279,62.077325375794544,0,137050.9352108954
KAZ_cluster_554,KAZ,52.53517428634007,62.476332500610354,0,113015.91926706793
KAZ_cluster_572,KAZ,52.549006213421535,62.515500735336005,0,111509.17736354237
KAZ_cluster_571,KAZ,52.53110694920767,62.46026952673838,0,113739.56524111533
KAZ_cluster_568,KAZ,52.5476721277096,62.51998347901764,0,111173.01055729468
KAZ_cluster_585,KAZ,52.69712720157308,62.57490940114099,0,117702.87949018496
KAZ_cluster_725,KAZ,53.367860824784415,62.8509520836712,0,165740.24430678674
KAZ_cluster_559,KAZ,52.53238781326503,62.46644565139712,0,113444.94946228279
KAZ_cluster_682,KAZ,53.23801911986926,63.62239913202054,0,136514.63045650572
KAZ_cluster_749,KAZ,53.369515104471965,62.873088823079385,0,165268.91390566935
KAZ_cluster_804,KAZ,53.369149292074844,62.8626593218858,0,165530.88037219626
KAZ_cluster_783,KAZ,53.21376319117849,63.571945364771615,0,134384.7034596047
KAZ_cluster_940,KAZ,52.40785799295112,64.10104514291733,0,44718.61790874785
KAZ_cluster_604,KAZ,52.54624073095075,62.51325974507007,0,111480.68174601533
KAZ_cluster_708,KAZ,53.36366401217895,62.84704754267094,0,165434.65094410768
KAZ_cluster_976,KAZ,52.96131395668269,63.16274362455458,0,115999.09489006193
KAZ_cluster_913,KAZ,52.40732781682478,64.10695214360892,0,44780.424459276815
KAZ_cluster_979,KAZ,52.98157663422798,63.0950252684402,0,120063.45548559327
KAZ_cluster_715,KAZ,53.37143945158739,62.87031401576618,0,165541.25968072348
KAZ_cluster_1257,KAZ,43.160641451766445,70.46124527800491,0,74333.74507233717
KAZ_cluster_1851,KAZ,53.1038083313795,71.15042939472079,0,376663.31483784266
KAZ_cluster_1772,KAZ,50.25505249177976,66.92730501051645,0,1609.4287793364047
KAZ_cluster_1624,KAZ,47.808304425244266,67.71149901050809,0,278475.53560795484
KAZ_cluster_2175,KAZ,52.34248134751307,71.88876673772315,0,278625.73547232326
KAZ_cluster_2178,KAZ,52.35219980162809,71.87778417305407,0,279926.01448653097
KAZ_cluster_2174,KAZ,52.3731686338351,71.89143701585563,0,281601.5132330695
KAZ_cluster_2190,KAZ,52.35594416412863,71.90554694100385,0,279460.025046337
KAZ_cluster_2176,KAZ,52.361094004364624,71.90819918405862,0,279894.5209219125
KAZ_cluster_2203,KAZ,52.35714163673183,71.9029822122856,0,279656.4395361843
KAZ_cluster_2184,KAZ,52.363933794758616,71.8661809697269,0,281445.5674430404
KAZ_cluster_2237,KAZ,51.15729856354112,71.56943148999429,0,188082.84459194203
KAZ_cluster_2192,KAZ,52.35793697916543,71.88002527707822,0,280428.4651890216
KAZ_cluster_2279,KAZ,51.0770367086135,71.39397138238591,0,192707.3730846551
KAZ_cluster_2240,KAZ,51.00329582122992,71.36888684386274,0,189747.51917581842
KAZ_cluster_2483,KAZ,54.92280153815637,69.13231595629094,0,472394.22218570684
KAZ_cluster_2489,KAZ,54.90417724494081,69.13887748345422,0,471358.5219733338
KAZ_cluster_2540,KAZ,54.901751508995794,69.13799674833683,0,471140.0145966801
KAZ_cluster_2510,KAZ,54.89897364861592,69.13720941245053,0,470900.5900676249
KAZ_cluster_2904,KAZ,43.5585876858854,75.18965521667634,0,81674.21688027159
KAZ_cluster_2502,KAZ,54.9215876458602,69.13581184446898,0,472474.71175666683
KAZ_cluster_2989,KAZ,45.21148938543619,73.98417561072952,0,245596.05476071106
KAZ_cluster_3090,KAZ,49.69935549497901,72.57804317891392,0,87212.28119694261
KAZ_cluster_2249,KAZ,51.04055081519603,71.43328499036313,0,188171.7226602107
KAZ_cluster_3079,KAZ,49.69815545737141,72.58009536167454,0,87151.74927584092
KAZ_cluster_3113,KAZ,49.89637256229126,73.07531027396004,0,45366.28023083973
KAZ_cluster_2457,KAZ,51.958253862903696,70.88110010274016,0,283439.71153180074
KAZ_cluster_3135,KAZ,49.63369002646073,72.88002087106258,0,74062.66684864947
KAZ_cluster_3121,KAZ,49.62972450590892,72.87802893197733,0,74469.81870680282
KAZ_cluster_3124,KAZ,49.763705014019294,73.13925983152325,0,50623.62190512402
KAZ_cluster_3138,KAZ,49.78480715556967,73.05851256640968,0,53313.776912724694
KAZ_cluster_3145,KAZ,49.82551077940949,73.12026156204452,0,47021.30642545353
KAZ_cluster_2802,KAZ,53.419818199315614,69.3808755872582,0,388846.2229191046
KAZ_cluster_3148,KAZ,50.05855325634403,73.00931965944223,0,44810.09669762763
KAZ_cluster_3165,KAZ,49.89987866194191,73.07862882111306,0,44973.02368333511
KAZ_cluster_3147,KAZ,49.850344121441736,73.17625708453927,0,42161.29425118563
KAZ_cluster_3155,KAZ,50.06057935949339,73.01114458243846,0,44663.30016641688
KAZ_cluster_3211,KAZ,49.82148483922267,72.80414106082858,0,66455.07789132594
KAZ_cluster_3200,KAZ,49.9010373131476,73.2063634194895,0,37061.59038375666
KAZ_cluster_3232,KAZ,49.85543970292125,73.21102095832649,0,39883.46026447426
KAZ_cluster_3306,KAZ,50.0465862258815,73.00697019674516,0,45099.44851347408
KAZ_cluster_3264,KAZ,49.77559211271846,73.06381459633994,0,53680.8386993149
KAZ_cluster_3333,KAZ,50.08124263638014,72.90281384689612,0,52283.80114538131
KAZ_cluster_3368,KAZ,50.23325432114561,73.4032790643052,0,23117.585376827585
KAZ_cluster_3382,KAZ,50.23319237396319,73.39954157240439,0,23304.105950013534
KAZ_cluster_3239,KAZ,49.887090616083285,73.22059260593342,0,37139.53378557412
KAZ_cluster_3450,KAZ,43.87087942840508,77.03740382816595,0,173477.5917643736
KAZ_cluster_3500,KAZ,43.43196504538671,77.02533830146957,0,145098.3700486342
KAZ_cluster_3504,KAZ,43.429825598491846,76.9983698984443,0,143050.89517234956
KAZ_cluster_3592,KAZ,43.27794571417524,76.81833144596152,0,122654.55554809414
KAZ_cluster_3647,KAZ,43.467636361369934,76.69619735488538,0,124212.59768726894
KAZ_cluster_3605,KAZ,43.27906222159673,76.82082928506897,0,122889.47651301503
KAZ_cluster_3994,KAZ,52.03057363642116,76.90811570051032,0,287333.84765402204
KAZ_cluster_2934,KAZ,43.55881525244765,75.19851606253063,0,81564.63051217188
KAZ_cluster_4240,KAZ,49.70817330466695,81.56860178876052,0,496537.2164719188
KAZ_cluster_4165,KAZ,49.684837682619424,83.01476570852759,0,533722.0575794841
KAZ_cluster_4248,KAZ,50.55824386053336,81.85089690062661,0,412278.5341106136
KAZ_cluster_4005,KAZ,52.13748846969096,76.85744070250945,0,280404.87251451233
KAZ_cluster_4253,KAZ,50.55302447001295,81.85520333790312,0,412928.4544534417
KAZ_cluster_4259,KAZ,50.25453462992783,81.99838314246445,0,447583.0286817284
KAZ_cluster_4343,KAZ,50.32650362981262,83.50025094523059,0,486541.0719716039
KAZ_cluster_4264,KAZ,50.388751837645614,81.06853815507176,0,414543.7386132714
KAZ_cluster_4349,KAZ,49.90986454909735,82.61532430144737,0,499334.6727964934
KAZ_cluster_4345,KAZ,50.32539408057535,83.50503183042686,0,486821.8881162078
KAZ_cluster_4352,KAZ,50.33735321046062,83.48428674101758,0,484923.11241459113
KAZ_cluster_4355,KAZ,49.8943038057504,82.60074692470515,0,500528.63755822025
KAZ_cluster_4344,KAZ,50.151984585315205,82.31307772990202,0,466231.2910387644
KAZ_cluster_4360,KAZ,50.13839136871358,82.53066951025595,0,473584.74108078354
KAZ_cluster_4367,KAZ,49.96834197568048,82.65711219064816,0,494522.6905257284
KAZ_cluster_4374,KAZ,50.146279726077736,82.30716820245547,0,466663.8419297889
KAZ_cluster_4365,KAZ,50.01441400060743,82.54338898095129,0,486623.7595326915
KAZ_cluster_4359,KAZ,49.96891382651286,82.65539107073714,0,494415.5388272388
KAZ_cluster_4373,KAZ,50.25824030984133,83.34278971043955,0,487445.6513888671
KAZ_cluster_4412,KAZ,50.3194350853755,83.51107795272473,0,487610.9658569632
KAZ_cluster_4470,KAZ,49.89896232641611,82.61043850609363,0,500317.6977553626
KAZ_cluster_4607,KAZ,45.82311901567058,80.63752426782546,0,530615.2070178454
KAZ_cluster_4381,KAZ,50.01808444833289,82.52665563618298,0,485785.1260472256
KAZ_cluster_4626,KAZ,47.93710589886764,80.42615753429575,0,549703.3681596054
KAZ_cluster_3475,KAZ,43.73737186102252,77.11084497634994,0,168793.59450288425
KAZ_cluster_4706,KAZ,50.6251696888716,79.25236663464312,0,378016.70386340056
KAZ_cluster_4711,KAZ,50.62999316946506,81.93984971197249,0,407065.56578617264
KAZ_cluster_4715,KAZ,50.62753242816925,81.93797970288558,0,407271.9495862277
KAZ_cluster_4719,KAZ,50.62931603609982,81.93258127557453,0,406948.2056542645
KAZ_cluster_4723,KAZ,50.63381505204364,81.94147310152165,0,406712.1077391512
KAZ_cluster_4835,KAZ,44.99570390149963,78.35335095765927,0,335339.1267743283
KAZ_cluster_4592,KAZ,45.65175322861914,80.7103537182099,0,524006.57364494685
KAZ_cluster_4903,KAZ,44.8673834253752,78.75199820463496,0,349087.49213346187
KAZ_cluster_4362,KAZ,50.25727248248813,83.3366658391641,0,487324.418308871
KAZ_cluster_4893,KAZ,44.87055647801381,78.76859719435953,0,350323.859145296
COG_cluster_36,COG,-1.1277934265350869,15.970460176722682,0,156591.37007891823
COG_cluster_73,COG,-4.199587231027516,15.214098475510443,0,10950.873072698512
KAZ_cluster_3128,KAZ,49.89093460032516,73.2206867875628,0,36877.57810582281
COG_cluster_33,COG,-0.4851906797995273,14.920707050080912,0,113534.31524911811
FIN_cluster_129,FIN,62.55062246697755,22.938548947606044,0,18535.43160582914
FIN_cluster_144,FIN,62.55389223482871,22.9379243089232,0,18473.073161439646
FIN_cluster_247,FIN,62.45582978305527,22.214985493794533,0,22296.32685526288
FIN_cluster_42,FIN,62.40836755295945,22.17151762922904,0,27255.32747552521
FIN_cluster_298,FIN,61.04587494192808,22.43177665187634,0,6452.884678337856
FIN_cluster_444,FIN,62.714903087056015,21.627236758382764,0,51354.80703944959
FIN_cluster_633,FIN,59.985640007592224,23.48237282343657,0,98634.32991189287
FIN_cluster_505,FIN,60.818490134650354,21.40147234979093,0,29958.496558458268
FIN_cluster_642,FIN,60.80119371680139,23.630605746585484,0,76668.75853537364
FIN_cluster_707,FIN,60.42326086259892,22.28624541542909,0,18416.492991041003
FIN_cluster_747,FIN,60.41657309635456,22.26337455695061,0,18602.387727020363
FIN_cluster_612,FIN,60.067416990426906,23.65672540263164,0,100603.10938381957
FIN_cluster_76,FIN,61.46624177939341,21.843940080229675,0,51654.95646744707
FIN_cluster_718,FIN,60.45733922641385,22.33212962134372,0,16549.690407147093
FIN_cluster_78,FIN,61.46507928534009,21.84229501541473,0,51585.54872211415
FIN_cluster_771,FIN,60.4667622812062,22.217373985146885,0,12492.018609667663
FIN_cluster_763,FIN,60.46218508369024,22.21522608140869,0,12935.237648626851
FIN_cluster_792,FIN,60.58807411177552,22.33376254915407,0,10678.214148659168
FIN_cluster_1039,FIN,65.75429129934248,24.554934583410752,0,320611.2956321894
FIN_cluster_1036,FIN,65.74431109896337,24.608140629656887,0,320060.4562671274
FIN_cluster_1165,FIN,64.98972194776533,25.523176949343263,0,255468.83795284983
FIN_cluster_1020,FIN,60.6171863449464,24.43198969236864,0,124807.5142299509
FIN_cluster_1045,FIN,65.75645655829393,24.586019692596896,0,321154.0583049535
FIN_cluster_1193,FIN,64.94633881913337,25.5794359514717,0,252451.34017239316
FIN_cluster_1240,FIN,64.67532859423775,24.598825322247805,0,205760.23940366475
FIN_cluster_1167,FIN,64.99170976925922,25.521825920336376,0,255635.7704217784
FIN_cluster_1350,FIN,62.18518269174601,27.858444507368635,0,252850.96967240798
FIN_cluster_1205,FIN,63.37482140960986,25.57630381336488,0,129286.21151484133
FIN_cluster_1425,FIN,60.853027320900914,26.690551144642964,0,187247.72330012845
FIN_cluster_1450,FIN,61.22960856328496,28.84612703635437,0,260552.87318666533
FIN_cluster_1467,FIN,61.05585636533994,28.137724080705222,0,226413.9952629572
FIN_cluster_1451,FIN,61.23927151531121,28.86284730234235,0,261928.6004323218
FIN_cluster_1133,FIN,65.04785555492123,25.44474775220483,0,259586.7593493023
FIN_cluster_775,FIN,60.41764573009061,22.26038138586124,0,18432.296606745764
FIN_cluster_1491,FIN,60.74985286393935,24.76949215670228,0,137085.1008717635
FIN_cluster_1515,FIN,60.92304923374721,24.624374787334325,0,125407.73305570922
FIN_cluster_1558,FIN,61.16641634219516,25.55578448382141,0,174405.23028254675
FIN_cluster_1541,FIN,61.245731905490864,24.0516041365395,0,95351.75695181366
FIN_cluster_1584,FIN,62.271243478032126,25.82178031062761,0,153090.02260213488
FIN_cluster_1623,FIN,62.232488304810445,25.836564688784247,0,155933.1832125659
FIN_cluster_1661,FIN,60.41467912955144,25.00836938811881,0,151841.0424373011
FIN_cluster_1196,FIN,64.81028662677687,25.4055153041784,0,235238.7389020695
FIN_cluster_1673,FIN,60.41697296908028,25.044207402067688,0,151268.87662754173
FIN_cluster_1753,FIN,60.38909103927576,25.644055939302977,0,138349.405765621
FIN_cluster_927,FIN,60.15489507843445,24.550370853263416,0,140385.12737811872
FIN_cluster_932,FIN,60.49662987506745,24.668514657084486,0,138505.64110687797
FIN_cluster_1529,FIN,61.019532864939386,24.38726407597505,0,111609.23836605447
FIN_cluster_1579,FIN,62.76546809378819,25.645656657480423,0,125656.51800398069
FIN_cluster_1399,FIN,60.56353183969971,27.014652987301783,0,156725.11953415978
PAN_cluster_215,PAN,7.678392825249589,-80.16254524742807,0,320963.66804875474
PAN_cluster_204,PAN,7.816239554692609,-80.22889522831528,0,306013.70853289455
PAN_cluster_359,PAN,8.050219300157746,-80.94074722442303,0,228317.93885695262
PAN_cluster_706,PAN,9.024702215327933,-79.57913199638733,0,323529.8975301159
PAN_cluster_126,PAN,8.346347337848517,-80.52228441226568,0,247274.44924313782
PAN_cluster_557,PAN,9.308316688902677,-79.90437448617622,0,285139.54437824315
PAN_cluster_806,PAN,8.563731727880231,-82.41103916197292,0,94117.97019453679
PAN_cluster_789,PAN,8.28564531270323,-82.8640153130565,0,130732.91404775395
PAN_cluster_767,PAN,8.977343320660536,-79.55132899044138,0,327301.17782653775
PAN_cluster_865,PAN,8.42110300567458,-82.80540474103793,0,114433.38760513475
AZE_cluster_163,AZE,40.68260385977949,46.420659871023865,0,81392.0436793139
AZE_cluster_167,AZE,40.68259961627764,46.41317972358197,0,81863.1545662607
AZE_cluster_188,AZE,41.54809922974748,46.65779560674076,0,58570.7577980715
AZE_cluster_185,AZE,41.62648181488084,46.57453523361126,0,69656.67213250067
AZE_cluster_202,AZE,39.82765956488192,46.76795699889438,0,105880.9227578397
AZE_cluster_212,AZE,39.89388840524237,46.79951358197374,0,98791.02819557843
AZE_cluster_222,AZE,39.82709086919585,46.75706242355443,0,106579.30886247942
AZE_cluster_93,AZE,40.64908751709254,47.72614410223209,0,17516.21726590554
AZE_cluster_248,AZE,39.76005065159157,46.74837170375295,0,112493.60658462287
AZE_cluster_353,AZE,40.48556366472246,49.60525033025409,0,9258.400085604091
AZE_cluster_333,AZE,40.59825041444028,49.54117097659096,0,4500.298641619862
AZE_cluster_430,AZE,39.051487299240826,48.6652361501268,0,106103.19889237786
AZE_cluster_516,AZE,40.32136794330033,49.76881667382793,0,29788.02940957689
AZE_cluster_646,AZE,40.53996905763731,49.921270203024704,0,23424.426773222327
AZE_cluster_645,AZE,40.4741657338172,49.61117564439151,0,10612.95986372023
AZE_cluster_543,AZE,40.34289976825847,49.78320830365792,0,28097.248099457698
AZE_cluster_669,AZE,40.52694956851751,50.06818605097819,0,16084.950766466183
AZE_cluster_707,AZE,40.28182397300999,49.72373433369605,0,30546.183663334894
AZE_cluster_706,AZE,40.28176719581596,49.7305457898693,0,31002.142862968954
AZE_cluster_662,AZE,40.50380098352338,50.037034094253,0,14498.013196783297
AZE_cluster_727,AZE,40.33883689132095,49.65518978358384,0,25939.160591472464
SLE_cluster_21,SLE,8.997928140185563,-11.706135913136618,0,146457.16527312025
LSO_cluster_5,LSO,-28.99564206390064,28.854295595896524,0,73379.55317782109
LBN_cluster_307,LBN,33.78625565468233,35.89111450431721,0,8744.67310341778
AZE_cluster_412,AZE,40.39632543407807,49.554124672097934,0,18068.91247785391
KAZ_cluster_978,KAZ,52.96117207353728,63.15804834302335,0,116124.1477841886
RUS_cluster_6057,RUS,57.69951470590203,39.75599058069689,0,18943.55319628826
RUS_cluster_30035,RUS,47.540243907674125,42.11964043896216,0,133114.69315885825
ZAF_cluster_525,South Africa,-28.29572713050103,23.0902638450958,0,63216.20407382712
ARE_cluster_184,ARE,24.85630827763824,55.07280322247289,0,40282.066438934395
ARE_cluster_25,ARE,24.252854318082907,54.55053353400997,0,18927.779132535055
ARE_cluster_249,ARE,25.099147642144384,55.3357252222324,0,17692.036078487403
ARE_cluster_531,ARE,24.97026385947964,55.49921547281861,0,5112.473709731806
ARE_cluster_276,ARE,24.998396360891164,55.37989965293833,0,7350.626945095055
ARE_cluster_151,ARE,24.450906178201084,54.60502152802879,0,21830.776708920494
ARE_cluster_635,ARE,25.1113385851718,56.26899641962847,0,65594.71760042201
ARE_cluster_682,ARE,25.241932428969708,55.552803191080045,0,24708.035621057556
ARE_cluster_660,ARE,25.15647367521875,55.40398561828016,0,20394.21871652582
ARE_cluster_85,ARE,24.323038118847045,54.5975231990094,0,19570.096645739246
ARE_cluster_788,ARE,25.36825248544473,55.636801594309006,0,8823.109448910305
AZE_cluster_217,AZE,39.75686802982363,46.74500220839397,0,112949.17745064193
AZE_cluster_351,AZE,40.48582148835624,49.60735288860892,0,9319.187441766218
AZE_cluster_517,AZE,40.3908070685075,50.27892087720039,0,3602.3116178917608
AZE_cluster_715,AZE,40.23119026058548,49.58744003563501,0,18138.20098455951
AZE_cluster_453,AZE,39.19940233477045,48.53992504609243,0,92619.6218340413
JPN_cluster_1369,JPN,31.512753072446365,130.33682525008652,0,452291.7395195049
JPN_cluster_1789,JPN,34.95265830388484,136.55994348095192,0,92422.14481328627
JPN_cluster_6090,JPN,37.91724778634564,140.14465649359298,0,38568.905434884044
JPN_cluster_1794,JPN,35.07691300821142,136.61684511740106,0,80937.86352699195
JPN_cluster_7731,JPN,35.98885590373985,140.29463076841898,0,178827.58031369976
JPN_cluster_7734,JPN,35.992212553583535,140.30269971924508,0,179643.355164628
KAZ_cluster_781,KAZ,53.26563322969589,63.66497680760314,0,139181.65137518308
KAZ_cluster_1232,KAZ,46.05322141802156,62.94516872992619,0,407415.0923923195
KAZ_cluster_766,KAZ,53.362677541618986,62.86489661389779,0,164818.11695385064
KAZ_cluster_985,KAZ,52.96229160128981,63.16610302248881,0,115997.57516982564
KAZ_cluster_570,KAZ,52.53376416350155,62.471727537257934,0,113209.18062225128
KAZ_cluster_2185,KAZ,52.35973044853739,71.91138016833605,0,279663.30290712276
KAZ_cluster_2856,KAZ,46.80461883107192,75.02898752381304,0,379272.622877748
KAZ_cluster_3164,KAZ,50.05673131063252,72.89541528523881,0,52934.36002526174
KAZ_cluster_3947,KAZ,51.74720589750661,75.33347278906224,0,219540.6094752993
KAZ_cluster_4007,KAZ,52.05617623925907,76.92257940672314,0,284495.903307411
KAZ_cluster_4153,KAZ,51.61680107200416,73.10234704194843,0,174060.13721794388
KAZ_cluster_4420,KAZ,49.96936224314072,82.66148076783612,0,494542.4344545841
KEN_cluster_131,KEN,-0.3206236024301475,35.69407605293298,0,27857.840619714992
KEN_cluster_408,KEN,-1.0003443011162512,37.03110915557644,0,3037.339532449364
KEN_cluster_410,KEN,-0.9970410440410776,37.04563940743597,0,1471.6921885175436
KAZ_cluster_4476,KAZ,50.141266513333406,82.52517634257997,0,473136.12360357796
KEN_cluster_544,KEN,-0.8619394029202266,36.26652371965815,0,40556.459769589535
KEN_cluster_545,KEN,-0.8417460902405312,36.36929039352362,0,33224.5561364685
KEN_cluster_546,KEN,-0.8600122441960892,36.26430853917181,0,40404.661773457774
KAZ_cluster_3151,KAZ,49.859882471308566,73.18340895641296,0,41098.47140003191
KEN_cluster_652,KEN,-1.0426930974321251,36.31806124644783,0,49808.39988010116
KEN_cluster_704,KEN,-1.2404624611721549,36.81559377719154,0,34344.106472939784
KEN_cluster_589,KEN,-0.8578058068705855,36.25689020928589,0,40368.113353495144
KEN_cluster_702,KEN,-1.325866253614432,36.71197080169886,0,32313.763792395323
KEN_cluster_699,KEN,-1.3489150870488076,36.90286021155972,0,25098.94140749657
KAZ_cluster_4425,KAZ,50.326991593505,83.4596685796213,0,485013.93514271226
KAZ_cluster_3429,KAZ,43.99508277349734,77.48220489904217,0,209797.53157873702
MAR_cluster_1130,MAR,33.25105206985673,-8.43473791424363,0,22565.86011089288
MAR_cluster_1878,MAR,30.12744821871314,-9.458512653490851,0,19352.997306294936
MAR_cluster_1888,MAR,30.138663027601098,-9.527459316909258,0,19520.771737444087
MAR_cluster_3029,MAR,33.38512048940687,-7.56965223347271,0,38420.13304422524
MAR_cluster_763,MAR,30.356759519005728,-9.520568136156864,0,9069.426458117154
MYS_cluster_1055,MYS,4.895059143441404,100.6973724168679,0,102181.0931432904
MYS_cluster_1163,MYS,4.336712320731271,101.15342718743668,0,104130.81752300792
MYS_cluster_1167,MYS,4.502770279027409,100.78332590897648,0,131762.5899534418
MYS_cluster_1201,MYS,4.31735890967968,101.13051247519194,0,102216.4153143717
MYS_cluster_1255,MYS,4.361245711655147,100.96098237939697,0,110521.13086526176
MYS_cluster_1305,MYS,4.361113629503674,100.97094661618748,0,110218.44176219306
MYS_cluster_1652,MYS,3.2500559188550184,101.46068324747978,0,31147.100250890275
MYS_cluster_1687,MYS,3.439905799564857,101.54533563314644,0,35723.13100746241
MYS_cluster_1681,MYS,3.2145914939988547,101.49561442545895,0,36568.620556134876
MYS_cluster_1580,MYS,3.191648088369126,101.51680814747304,0,39965.78057291587
MYS_cluster_1971,MYS,2.958980214911835,101.51811217101992,0,59095.95022355792
MYS_cluster_1998,MYS,2.977543338999848,101.480700613471,0,55138.40319312914
MYS_cluster_1929,MYS,3.2403336044038222,101.3169270925312,0,20735.2732232352
MYS_cluster_1967,MYS,2.9763074973898465,101.44875370021944,0,53525.32310879269
MYS_cluster_2139,MYS,2.975890490152834,101.67972958643324,0,44242.46677116785
MYS_cluster_2161,MYS,2.816722469811477,101.7262502233764,0,44790.811898526044
MYS_cluster_2164,MYS,2.813216069192927,101.73586516384744,0,44067.81765356057
MYS_cluster_2205,MYS,2.841479137302732,101.72534115216422,0,43574.93444791676
MYS_cluster_2186,MYS,2.8218350255249733,101.70221894001432,0,46857.033680431254
MYS_cluster_2243,MYS,2.8468914293376253,101.8157788961176,0,34558.984354522654
MYS_cluster_2239,MYS,2.806866059517852,101.72405454628708,0,45555.863217150254
MYS_cluster_2215,MYS,2.811496694910536,101.79130608793794,0,39032.12389511766
MYS_cluster_2281,MYS,2.817637694519844,101.68850894358644,0,48423.227043873114
MYS_cluster_2260,MYS,2.835371631859232,101.73912761014483,0,42531.44511301331
MYS_cluster_2115,MYS,2.9017227169285023,101.6882153533979,0,44939.77042945891
MYS_cluster_2338,MYS,2.854388594447236,101.79868729510054,0,35730.891863103105
MYS_cluster_2454,MYS,2.653258025222831,101.9986691758268,0,25401.018892215656
MYS_cluster_2261,MYS,2.905561014820113,101.6629778313468,0,47518.33951684147
MYS_cluster_2609,MYS,2.5828797094427265,101.85694129805786,0,35563.06971458299
MYS_cluster_2707,MYS,2.484026953924179,101.84662871493715,0,35425.40135682951
MYS_cluster_2800,MYS,5.019299702145171,100.41078053119789,0,88157.99949813483
MYS_cluster_2861,MYS,6.407882203384949,100.18081031206796,0,28456.02055008328
MYS_cluster_2660,MYS,2.6165336068606724,101.80483215410416,0,42194.49026263694
MYS_cluster_3030,MYS,5.192483736370323,100.50665535047428,0,67794.27281785838
MYS_cluster_3361,MYS,5.60226502239086,100.56616678131805,0,22253.348482052308
MYS_cluster_3466,MYS,5.592736199885032,100.4847942817609,0,24052.017696711537
MYS_cluster_3408,MYS,5.534178006797108,100.46446742528192,0,30931.19108195775
MYS_cluster_3503,MYS,5.355247594288213,100.20170933426807,0,62337.542065497764
MYS_cluster_3508,MYS,5.674798758042008,100.48406597016314,0,15492.047846797239
MYS_cluster_3518,MYS,5.713680157001081,100.51972232268729,0,10060.32989099377
MYS_cluster_3529,MYS,5.664266209291155,100.47406539114438,0,17028.55745445838
MYS_cluster_3741,MYS,6.229659255218218,100.41856892188288,0,27393.20481062735
MYS_cluster_3755,MYS,5.983643866697283,100.4619987298147,0,22197.963889016042
MYS_cluster_674,MYS,5.018098881286966,100.52759845783535,0,87081.31140779694
MYS_cluster_3175,MYS,5.273542027333053,100.4334959814712,0,59903.683902104036
MYS_cluster_4001,MYS,3.4990569599299777,102.1884083022896,0,54995.56341341635
MYS_cluster_4073,MYS,5.773168951921001,102.19136698585883,0,38844.08473094791
MYS_cluster_4110,MYS,3.700220056828556,103.04824082020248,0,29008.627314763562
MYS_cluster_3999,MYS,3.5339680404275726,102.14415301848614,0,57938.93492234136
MYS_cluster_3537,MYS,5.369340738039907,100.221771055668,0,59750.592390314785
MYS_cluster_4296,MYS,3.47119475225639,102.38486711330258,0,61010.97423264677
MYS_cluster_4298,MYS,3.501577539385988,102.29168361760988,0,58925.75622274616
MYS_cluster_4698,MYS,3.987889755886612,103.4102578707266,0,24340.134000354738
MYS_cluster_4733,MYS,3.957992403009796,103.37488343640328,0,19432.518099081804
MYS_cluster_4688,MYS,3.986925885465452,103.40810330179856,0,24117.440675102098
MYS_cluster_4694,MYS,3.991385827965032,103.41692922121032,0,25080.988757826915
MYS_cluster_4780,MYS,3.951595234111229,103.36102143168532,0,18070.56821597723
MYS_cluster_4783,MYS,3.948641396135861,103.3623459160402,0,17847.339130683755
MYS_cluster_4905,MYS,3.721295449778985,103.10630422010324,0,22176.501435402293
MYS_cluster_4943,MYS,3.870449100681955,103.32535673015931,0,8256.864712367356
MYS_cluster_4814,MYS,3.9610149704519473,103.36593140392476,0,19251.12175771167
MYS_cluster_4923,MYS,3.869047386490812,103.27005437639444,0,7153.123861838918
MYS_cluster_5201,MYS,5.353814813228958,103.05158838034356,0,144818.79046488195
MYS_cluster_5575,MYS,1.462818568625015,103.62287632468406,0,10657.893659313679
MYS_cluster_5576,MYS,1.4040731158050943,103.62314059473056,0,9572.201014703809
MYS_cluster_5572,MYS,1.409249243334812,103.62048513861926,0,9784.730824109858
MYS_cluster_5697,MYS,1.5121781867161546,103.56437848976682,0,19049.732800345228
MYS_cluster_6158,MYS,2.545697965432724,102.41614198023429,0,18891.834947848056
MYS_cluster_6306,MYS,2.5872591593571186,102.57472044291632,0,2760.2445202332815
MYS_cluster_6600,MYS,2.187856982123159,102.55142892687893,0,42072.65929717209
MYS_cluster_6898,MYS,2.2575924755572427,102.40167630143831,0,31334.568540653418
MYS_cluster_7034,MYS,2.2825526347602505,102.1141526594992,0,13307.513828487417
MYS_cluster_7186,MYS,1.404309795393167,104.20842513925946,0,33218.46312556221
MYS_cluster_7117,MYS,2.360358151669161,102.1824585295576,0,4878.699944920892
MYS_cluster_7354,MYS,1.4839116646185386,103.84209618333676,0,16576.010734095238
MYS_cluster_7277,MYS,1.519455702346151,103.89237912851765,0,23357.350650326676
MYS_cluster_7369,MYS,1.5972958582519765,103.75137462825175,0,20435.119634626724
MYS_cluster_7233,MYS,1.7166559896657387,103.87003429767886,0,28608.874039217273
MYS_cluster_7367,MYS,1.5959488082217732,103.75174393216348,0,20299.388902702754
MYS_cluster_7447,MYS,3.557831754895067,103.41738077841777,0,1576.7771211128893
MYS_cluster_8604,MYS,6.705775976788259,117.0309607972836,0,294032.5913406692
MYS_cluster_8765,MYS,5.404463714367028,115.74568799715614,0,106985.76804476243
PER_cluster_1297,PER,-13.744541927467434,-76.2271465684219,0,21384.901027082928
PER_cluster_4341,PER,-16.747586384882013,-71.87299098234297,0,33556.60302815987
PHL_cluster_1895,PHL,10.926906821956582,123.3026859134684,0,52171.325529971946
PHL_cluster_2943,PHL,15.178359633755438,120.50873804320564,0,15121.858629501541
PHL_cluster_2892,PHL,15.226143460819037,120.5560595596952,0,8518.781674628868
PHL_cluster_3038,PHL,15.207094939051627,120.53842098075155,0,11000.483141363833
PHL_cluster_345,PHL,8.396950323298785,124.60991991722123,0,25421.439717343714
PHL_cluster_3758,PHL,13.927371364540305,120.67163290248013,0,27213.895453697656
PHL_cluster_4532,PHL,14.08285495760754,121.20262402810891,0,31396.505556512268
PHL_cluster_5266,PHL,16.524050177753146,121.1939997649416,0,19497.782168733745
PHL_cluster_5298,PHL,16.366746369551212,121.097714967431,0,38046.09728469515
PHL_cluster_938,PHL,10.159458245102366,124.85828792901542,0,92044.44516141021
RUS_cluster_1018,RUS,57.79583000912938,28.19911787289899,0,14100.754705288016
RUS_cluster_1085,RUS,59.13823680346496,29.007318480742214,0,137432.8619014791
RUS_cluster_1093,RUS,58.863854891442834,29.914498022347875,0,166500.15071452264
RUS_cluster_1191,RUS,57.06610953067376,27.93756003992496,0,78356.11399956593
RUS_cluster_415,RUS,60.36033704867282,29.729153404353426,0,219679.38390104967
RUS_cluster_1125,RUS,58.52259287629808,29.88708810848248,0,140350.6342290976
RUS_cluster_510,RUS,60.949141108328895,29.13344917602523,0,242775.97965370206
RUS_cluster_585,RUS,59.858159256336,29.9086549562204,0,201844.06097650217
RUS_cluster_1338,RUS,59.44270229906317,32.0035192518556,0,298679.58070876467
RUS_cluster_1595,RUS,59.58989624326425,30.164886197428995,0,207352.59181652727
RUS_cluster_967,RUS,57.80250924815281,28.268688199173123,0,18288.853720844185
RUS_cluster_468,RUS,60.44219313476909,29.08598869706564,0,198439.3482785623
RUS_cluster_1640,RUS,59.628315021473874,30.40308732806605,0,221336.98175364238
RUS_cluster_1797,RUS,60.16344766090068,30.225059232464915,0,231710.73816330955
RUS_cluster_1555,RUS,59.72841374654222,30.46877837296892,0,227422.62346763304
RUS_cluster_2000,RUS,59.87815323105645,30.9992862612926,0,260386.99221626116
RUS_cluster_1799,RUS,60.135088039166575,30.17352009598453,0,227744.5774584357
RUS_cluster_2433,RUS,58.494270853772015,31.19055616068972,0,205666.88356475005
RUS_cluster_2251,RUS,57.60757249668078,34.50185587012137,0,251088.01319264312
RUS_cluster_2614,RUS,67.65685512814802,33.71217066228129,0,715783.6319570561
RUS_cluster_1736,RUS,59.75568286461611,30.36353559337841,0,222494.81742083904
RUS_cluster_830,RUS,59.37205606142544,28.5955167836228,0,115731.53629791598
RUS_cluster_3056,RUS,51.6523002422848,35.69576530473894,0,111635.87778468808
RUS_cluster_2908,RUS,52.97477680805259,35.72826974906824,0,243262.5581838568
RUS_cluster_3477,RUS,54.15278675499233,33.26292973061847,0,185496.35465597935
RUS_cluster_3528,RUS,55.19273089932116,34.30006473679364,0,102326.43783219442
RUS_cluster_3591,RUS,55.20331526795861,34.274427832318544,0,103516.55402010781
RUS_cluster_3039,RUS,51.40581751955619,34.89839506324328,0,86938.80564209621
RUS_cluster_2389,RUS,59.13196409512008,31.85072771020932,0,271956.33533543855
RUS_cluster_3994,RUS,56.197438331179406,35.65870048352574,0,81620.20247090823
RUS_cluster_4248,RUS,53.29507499365715,34.26723381440284,0,262523.5770858343
RUS_cluster_4344,RUS,53.34253509355855,34.310593192845424,0,256549.6362766479
RUS_cluster_4437,RUS,53.41762224462195,34.368681724283924,0,247364.3250246353
RUS_cluster_4431,RUS,53.33037979045757,34.241974750777786,0,259541.38432145855
RUS_cluster_4395,RUS,53.4160236451168,34.3744416182482,0,247386.0614140407
RUS_cluster_4346,RUS,53.41291967534715,34.36880781304115,0,247845.89908722858
RUS_cluster_4478,RUS,53.83631386402966,34.39965549513043,0,204048.88605933517
RUS_cluster_4685,RUS,52.35253439362656,35.37042511913034,0,191368.64850005307
RUS_cluster_4754,RUS,52.43103808331695,35.54700262549172,0,195083.43406349677
RUS_cluster_10093,RUS,56.136182506514544,38.881170725279205,0,54057.34340225891
RUS_cluster_10097,RUS,55.91054542342711,38.46670381189068,0,58698.45131927146
RUS_cluster_10311,RUS,56.25960131914336,38.20746282413701,0,16952.474897104014
RUS_cluster_10100,RUS,56.15781871066539,38.867025745271576,0,51993.843665035325
RUS_cluster_10104,RUS,55.7928712642046,38.91882585167189,0,62536.44043509867
RUS_cluster_10373,RUS,56.00984757483144,38.13659474043434,0,44454.459930813995
RUS_cluster_10338,RUS,56.38900668326088,38.68231633417479,0,32403.105266092876
RUS_cluster_10398,RUS,57.04546930549171,40.947406954453626,0,11536.097082097622
RUS_cluster_10495,RUS,56.44575009180833,40.46211394304397,0,7219.279374034562
RUS_cluster_10542,RUS,56.77240921638395,40.91143608158233,0,20059.879493373588
RUS_cluster_10643,RUS,54.741654010661,38.896669246361625,0,42781.06190655623
RUS_cluster_10522,RUS,56.87500707938442,40.51214743290359,0,30731.324945961085
RUS_cluster_10594,RUS,56.87318611048287,40.52959684724807,0,29763.900927821232
RUS_cluster_10503,RUS,56.86638554600988,40.508195033299145,0,31224.68993775688
RUS_cluster_10672,RUS,54.53270063639214,39.78778781057546,0,104450.19225315141
RUS_cluster_10694,RUS,54.53456855586403,39.786072320183344,0,104276.83963340783
RUS_cluster_10792,RUS,54.65173704637817,39.597418263679096,0,88892.01842345107
RUS_cluster_10800,RUS,55.14354870195968,40.17300754133933,0,120636.09271969621
RUS_cluster_10803,RUS,54.63956012444925,39.76059889605714,0,99416.24123606896
RUS_cluster_10809,RUS,54.71563155438376,39.84409385455921,0,103128.02256199143
RUS_cluster_10873,RUS,54.9555667019378,39.02640741233352,0,51437.15283134922
RUS_cluster_10785,RUS,54.691215474869,39.607351426327085,0,88571.90082854392
RUS_cluster_10952,RUS,54.95679525638133,39.18600052338215,0,61378.58996014739
RUS_cluster_11104,RUS,51.267597217602585,37.49566773642295,0,90597.70103553672
RUS_cluster_11126,RUS,51.25497856573447,37.53979564882635,0,92252.22871480604
RUS_cluster_10923,RUS,55.32067642462819,39.19680217943708,0,56519.27480338555
RUS_cluster_11005,RUS,51.2738810908664,37.84917347532099,0,111591.68147901892
RUS_cluster_11525,RUS,52.62510988931964,38.46636331487173,0,246198.52922901054
RUS_cluster_11890,RUS,51.32992822794048,39.234130177134254,0,157881.4207855157
RUS_cluster_12081,RUS,51.73918874205371,36.11344425023165,0,110297.05267220362
RUS_cluster_12143,RUS,52.02843297618347,36.34968223878956,0,139914.78211747154
RUS_cluster_12090,RUS,51.69481377701656,36.13992484979865,0,105080.68374250781
RUS_cluster_12162,RUS,51.780156414200505,36.19684447980894,0,113636.9193209495
RUS_cluster_11359,RUS,52.42932042425733,37.51962495424071,0,198066.83760417314
RUS_cluster_12279,RUS,50.63123375914034,36.59208879421586,0,17981.281783962288
RUS_cluster_12635,RUS,52.95718250176328,40.4879431123416,0,255181.94993750655
RUS_cluster_12512,RUS,52.651178485358365,41.45593989682078,0,231751.80049711114
RUS_cluster_13113,RUS,53.02882076377804,39.17585272863058,0,209842.38862307835
RUS_cluster_13034,RUS,53.02316131482184,39.17737894913719,0,210474.88994378247
RUS_cluster_13213,RUS,53.23525039317107,39.14083666220035,0,187213.86350968125
RUS_cluster_13599,RUS,53.80621898158422,39.53285344213572,0,141507.7506731362
RUS_cluster_13903,RUS,51.907244244261854,39.37019740126164,0,218901.8274835982
RUS_cluster_13908,RUS,51.63552737811106,39.122940732978805,0,184347.02645054006
RUS_cluster_13775,RUS,51.636960070102425,39.13031930776144,0,184700.85096218035
RUS_cluster_14074,RUS,56.67003477711689,36.28690839585311,0,118254.37277623906
RUS_cluster_14036,RUS,56.673539056472855,36.29133159958393,0,118082.64213364621
RUS_cluster_14000,RUS,56.78414046441099,36.11800340830343,0,131584.27091282984
RUS_cluster_14301,RUS,56.14498642010269,37.84251628994255,0,35240.91770013481
RUS_cluster_14330,RUS,56.36743858520909,37.551184282334624,0,37583.90579750573
RUS_cluster_14089,RUS,56.506600027843234,36.26095705973778,0,106374.4266822386
RUS_cluster_14210,RUS,57.34928315302352,37.59173580910525,0,105501.24630954146
RUS_cluster_14323,RUS,56.37644726423322,37.41842914696674,0,45606.2236325596
RUS_cluster_14441,RUS,55.64001342542974,36.97415758671032,0,12878.84835424622
RUS_cluster_14305,RUS,56.30839979388673,37.92859778611099,0,18009.479490979214
RUS_cluster_14469,RUS,55.62353870285785,36.97873138166628,0,13550.797035836176
RUS_cluster_14434,RUS,56.18708277996557,36.97137755342749,0,56344.23844715157
RUS_cluster_14543,RUS,55.88392847283964,37.03069553733752,0,22856.732617936723
RUS_cluster_14339,RUS,56.12901558540719,37.90888426880191,0,34746.471899481774
RUS_cluster_14435,RUS,56.06448563706824,37.07112396674136,0,41851.29441573314
RUS_cluster_14649,RUS,56.2377204037245,37.51837684334524,0,43765.18710943828
RUS_cluster_14464,RUS,55.99459331384293,37.32545543211923,0,35303.05071899332
RUS_cluster_14638,RUS,55.604393220814224,37.16808081450535,0,9682.787309428093
RUS_cluster_14700,RUS,56.07909650156801,37.74262620469065,0,44778.9507775598
RUS_cluster_14586,RUS,55.97644348733535,36.452804999973374,0,54277.78893593868
RUS_cluster_14763,RUS,55.63144265862078,37.1282453749532,0,6917.000075936311
RUS_cluster_14483,RUS,55.67346533614665,36.95681594460346,0,12784.480096090096
RUS_cluster_14851,RUS,55.60490235474143,37.367636633328175,0,16273.828375260457
RUS_cluster_14616,RUS,55.628423253727,37.00976957089265,0,11647.147576616262
RUS_cluster_15091,RUS,56.32042441124941,36.75884531894676,0,74232.3347662558
RUS_cluster_14923,RUS,55.64187157315521,37.00678395068313,0,10976.167606472893
RUS_cluster_15144,RUS,56.312717065362094,36.725761295054525,0,74147.07817946031
RUS_cluster_15163,RUS,55.47317533578562,37.26212319405144,0,25116.743234111997
RUS_cluster_13426,RUS,53.80480366887585,39.56159526215077,0,142738.95026254278
RUS_cluster_14832,RUS,55.95229762789155,37.95926980983703,0,52288.37913397989
RUS_cluster_15380,RUS,56.50190821517929,38.18392880344486,0,10410.109934844972
RUS_cluster_15371,RUS,56.72559300234346,37.62744139693503,0,47835.40666068967
RUS_cluster_15389,RUS,56.72707894775676,37.62811573543068,0,47928.58155117757
RUS_cluster_15379,RUS,56.4570712223381,38.08673446058637,0,6833.320172291516
RUS_cluster_15381,RUS,56.52003573381237,38.08784334785413,0,13007.985880010121
RUS_cluster_14603,RUS,55.60392789146922,37.34848453991525,0,15388.580734385765
RUS_cluster_15176,RUS,55.67072433467596,36.52221500324676,0,39941.517080303456
RUS_cluster_15443,RUS,56.45583615863784,38.091653606266654,0,6537.351013613281
RUS_cluster_14614,RUS,55.90116422545668,37.94479151885678,0,54419.28835987876
RUS_cluster_15170,RUS,55.56808493738108,36.98830825009433,0,17365.23629273405
RUS_cluster_15197,RUS,55.57291471939103,36.70366782634044,0,31425.84783292021
RUS_cluster_16148,RUS,46.42765404733218,41.53702534367167,0,8606.71091926429
RUS_cluster_16181,RUS,46.4614892902092,41.48147865327902,0,4831.166667254556
RUS_cluster_16440,RUS,47.52305961524844,40.13224326690269,0,148196.50928786755
RUS_cluster_16861,RUS,47.77657501524228,39.869680727129776,0,120683.12208812934
RUS_cluster_17937,RUS,44.17528686585259,40.84009586729085,0,106217.91816216323
RUS_cluster_18367,RUS,44.823584274136,41.41630675329641,0,49485.027106593334
RUS_cluster_18522,RUS,44.25182583041425,38.83083110788461,0,151580.13177968122
RUS_cluster_18195,RUS,45.44833849665445,41.96032219785593,0,86310.69217457778
RUS_cluster_18566,RUS,44.18478550253596,38.97354970615093,0,164832.2311589883
RUS_cluster_18593,RUS,44.527182395608335,40.0105960961295,0,100034.61026385569
RUS_cluster_16136,RUS,46.4593512211528,41.52710443039992,0,8004.62097867963
RUS_cluster_16740,RUS,47.3383886859243,39.83365334021047,0,136883.94686068484
RUS_cluster_20089,RUS,50.81013322573786,40.63801867251348,0,139358.3823394365
RUS_cluster_20133,RUS,50.97147934566853,39.54831423264586,0,141325.29599939665
RUS_cluster_20340,RUS,48.93250394360814,40.37276369696474,0,105349.1936688416
RUS_cluster_20505,RUS,45.26913491091691,38.092804750060026,0,46252.21011942673
RUS_cluster_21127,RUS,44.85972912672049,38.28266994550884,0,74171.87516049284
RUS_cluster_21400,RUS,45.39886149905282,38.40459767958478,0,72708.82630217675
RUS_cluster_21541,RUS,45.0969663013911,38.915621185093926,0,111771.43626392179
RUS_cluster_21562,RUS,45.066640590035576,38.91493387907759,0,112265.68233719967
RUS_cluster_21974,RUS,44.8422003536734,38.93691414798485,0,120847.89669272592
RUS_cluster_22157,RUS,44.9529781005194,37.29869258163995,0,35415.806745868285
RUS_cluster_5437,RUS,59.20066383296441,39.18264513330483,0,124636.22137005205
RUS_cluster_5438,RUS,59.15601399209585,38.72138794242001,0,115731.79025650263
RUS_cluster_5573,RUS,59.25264720907077,39.9017937708911,0,145948.1444566712
RUS_cluster_5882,RUS,58.15641764945166,38.6633843090763,0,4715.954929118356
RUS_cluster_6749,RUS,54.496268197435946,36.26993706986347,0,82465.86495078451
RUS_cluster_6854,RUS,54.47990672383325,37.71488132235799,0,40481.55373026814
RUS_cluster_5818,RUS,58.15076447640522,38.66991541029653,0,4274.649120343667
RUS_cluster_6871,RUS,54.88613824982613,37.24114313347179,0,9816.32578577011
RUS_cluster_6877,RUS,54.88824348727567,37.241931263519774,0,9579.270793995236
RUS_cluster_6969,RUS,55.24477059119484,37.627235090855685,0,38395.31002417443
RUS_cluster_7077,RUS,54.90882816595164,37.3538786794817,0,9746.013178294088
RUS_cluster_5858,RUS,58.0540028069918,38.931529065469,0,6791.633380730431
RUS_cluster_7067,RUS,55.31808005211855,37.16053829375029,0,38680.16443035165
RUS_cluster_6870,RUS,55.306725988284434,37.51578675459001,0,40593.80040259181
RUS_cluster_7130,RUS,55.26210556562823,37.5090993253698,0,35941.5212418902
RUS_cluster_6978,RUS,55.42749771315815,37.27038008256327,0,30168.307905240377
RUS_cluster_7066,RUS,55.18333232970696,37.590430257051246,0,31690.68347468106
RUS_cluster_7438,RUS,55.41256238899964,38.27112224159532,0,7223.901039195525
RUS_cluster_7428,RUS,55.16934497650342,38.38509458854895,0,20773.253140106328
RUS_cluster_6933,RUS,55.37240177664774,37.48776707214285,0,41076.70598881137
RUS_cluster_7485,RUS,55.56507824763813,38.037604079902266,0,29207.13856476402
RUS_cluster_6955,RUS,55.40794569608181,37.18885538871208,0,31565.852400982614
RUS_cluster_7903,RUS,53.45414677345594,36.92338186024322,0,161719.96244652887
RUS_cluster_7987,RUS,53.92711518847167,37.938667543352416,0,102995.76083770889
RUS_cluster_8189,RUS,53.95859082852856,38.16048612526503,0,97679.48918247854
RUS_cluster_8133,RUS,53.980310128287904,38.52348692859151,0,96732.10536805303
RUS_cluster_7991,RUS,54.08790250689964,37.99937734507195,0,84688.25794728776
RUS_cluster_8433,RUS,54.57715322679601,36.257243060668166,0,77594.66702824694
RUS_cluster_8378,RUS,54.033821482620766,38.31550106523796,0,89245.81493606129
RUS_cluster_7724,RUS,53.11073183072896,38.13768437619589,0,191926.23572703724
RUS_cluster_8616,RUS,55.41164136451161,36.71985493207106,0,41562.459786186664
RUS_cluster_8477,RUS,55.08746986053861,36.661141942060944,0,39719.11557624229
RUS_cluster_8413,RUS,54.53441335771764,36.14309216336027,0,86350.11469376317
RUS_cluster_8663,RUS,55.36054462053451,36.749826020743015,0,44872.22674413316
RUS_cluster_8664,RUS,55.49597576851144,36.06136562255975,0,14083.732948667213
RUS_cluster_8665,RUS,55.21790359634992,36.56623502354756,0,51374.68116553445
RUS_cluster_8861,RUS,53.27925444583732,36.59951991708581,0,187163.70115201524
RUS_cluster_8608,RUS,55.32326717767867,36.78468976284481,0,47202.82843989241
RUS_cluster_8989,RUS,56.12335029153622,40.036106913709695,0,51668.20005490337
RUS_cluster_9097,RUS,56.25309308746719,40.55245589058807,0,27007.061568290304
RUS_cluster_9099,RUS,56.09843757361445,40.19976116441787,0,48839.34908496269
RUS_cluster_8988,RUS,56.12562737702938,40.04090029815079,0,51288.00550136558
RUS_cluster_8953,RUS,52.95068927493629,36.01553768144976,0,236416.8032471373
RUS_cluster_9184,RUS,56.35665631251405,40.990493449370256,0,31895.322467127087
RUS_cluster_8931,RUS,52.99943031148679,36.06941441786124,0,229958.13538336527
RUS_cluster_9183,RUS,56.41565699048956,41.158798199155626,0,39235.6573232148
RUS_cluster_9225,RUS,56.30409912864545,41.39338567795125,0,56849.20663423221
RUS_cluster_9276,RUS,56.95228811617702,41.09801185787735,0,5900.831672126729
RUS_cluster_9210,RUS,56.41464457824436,41.15553358199976,0,39066.68912039249
RUS_cluster_9220,RUS,56.47165536896237,40.95925813076922,0,26068.945706759456
RUS_cluster_9357,RUS,54.36431703844438,41.93013123909058,0,221331.95916899477
RUS_cluster_9462,RUS,54.940639882796006,41.41781095600306,0,181511.96754724102
RUS_cluster_9451,RUS,54.94360379586546,41.42402016544071,0,181316.10858498124
RUS_cluster_9479,RUS,54.92273118559681,41.34451834526949,0,182085.73690003474
RUS_cluster_9639,RUS,55.76321638687537,38.08375791037661,0,47953.64156536152
RUS_cluster_9620,RUS,55.36286152320332,39.06804542848424,0,48273.24471940344
RUS_cluster_9185,RUS,56.34199176072235,41.346323797079855,0,52636.794335061786
RUS_cluster_9652,RUS,55.76006997322912,38.08024101755065,0,47684.053394098
RUS_cluster_9589,RUS,55.33403483760495,38.8901518408808,0,37067.36379909422
RUS_cluster_9687,RUS,55.59933699981666,38.133723472044,0,29697.41267677596
RUS_cluster_9676,RUS,55.811179230200565,38.646090817777896,0,55543.08992788268
RUS_cluster_9747,RUS,55.72289230069111,38.03889207698428,0,44662.23325602988
RUS_cluster_9691,RUS,55.50903973936946,38.33747542406266,0,17755.061907787018
RUS_cluster_9540,RUS,55.52605182076788,41.98865901707353,0,119025.59406427652
RUS_cluster_9750,RUS,55.75898385891605,38.08842405025785,0,47418.60509806463
RUS_cluster_9699,RUS,55.69969837110754,38.48039323494557,0,40378.61398939116
RUS_cluster_9816,RUS,55.84317577171787,38.1960611089189,0,55211.40435004426
RUS_cluster_9769,RUS,55.74970842994743,38.10798884092012,0,46086.496311310664
RUS_cluster_9841,RUS,55.7645466195007,38.067582145447325,0,48398.804974041734
RUS_cluster_9683,RUS,55.74970437217415,38.70448914392063,0,51023.16936706082
RUS_cluster_22257,RUS,61.23468188812247,46.65828637249584,0,501183.11165569286
RUS_cluster_9924,RUS,55.85316689259355,38.50165832645977,0,57252.47645838338
RUS_cluster_22638,RUS,58.38425571934304,45.51450281813127,0,236098.77527932514
RUS_cluster_22699,RUS,56.462260704231774,43.53973139059613,0,38022.839217753986
RUS_cluster_22691,RUS,56.2718238068256,43.08728338992259,0,34424.54401306291
RUS_cluster_22256,RUS,61.25179919391972,46.861295796445226,0,509898.02250222705
RUS_cluster_22726,RUS,56.10150271632503,43.473733312147765,0,6521.864435023761
RUS_cluster_22717,RUS,56.25668714112386,43.46206701594114,0,16596.077146621472
RUS_cluster_22796,RUS,56.228005399518565,42.95824420887262,0,39878.84820188164
RUS_cluster_22725,RUS,56.21882338718779,43.93173382318208,0,24734.389834854956
RUS_cluster_22882,RUS,56.29361479889292,42.8027114823044,0,51371.037075963606
RUS_cluster_22957,RUS,56.16172491743773,43.92034808174033,0,21990.87136230419
RUS_cluster_22949,RUS,56.14422860725717,44.18395035573726,0,37943.81760031736
RUS_cluster_23041,RUS,56.30160991991467,44.18493889247684,0,42846.962184676115
RUS_cluster_22798,RUS,56.30944186998492,42.98711513576756,0,41863.67970024351
RUS_cluster_23057,RUS,56.30273647963725,44.18003179465595,0,42638.029000844464
RUS_cluster_22671,RUS,56.46050798776884,43.53738858691342,0,37836.37108483683
RUS_cluster_23815,RUS,52.177821707558365,46.997910629510216,0,89363.47709809395
RUS_cluster_23843,RUS,52.08086717102868,47.47495023313048,0,89566.96055176022
RUS_cluster_23894,RUS,51.99523422902488,47.889713940153214,0,99932.84504133115
RUS_cluster_23774,RUS,52.17963397298798,46.99804151800712,0,89564.4607508606
RUS_cluster_24149,RUS,54.21119921936579,45.24414323873347,0,35088.09137169396
RUS_cluster_24183,RUS,54.28072974179044,45.32434209106053,0,26075.717800490373
RUS_cluster_24398,RUS,54.828710086450194,46.61157074625111,0,76911.33823805623
RUS_cluster_24562,RUS,52.97541824635312,44.95500175437558,0,16494.690251858403
RUS_cluster_24576,RUS,52.97474738554548,44.95591380436965,0,16590.09287441309
RUS_cluster_24605,RUS,53.21919397609688,45.06008189538866,0,20209.305039032937
RUS_cluster_24610,RUS,53.13366169949455,44.97390482369655,0,10354.105063704039
RUS_cluster_24789,RUS,53.20881266877326,45.20184350495021,0,27606.159849696847
RUS_cluster_24969,RUS,54.29371716860668,47.37514572084893,0,86135.81542333942
RUS_cluster_25092,RUS,54.9459410450451,43.30967154101244,0,131686.82109979447
RUS_cluster_24858,RUS,53.07492760236032,45.7067169639646,0,27393.491813365465
RUS_cluster_25225,RUS,54.91815178281216,43.34872817521517,0,134473.24815472984
RUS_cluster_26902,RUS,51.00711995836858,45.70090412119299,0,89084.9358295259
RUS_cluster_26926,RUS,51.62106649052909,45.96940587241448,0,65401.117292798954
RUS_cluster_27017,RUS,51.60123392501448,45.87679570900541,0,70516.70828582071
RUS_cluster_27106,RUS,51.69646843697287,46.75645154753642,0,35490.38176137267
RUS_cluster_27314,RUS,51.5542764893878,43.221577660902966,0,153129.44827474625
RUS_cluster_26891,RUS,51.01054357344324,45.703410790046064,0,88750.6766117371
RUS_cluster_27570,RUS,52.24960123086712,43.74806911850085,0,119547.15360827888
RUS_cluster_27721,RUS,50.07321340584197,43.20815295850819,0,60373.093143728125
RUS_cluster_27580,RUS,52.247366938438205,43.76256400239454,0,119154.01182466012
RUS_cluster_27935,RUS,55.43557452358736,42.51544689706013,0,100893.70674229396
RUS_cluster_28668,RUS,43.369324866892704,45.603949321939375,0,134117.20687856304
RUS_cluster_29898,RUS,42.997220060356966,47.34514942119047,0,28384.25212769274
RUS_cluster_30450,RUS,48.9207496812969,44.60046351754145,0,15616.6816377732
RUS_cluster_32411,RUS,44.23651930790281,43.10105236509049,0,196367.50702041815
RUS_cluster_32707,RUS,58.525873236511146,50.02599164869316,0,248660.93757884813
RUS_cluster_32712,RUS,58.49428991305947,49.64430424489,0,234104.45213905317
RUS_cluster_32903,RUS,58.704748265777226,50.18478338970345,0,270334.0306398129
RUS_cluster_32881,RUS,58.66309453068855,49.67247540641923,0,251402.57223104042
RUS_cluster_33073,RUS,58.4107166506554,51.16312871682878,0,221722.1114402749
RUS_cluster_32708,RUS,58.660465313698886,49.67831990435639,0,251299.47114895767
RUS_cluster_33191,RUS,53.19111960975623,48.41865266872049,0,69888.85234541699
RUS_cluster_33266,RUS,52.9734598192641,49.41558532192387,0,2110.5773520329035
RUS_cluster_33456,RUS,52.6932561234046,48.18572778541287,0,88786.36062802836
RUS_cluster_33457,RUS,53.12744463024416,48.41972822533372,0,67959.41838778138
RUS_cluster_33532,RUS,53.08025158352128,50.77425868252965,0,61420.69609461614
RUS_cluster_33398,RUS,53.159530256525215,48.39089798126801,0,70668.70584991839
RUS_cluster_33590,RUS,53.491930836510434,50.03073254989046,0,6091.273153520189
RUS_cluster_33558,RUS,53.3113154875459,50.31122491377602,0,21600.630170259446
RUS_cluster_33766,RUS,53.05738154060777,50.48207003986822,0,51550.13417780119
RUS_cluster_33630,RUS,53.29371534044145,50.36802096903698,0,25529.180936360768
RUS_cluster_33716,RUS,53.382299224127685,50.32682835140928,0,17003.455976234363
RUS_cluster_33916,RUS,53.49252867343322,49.47950192297338,0,41841.4475795566
RUS_cluster_33954,RUS,53.40482094914479,49.50226997147555,0,40791.751051946114
RUS_cluster_33948,RUS,53.40923395463153,49.40985078501166,0,46363.064199725566
RUS_cluster_33888,RUS,53.49128596106841,49.47686364383722,0,42005.96288625792
RUS_cluster_33709,RUS,53.05648120189333,50.503896719941885,0,52349.422463120194
RUS_cluster_33482,RUS,53.09761520455108,48.42356558807432,0,67073.70037945146
RUS_cluster_35160,RUS,54.57493699832984,52.41231479557384,0,67554.49261228573
RUS_cluster_32921,RUS,58.42195723212215,49.2505473650951,0,216555.29821565142
RUS_cluster_35832,RUS,53.384356235706704,51.30701341972989,0,79807.74331909495
RUS_cluster_36370,RUS,55.87596635910143,49.02034644946056,0,114754.44991092957
RUS_cluster_36524,RUS,55.8560236493074,48.49846355004303,0,98172.63415126581
RUS_cluster_36785,RUS,56.217332112985815,51.037106825606,0,2947.7633488575884
RUS_cluster_37412,RUS,55.85254991458908,48.37985949056884,0,95422.45653935043
RUS_cluster_37527,RUS,56.766448680109285,48.45866090361879,0,43891.05552299322
RUS_cluster_37449,RUS,57.00547563788543,48.72411952642336,0,70409.75447939674
RUS_cluster_37801,RUS,56.8524543913165,53.33640047450765,0,6994.2734329703635
RUS_cluster_37774,RUS,56.85392861245837,53.113115699839646,0,20418.95205155629
RUS_cluster_37802,RUS,56.85629616067764,53.35767226595371,0,5911.055797646384
RUS_cluster_38175,RUS,55.6673418305976,52.34911208902186,0,99196.3651646907
RUS_cluster_37986,RUS,55.89517211432716,53.94145857639695,0,108910.23860337099
RUS_cluster_38544,RUS,41.81602741244943,48.39226658020247,0,126385.73061186753
RUS_cluster_39188,RUS,53.42984371545996,56.05997348498752,0,208106.26800582395
RUS_cluster_39123,RUS,53.35273551305027,55.91613868477076,0,205798.78707330936
RUS_cluster_38489,RUS,56.43030245177024,52.23834954822164,0,74112.68673975364
RUS_cluster_39345,RUS,53.66211671303552,55.94723195381745,0,187642.4672841887
RUS_cluster_39751,RUS,57.041138295731,54.03480555890236,0,42342.75074971589
RUS_cluster_39812,RUS,58.01748250122008,55.93922415002172,0,198792.36004112157
RUS_cluster_39810,RUS,58.01548448307657,55.94580903579224,0,198944.75079143333
RUS_cluster_39820,RUS,57.99946000034628,55.92816769349188,0,197002.01431475434
RUS_cluster_39808,RUS,58.004896190506,55.9314817949221,0,197540.4882887008
RUS_cluster_39833,RUS,58.00861236346525,55.96157560405224,0,199164.62183719483
RUS_cluster_39835,RUS,58.00674843694382,55.96409261155229,0,199145.8554773126
RUS_cluster_39859,RUS,57.99974093663016,55.94042656136584,0,197575.90298672678
RUS_cluster_39813,RUS,58.05130314585583,56.08589357686221,0,207829.2346140896
RUS_cluster_39836,RUS,57.9983917992392,55.93558696076119,0,197260.8769456177
RUS_cluster_39821,RUS,58.07953175583231,55.867758200315095,0,200214.02319630026
RUS_cluster_39809,RUS,58.01306266469307,55.95115759280549,0,199012.02235495005
RUS_cluster_39954,RUS,57.960408664865575,56.14464624383855,0,204329.22548698945
RUS_cluster_40041,RUS,55.50529749407199,54.84193617157469,0,142482.39288973899
RUS_cluster_40305,RUS,51.1420654203725,58.64396452599732,0,376791.41475213424
RUS_cluster_39912,RUS,58.007124804224574,55.91058240934287,0,196760.97224431112
RUS_cluster_40662,RUS,51.75778880018181,55.06715365197401,0,323592.65739743673
RUS_cluster_40656,RUS,51.77572409148758,55.19097364229813,0,324561.1386343463
RUS_cluster_40327,RUS,51.89672079881601,55.2062778826791,0,312352.41308625235
RUS_cluster_40348,RUS,52.96982887394521,55.92182504242152,0,235381.02969616052
RUS_cluster_40916,RUS,56.81237303588362,60.73868263119488,0,443464.6143640807
RUS_cluster_40886,RUS,67.60283496160565,64.128237707714,0,1314730.086267707
RUS_cluster_40918,RUS,56.9784853633116,60.60675976363807,0,434764.36322499014
RUS_cluster_40966,RUS,54.850236825279886,60.62641204334263,0,382245.1258038004
RUS_cluster_41164,RUS,56.43935920563701,61.84724020069138,0,509020.83924792573
RUS_cluster_41209,RUS,56.439805314070206,61.93754225473565,0,507558.78065718344
RUS_cluster_40961,RUS,54.9644452880176,60.37740958481776,0,401922.33999514417
RUS_cluster_41096,RUS,55.443593168608174,65.26324796833748,0,390603.9938164838
RUS_cluster_41163,RUS,56.40024687657321,61.87540706771444,0,504362.0521855797
RUS_cluster_41217,RUS,56.43296079924903,61.83858708391387,0,508485.59455669916
RUS_cluster_41255,RUS,55.05804452033361,61.51422816356823,0,372757.1431834734
RUS_cluster_41545,RUS,63.11150973596664,75.34024708729038,0,1041388.5533497457
RUS_cluster_41710,RUS,54.98804383165434,83.04096290628625,0,243605.30679644865
RUS_cluster_41384,RUS,54.04794113181416,61.63043592603793,0,271924.4251400078
RUS_cluster_41700,RUS,54.93340832967461,82.8921401733235,0,232431.11361167068
RUS_cluster_41667,RUS,54.865004312188745,83.11903222487373,0,242795.53114060173
RUS_cluster_41391,RUS,54.04664251104413,61.62397669797278,0,272048.5439514568
RUS_cluster_41171,RUS,56.37094794131823,61.98167308781535,0,499456.14439822175
RUS_cluster_41782,RUS,54.93750810320853,83.12684679714074,0,246320.17837730033
RUS_cluster_41748,RUS,54.85644270798963,83.04821228976506,0,238230.82902198297
RUS_cluster_41821,RUS,54.98843920666445,83.03393008824136,0,243217.21721560572
RUS_cluster_42382,RUS,54.53401052225776,86.35607568983873,0,438415.5286720123
RUS_cluster_42401,RUS,54.502026111010125,86.36198480903049,0,438511.20244772756
RUS_cluster_42496,RUS,55.66586744827757,86.28555052612843,0,462015.825370126
RUS_cluster_42564,RUS,56.19502314712636,89.54566835976301,0,673202.4242857296
RUS_cluster_42497,RUS,55.67541306067918,86.2660697196243,0,461249.5235768562
RUS_cluster_42500,RUS,55.6812094856552,86.26367167417281,0,461338.8668775409
RUS_cluster_42668,RUS,56.14960768566552,101.56569652628112,0,1008039.8645796897
RUS_cluster_42667,RUS,56.15287263016253,101.56236712477212,0,1008456.1305087599
RUS_cluster_42894,RUS,50.26711998675491,130.27475323500389,0,1569923.2323017556
RUS_cluster_42666,RUS,56.17657311883362,101.59236956981802,0,1010056.4643026234
RUS_cluster_42857,RUS,49.81118526690734,129.398896417984,0,1569691.3048034871
RUS_cluster_42998,RUS,46.802174129372645,134.26670398833204,0,1085806.9650830715
RUS_cluster_42967,RUS,43.15042702141445,131.97724074500942,0,920878.1340313014
RUS_cluster_42817,RUS,51.71072643099082,108.2587450869518,0,441647.1467986308
RUS_cluster_41735,RUS,54.96947574070139,82.79710531049551,0,228683.37795067596
RUS_cluster_42352,RUS,53.97011142098191,86.7149986549551,0,461052.4815230891
SLE_cluster_11,SLE,8.379416711660136,-12.946830744301788,0,6227.456564483039
ZAF_cluster_103,South Africa,-34.18780193530895,18.441357111814003,0,53499.2457086369
ZAF_cluster_543,South Africa,-28.490148319720788,21.533725814028383,0,167598.25449294865
ZAF_cluster_658,South Africa,-33.98815356937657,22.44048515921324,0,241617.30353863438
ZAF_cluster_1438,South Africa,-33.78407718027115,25.44598370630989,0,32527.415575928804
ZAF_cluster_1320,South Africa,-30.620605667236887,24.03391141119551,0,282177.22111925314
ZAF_cluster_1962,South Africa,-26.08100813935709,28.487930214885207,0,8280.167254702244
ZAF_cluster_1975,South Africa,-26.055102635950465,28.508810782138724,0,7646.572595392812
ZAF_cluster_1823,South Africa,-26.427263715509927,28.43797230405421,0,28389.323458539897
ZAF_cluster_2630,South Africa,-25.964659628455376,28.02403076772445,0,24853.137922930266
ZAF_cluster_2636,South Africa,-25.964815442645936,28.02264208610193,0,24944.350265509373
ZAF_cluster_2614,South Africa,-25.99724005317134,28.1368934673156,0,24483.4552621815
ZAF_cluster_2660,South Africa,-25.930735438042056,27.92941173736069,0,26430.867755240743
ZAF_cluster_2920,South Africa,-26.18587497262566,27.70398084337116,0,16254.016157923157
ZAF_cluster_2810,South Africa,-26.01320686743357,27.77909007136245,1,26098.64637869369
ZAF_cluster_3124,South Africa,-25.741517958845453,27.420803993855788,0,28107.01864852146
ZAF_cluster_3923,South Africa,-23.67218568814553,27.7421824796067,0,175490.79888781856
ZAF_cluster_3966,South Africa,-23.06716129744479,27.97849452289414,0,176950.16985573468
ZAF_cluster_4067,South Africa,-25.767461005420365,28.20020419073026,0,4114.095917064294
ZAF_cluster_4062,South Africa,-25.76586140191097,28.14828586206153,0,1854.9205958091047
ZAF_cluster_4251,South Africa,-25.70762461486728,28.100034727459697,0,9336.267412763802
ZAF_cluster_4279,South Africa,-25.65796904994077,28.20627443310513,0,7015.0920005874295
ZAF_cluster_4329,South Africa,-25.660231440143733,28.21210636077689,0,7226.873840707844
ZAF_cluster_4284,South Africa,-25.655301948763285,28.19811229725816,0,6862.145874214949
ZAF_cluster_4917,South Africa,-27.904277811367795,26.7113241936891,0,8338.080412361056
ZAF_cluster_5192,South Africa,-23.3150555323406,30.71516264618557,0,116771.79475614421
ZAF_cluster_6035,South Africa,-29.583347046416808,30.360744308111293,0,18427.195283256227
UZB_cluster_140,UZB,41.57875707868957,64.21590604328023,0,286515.8835641249
UZB_cluster_2382,UZB,41.106389508794656,71.55933028699381,0,175898.08637964167
UZB_cluster_2909,UZB,40.35338585291262,71.84327976037424,0,175632.2665778378
ARE_cluster_70,ARE,24.41323865261307,54.53811465440577,0,29202.548510019198
KAZ_cluster_4363,KAZ,50.3300210375966,83.45591554077167,0,484588.17689678905
RUS_cluster_768,RUS,57.78282825346764,29.63510344637847,0,98970.0715493759
RUS_cluster_4696,RUS,52.33595381029824,35.40413974983862,0,188763.40924185043
RUS_cluster_13423,RUS,53.74734872056612,39.54884405979741,0,147476.71919145004
RUS_cluster_21275,RUS,45.64039663285207,38.93847536592075,0,120605.02305525387
RUS_cluster_6923,RUS,55.246538776939765,37.27819161358001,0,30328.94126083572
RUS_cluster_8607,RUS,55.19619367231663,36.63045374388562,0,46639.32973431043
RUS_cluster_8762,RUS,55.62581140334704,36.33340070602462,0,35379.08254976686
RUS_cluster_27757,RUS,50.08170946880807,43.22317400135218,0,61028.13231742458
RUS_cluster_9728,RUS,55.76681993450888,38.22205604158161,0,46588.35273148765
RUS_cluster_39171,RUS,53.66948616582677,55.94876263618549,0,187310.31019159744
RUS_cluster_33971,RUS,53.11610007113252,50.157178201116935,0,38818.325809925554
RUS_cluster_40691,RUS,51.86898741569095,55.13193762069356,0,313427.3300458433
RUS_cluster_40909,RUS,56.91428078306918,60.569760274981824,0,432691.4494889641
RUS_cluster_41263,RUS,55.08876595353852,61.60696672296352,0,373292.6920439231
ZAF_cluster_4270,South Africa,-25.659547660617484,28.205994299782883,0,7192.6489926291715
ZAF_cluster_5929,South Africa,-29.70122412850021,30.500282030369185,0,3729.4584681508427
ERI_cluster_49,ERI,13.075556006393713,42.65777485233277,0,148418.0275484733
NAM_cluster_222,NAM,-17.497030110345573,24.270454936638107,0,354246.36091034603
CIV_cluster_48,CIV,6.876594549091305,-8.130386554461044,0,280240.2395534559
MNG_cluster_83,MNG,46.9411411098919,116.2032047866553,0,677817.2523295027
SVK_cluster_102,SVK,48.43777697741949,17.761823329875547,0,20140.608228927173
SVK_cluster_103,SVK,48.44361707530919,17.776821546074387,0,19881.173782340633
SVK_cluster_237,SVK,48.32675705744972,17.5892129293382,0,14050.499503826537
SVK_cluster_454,SVK,48.20687635758325,17.185005065240343,0,7837.82908987232
SVK_cluster_465,SVK,48.19872912450909,17.208546301431014,0,5971.62394426297
SVK_cluster_445,SVK,48.29462448651731,17.277931448534545,0,9271.432539977715
SVK_cluster_466,SVK,48.21742669754201,17.38662045708195,0,7764.386944742999
SVK_cluster_532,SVK,48.16009866783082,17.305606332886537,0,3842.9067874968005
SVK_cluster_702,SVK,48.131125923642685,17.17859819331106,0,10655.037789202219
SVK_cluster_683,SVK,48.21646193773715,16.987092290349345,0,22500.07343105529
SVK_cluster_804,SVK,48.39411665411695,17.12275144142135,0,22449.012978433722
SVK_cluster_807,SVK,48.67255210187233,17.367464217856636,0,5055.442276178907
SVK_cluster_825,SVK,48.68607880396966,17.378400313703363,0,6289.312051787687
SVK_cluster_895,SVK,48.39256361985191,17.12412928713197,0,22286.50425842389
SVK_cluster_1023,SVK,49.107318648630255,18.439905723466456,0,10339.580751255087
SVK_cluster_883,SVK,48.67347306501848,17.348113824619396,0,5822.377545533587
SVK_cluster_1057,SVK,49.09809610372257,18.4698065984823,0,12700.882616007038
SVK_cluster_1161,SVK,48.94115832480923,18.14112908211657,0,3108.1860664593037
SVK_cluster_1151,SVK,49.04911225535,18.91375587694514,0,6821.231637499403
SVK_cluster_1247,SVK,48.91327801856463,18.160416425449625,0,6248.555292910289
SVK_cluster_1187,SVK,48.8711252896728,18.05233813396877,0,6569.639083760538
SVK_cluster_1312,SVK,48.590908248568375,19.132005528349783,0,41387.80937667714
SVK_cluster_1303,SVK,48.58217821435584,19.10518019401784,0,39923.35637602903
SVK_cluster_1300,SVK,48.586639260194346,18.85018221857588,0,23513.400423894913
SVK_cluster_1347,SVK,48.62354131811601,19.13764340449874,0,40634.03883361444
SVK_cluster_1261,SVK,48.76722284937303,18.60372405370688,0,4967.394328310418
SVK_cluster_1414,SVK,48.29645390827938,18.05827224529872,0,2096.9996744087416
SVK_cluster_1397,SVK,48.29142990562236,18.54242332251112,0,13079.614498782092
SVK_cluster_1404,SVK,48.3072296123466,18.047817338109567,0,1586.8144396423713
SVK_cluster_1345,SVK,48.579458103813714,19.10493165261898,0,40026.73671375657
SVK_cluster_1376,SVK,48.2963530187543,18.51824072086216,0,13991.47210706994
SVK_cluster_1551,SVK,48.58102564404916,19.147801356601946,0,42869.7901747908
SVK_cluster_1558,SVK,49.08326383394429,19.268963054746223,0,20651.51645325284
SVK_cluster_1563,SVK,48.762320592679096,19.16913361981793,0,38674.785000588505
SVK_cluster_1560,SVK,48.76062290737477,19.16281417735782,0,38694.96048289997
SVK_cluster_1561,SVK,48.5834638717796,19.146431545649115,0,42676.31108895744
SVK_cluster_1734,SVK,48.57552118981053,19.17012959875355,0,44622.280218518536
SVK_cluster_1540,SVK,48.248732244015486,18.10860136557915,0,8063.120218958141
SVK_cluster_1769,SVK,48.95043090649396,20.561769810900213,0,33383.815045985226
SVK_cluster_1705,SVK,49.082267868963726,19.652818665242684,0,48602.64705083336
SVK_cluster_1788,SVK,48.88317716765528,20.676977692800083,0,27128.956398044433
SVK_cluster_1725,SVK,49.084045626046255,19.28791538462819,0,22028.873959290777
SVK_cluster_2007,SVK,48.64330021917642,20.529954244487246,0,2651.177351722731
SVK_cluster_2189,SVK,48.395682333668,19.239205850570443,0,28345.495740966897
SVK_cluster_2056,SVK,47.763825792986594,18.13835517832382,0,14145.142115691986
SVK_cluster_2163,SVK,47.77183661075899,18.111120818407816,0,13202.926406771161
SVK_cluster_2397,SVK,49.42750911276533,18.80174528427083,0,9327.779270593344
SVK_cluster_2392,SVK,49.204681346143246,18.76670404918443,0,6818.14973233593
SVK_cluster_2413,SVK,49.310610164830464,18.7903796223147,0,4158.727177608653
SVK_cluster_2415,SVK,49.10690128412471,19.0423506286674,0,4615.764125129077
SVK_cluster_2520,SVK,49.225153882372354,19.30164574355845,0,27556.117419926453
SVK_cluster_2555,SVK,48.75063638142672,21.93720571218284,0,30114.949675854765
SVK_cluster_2799,SVK,48.81156635806831,20.91266679881169,0,31059.518288674906
SVK_cluster_2487,SVK,49.21362488554374,19.285625420956823,0,25883.076800653944
SVK_cluster_2988,SVK,49.00963100077168,21.248595314796628,0,27973.79889710483
SVK_cluster_2922,SVK,48.87229075550325,21.83996218165755,0,18385.346116990797
SVK_cluster_2889,SVK,49.02057155646253,21.22427705817119,0,30104.614643960635
SVK_cluster_3130,SVK,48.62070968582098,20.997706355009683,0,31820.790656398152
SVK_cluster_3097,SVK,48.881823273159895,21.68939352138683,0,7367.89417620071
SVK_cluster_2760,SVK,48.76293454103001,21.91860462980409,0,28230.063176922948
SVK_cluster_3185,SVK,48.62806191181476,21.171428635035177,0,42944.17020738021
SVK_cluster_984,SVK,48.883360227344006,18.02376300951896,0,5026.208672007483
SVK_cluster_965,SVK,48.81144563256503,18.58143096081961,0,10033.203893496468
SVK_cluster_975,SVK,48.71621021711591,18.54592326344284,0,4387.963981657319
SVK_cluster_2798,SVK,49.02254891513086,21.292178985838746,0,25906.44563590908
MDG_cluster_93,MDG,-18.179901027516863,49.38692005905605,0,193614.06466417148
PAK_cluster_1863,PAK,31.352203044051844,69.4373622919976,0,157908.70468095088
PAK_cluster_2074,PAK,34.07014311044687,71.97875774716083,0,120701.0677969177
PAK_cluster_3388,PAK,25.047045760021906,67.48213518519762,0,24399.32498612127
PAK_cluster_3423,PAK,24.740314744172075,67.51176279862118,0,41697.35270866929
PAK_cluster_2077,PAK,34.070138066901634,71.97622225795124,0,120908.76320404033
PAK_cluster_3344,PAK,24.737721129093405,67.51493268262837,0,42124.88678175718
PAK_cluster_3430,PAK,24.73694247352319,67.51018677300404,0,41878.746249700154
PAK_cluster_4345,PAK,24.73479704443688,67.51383039274836,0,42298.9010336778
PAK_cluster_4991,PAK,32.526440723528246,74.35356193058351,0,120890.47504143324
PAK_cluster_4987,PAK,32.53492581942862,74.36269121269535,0,122160.96723048111
PAK_cluster_7402,PAK,31.52897104234018,74.46636455942338,0,32493.717059592247
CHN_cluster_154,CHN,29.566459663793527,94.4649599893838,0,9043.295475982764
CHN_cluster_172,CHN,29.63133081592011,94.37452345735824,0,2228.41066689692
CHN_cluster_174,CHN,29.308112558899943,94.334907843209,0,35225.66396487506
CHN_cluster_244,CHN,28.46188750379011,91.39868906200424,0,197341.02245179063
CHN_cluster_52,CHN,29.567280201698946,94.46728073483196,0,9141.934502218226
CHN_cluster_68,CHN,29.57431675505538,94.4559669910109,0,7810.596778425964
CHN_cluster_39,CHN,29.57543364839344,94.45900939277055,0,7939.091874870736
CHN_cluster_311,CHN,21.447770784978346,101.55179420654812,0,47842.61148900728
CHN_cluster_390,CHN,23.966079683632703,97.80590287076556,0,206406.7618819105
CHN_cluster_75,CHN,29.569419048815966,94.46144909868832,0,8570.466061344385
CHN_cluster_410,CHN,23.963569823335447,97.80694048639585,0,206346.34772061312
CHN_cluster_372,CHN,23.73336481812891,98.83303854340453,0,291502.8331002742
CHN_cluster_411,CHN,23.996207052371787,97.83708534254146,0,210879.93212844085
CHN_cluster_613,CHN,23.234927364047376,99.49451686435611,0,286831.2989235516
CHN_cluster_841,CHN,22.35518433130045,106.8721752478178,0,324396.13188272144
CHN_cluster_842,CHN,22.32804701191528,106.86634692166126,0,322754.1418679508
CHN_cluster_628,CHN,21.865976494827088,100.92637437708576,0,80338.7712481349
CHN_cluster_847,CHN,22.329540868277363,106.861476736835,0,322344.97493959917
CHN_cluster_849,CHN,22.33047412647517,106.86860517173425,0,323067.13836729166
CHN_cluster_425,CHN,24.31033826906789,97.92683748005038,0,238669.4463706698
CHN_cluster_850,CHN,21.96781833069312,106.69498076490764,0,293674.7239052863
CHN_cluster_932,CHN,22.49939168656428,106.87266875697912,0,330592.0899461995
CHN_cluster_877,CHN,21.98200664963089,106.70216687138736,0,294796.4587722258
CHN_cluster_884,CHN,22.00480835666027,106.6902362292842,0,294278.9372977084
ITA_cluster_1038,ITA,45.25512153459864,10.945577716390131,1,4870.54117784483
ITA_cluster_1039,ITA,45.38777841412508,11.166894484736083,1,2658.3043649764295
ITA_cluster_1013,ITA,45.41623636391247,11.849111969157455,0,10494.491156606882
ITA_cluster_1012,ITA,45.429141675193534,11.856613625343808,0,10093.502720072764
ITA_cluster_1043,ITA,45.23302332299471,11.061664756267842,1,2549.422202359857
ITA_cluster_1041,ITA,45.545542445183976,11.03063550172078,1,12453.774215302146
ITA_cluster_1056,ITA,45.23901000146573,11.05609946005295,1,1766.5891167776415
ITA_cluster_1062,ITA,45.37133036717627,11.093336086007367,0,2988.877585564991
ITA_cluster_1118,ITA,45.39387337585974,11.004528977810477,1,7568.547851834761
ITA_cluster_1122,ITA,45.204126120079735,11.060722982581838,1,5366.664631331166
ITA_cluster_1078,ITA,45.28102722521503,11.024295532238792,1,2922.3773071250635
ITA_cluster_1158,ITA,45.37907111183123,10.99780201319799,0,6336.565699408877
CHN_cluster_862,CHN,22.00116658519366,106.70469823280165,0,295607.5937746197
ITA_cluster_1273,ITA,45.42074493977388,11.01278063373076,0,8750.055858282138
ITA_cluster_1276,ITA,45.22888247184824,11.075553331169726,1,3652.2218463226423
ITA_cluster_1352,ITA,45.26453012313081,10.983982687752857,3,2538.451890502468
ITA_cluster_1341,ITA,45.26596946982679,11.150626165689609,1,8235.944244223196
ITA_cluster_1400,ITA,45.33225813257326,11.164676133094618,1,7634.023570030088
ITA_cluster_1393,ITA,45.521660571177975,11.049977830977785,1,10166.912339783512
ITA_cluster_1397,ITA,45.35608596809059,11.072740204626935,1,3761.4364290296166
ITA_cluster_1401,ITA,45.39844184421626,11.03783494905194,1,6241.079040990412
ITA_cluster_1495,ITA,45.44433206459605,10.905606554633664,0,2087.4234592894622
ITA_cluster_1512,ITA,45.37709257094742,10.588993936253836,1,10791.60575396546
ITA_cluster_1533,ITA,45.49508505703768,10.8820431318697,1,4391.713550769444
ITA_cluster_1541,ITA,45.50360242034345,10.812561322078384,1,9107.035014585577
ITA_cluster_1555,ITA,45.33575627878647,10.76297655023964,2,3019.56042160908
ITA_cluster_1559,ITA,45.57631615314118,11.01388478595528,1,14900.804456835851
ITA_cluster_1547,ITA,45.39850926532961,10.839682023847589,1,3638.812393016567
ITA_cluster_1545,ITA,45.33709316934334,10.760069577784863,1,3265.288876218685
ITA_cluster_1578,ITA,45.26261045093044,10.89613799160704,1,7688.606910191786
ITA_cluster_1579,ITA,45.43840026870228,10.70822315446894,0,13197.252109093659
ITA_cluster_1589,ITA,45.413230787159065,10.741960717172644,1,10426.375851231467
ITA_cluster_1587,ITA,45.63031353055612,10.498406982914494,0,23552.17806966243
ITA_cluster_1701,ITA,45.47590583304906,10.4648569602221,1,6237.614236670103
ITA_cluster_1662,ITA,45.44588429795628,10.766069473755747,0,9001.988337689168
ITA_cluster_1704,ITA,45.58657308433848,10.761729039317196,1,18183.75519513348
ITA_cluster_174,ITA,39.45806639222073,8.961122056085697,0,286469.00368263415
ITA_cluster_1726,ITA,45.59155130937174,10.487006657014566,1,19174.447163390443
ITA_cluster_1751,ITA,45.51034208576667,10.453548972994296,1,10105.5051085237
ITA_cluster_1576,ITA,45.44716235440696,10.732547944523713,1,11544.756051124183
ITA_cluster_1567,ITA,45.28374192173855,10.570955501910005,1,16857.758349945
ITA_cluster_179,ITA,39.41525426567601,8.971515388336895,0,281653.1259003994
ITA_cluster_1408,ITA,45.34440115817809,11.0262199517152,1,1897.87623719026
ITA_cluster_1771,ITA,45.531104341333226,10.528537362449148,0,13333.472808969871
ITA_cluster_180,ITA,39.47081394641554,8.877100365897036,0,289973.7079462909
ITA_cluster_181,ITA,39.41125708486958,8.975026518614913,0,281140.5412900689
ITA_cluster_1869,ITA,45.382077926612254,10.66865771047982,1,11805.863864998077
ITA_cluster_1793,ITA,45.385848307137096,10.946391227189984,0,6709.986243443577
ITA_cluster_189,ITA,39.28491583329122,8.900837113480025,0,269722.0331752745
ITA_cluster_1822,ITA,45.299739875092655,10.8528138952624,2,5667.463537014986
ITA_cluster_183,ITA,39.413969896508526,8.967415632785393,0,281618.3593891707
ITA_cluster_1949,ITA,45.47566436884252,10.758477299448945,1,11031.595864422789
ITA_cluster_1952,ITA,45.32978482392467,10.720554638427105,2,5223.626470480726
ITA_cluster_211,ITA,39.47801819054692,8.845888892337436,0,291573.83272584976
ITA_cluster_1992,ITA,45.30745259786303,10.765849828627076,1,1419.726877007122
ITA_cluster_1915,ITA,45.53620925828296,10.478225974393563,1,12984.767810242014
ITA_cluster_210,ITA,39.481073752082445,8.839447508649188,0,292071.7327576307
ITA_cluster_216,ITA,39.63129936657128,8.74036126654872,0,310625.54117565975
ITA_cluster_2133,ITA,45.0746078055009,11.045884758286832,2,14404.582871555374
ITA_cluster_2385,ITA,44.92622690235213,11.07735496740256,1,1937.3151231473464
ITA_cluster_2173,ITA,44.71951144205998,10.868634535366756,1,13134.675277462793
ITA_cluster_2020,ITA,45.38502386186479,10.952205639902283,1,7139.538106792057
ITA_cluster_2391,ITA,44.53480473516107,10.932172892396204,2,8873.860059896566
ITA_cluster_2246,ITA,45.04163908202565,11.020923881990374,2,10472.9093768275
ITA_cluster_254,ITA,39.41421714112597,8.973013769663746,0,281505.56077653496
ITA_cluster_262,ITA,39.54006770717277,8.645305757824577,0,303919.38977000257
ITA_cluster_2483,ITA,44.76715653136758,10.705873149434932,2,21575.363959939554
ITA_cluster_2851,ITA,43.72458309269144,10.420210031533594,0,49405.43761974702
ITA_cluster_2881,ITA,46.30365088528601,10.80851080167497,0,93774.07838511604
ITA_cluster_2852,ITA,43.82542477062491,10.503306002979915,0,59576.30653297378
ITA_cluster_2731,ITA,45.25302332867094,10.597563175298898,1,15910.27445073173
ITA_cluster_2949,ITA,45.47473155267877,8.179433076806813,2,19388.873403241534
ITA_cluster_293,ITA,44.35050541372263,11.98874525114173,1,2083.939279650056
ITA_cluster_295,ITA,44.343955683238526,11.715008992975614,0,3989.8569018295943
ITA_cluster_2460,ITA,44.798903841934525,10.540773136631003,1,32621.65172024377
ITA_cluster_2979,ITA,45.40316333730599,8.103381411272865,0,9554.803420932069
ITA_cluster_3,ITA,43.144994196150506,11.987184301030918,2,31913.50500655834
ITA_cluster_300,ITA,44.38981893572253,11.748722222118191,1,3344.7219555273023
ITA_cluster_3076,ITA,45.72825005949236,8.44248911841831,0,13732.984544875613
ITA_cluster_3085,ITA,45.39113276084443,8.42617774040634,1,22372.47123048514
ITA_cluster_3090,ITA,45.42627769294794,7.994559519871819,0,12025.301076064394
ITA_cluster_203,ITA,39.35214164853344,8.860237821789584,0,277927.86948946514
ITA_cluster_3139,ITA,45.5027643549932,8.589051920616635,1,13924.606514970143
ITA_cluster_3125,ITA,45.50801481434448,8.594614364541416,1,13529.216435729206
ITA_cluster_3181,ITA,45.30981409752886,8.429210389331763,0,14670.395774734718
ITA_cluster_3007,ITA,45.40601860115189,8.648308478754464,2,25617.130204042485
ITA_cluster_3563,ITA,45.113512567327845,8.016789920953778,1,22174.60838947431
ITA_cluster_3524,ITA,45.15373537407751,8.780410234188711,2,37116.2030263438
ITA_cluster_3685,ITA,45.23612282875908,8.016717070443152,0,10299.244197990383
ITA_cluster_3699,ITA,45.1014863065682,8.376284253109793,0,12685.118043816148
ITA_cluster_341,ITA,45.10574667602514,11.716446437401355,1,41522.138356152944
ITA_cluster_3996,ITA,45.20913450926162,7.636569945630629,0,10329.592747482806
ITA_cluster_3818,ITA,45.13392545316012,8.437591970636696,0,12675.817855041865
ITA_cluster_3903,ITA,45.25757674261332,8.411781486813029,0,9614.938607825727
ITA_cluster_386,ITA,44.41574864248512,11.738913163531976,0,4999.256466966056
ITA_cluster_4029,ITA,45.216668918468,7.752296684224337,1,6360.666277393289
ITA_cluster_4010,ITA,45.24605072630273,7.893244178248712,1,12740.049881731873
ITA_cluster_4073,ITA,45.011226951153496,7.584582264997053,0,8427.028385604794
ITA_cluster_4067,ITA,45.015306105266646,7.5806868332252515,0,8885.079060520851
ITA_cluster_4047,ITA,45.20947395432452,7.520343352313081,1,18060.907227756277
ITA_cluster_4137,ITA,45.33042961514403,7.831645010689315,1,9934.95997248141
ITA_cluster_4055,ITA,45.24647945204276,7.902436050025543,1,13430.615430957974
ITA_cluster_4271,ITA,45.27685393890457,7.919379651777493,2,11617.32752245729
ITA_cluster_4266,ITA,45.2167005010034,7.751045317109959,1,6336.950626546011
ITA_cluster_4524,ITA,45.28020540325906,9.535835842583095,0,74241.15345353447
ITA_cluster_4620,ITA,45.64414499258045,8.851721000431878,0,14622.248094557188
ITA_cluster_4611,ITA,45.64584913679409,8.857488212659854,0,15067.539428075019
ITA_cluster_4671,ITA,45.300578741237885,9.254798531822576,0,60064.57674590496
ITA_cluster_4539,ITA,45.16129305630056,9.974263244882929,1,47951.27501781744
ITA_cluster_4733,ITA,45.31414286865792,8.966446536436441,0,43892.6190204152
ITA_cluster_4831,ITA,45.46469729821082,9.338697867290334,0,56329.114654959965
ITA_cluster_4853,ITA,45.50402592373033,9.365966853724682,0,56925.06275828829
ITA_cluster_4132,ITA,44.95994633593552,7.607071328556651,0,3262.1014781320873
ITA_cluster_4984,ITA,45.18611794413798,9.101218032909513,2,61578.333255499245
ITA_cluster_5085,ITA,44.38674469708679,7.565836884683557,0,40368.089557314124
ITA_cluster_4405,ITA,45.38429429472293,7.65734182859639,0,13748.240233541215
ITA_cluster_510,ITA,44.56572414810361,11.36068978029026,0,33448.97510901936
ITA_cluster_5155,ITA,44.902006260747015,7.642140755654647,2,5880.1403531354035
ITA_cluster_5169,ITA,44.87431266447343,7.721711559131626,0,12052.40791730765
ITA_cluster_5396,ITA,44.613400333927615,8.951228831548983,0,82920.03650480902
ITA_cluster_5217,ITA,44.88051310102723,7.460594359586451,0,8607.807780679432
ITA_cluster_511,ITA,44.54810516913312,11.36156072070624,0,33892.07945711113
ITA_cluster_5431,ITA,44.908031804156536,8.746129654841745,1,47532.64138592183
ITA_cluster_533,ITA,44.65165915364073,11.371593426089566,0,34106.172688131635
ITA_cluster_5651,ITA,44.92192275125252,8.527952390524527,0,35864.283069045996
ITA_cluster_5554,ITA,44.9309778967432,8.628895289149298,0,39423.846621364886
ITA_cluster_5466,ITA,44.93808051999202,8.871189449201239,0,53037.625217623674
ITA_cluster_5301,ITA,44.93628229713717,7.533794585098827,0,3975.2259363279272
ITA_cluster_571,ITA,43.34778313616137,11.328833321503822,0,63067.174559660154
ITA_cluster_498,ITA,45.17564575944765,11.597167811203864,1,35681.33598987557
ITA_cluster_576,ITA,43.34413269562188,11.324286008223176,0,62663.368091864366
ITA_cluster_637,ITA,43.34892828712467,11.32591706778131,0,62844.81891539512
ITA_cluster_696,ITA,43.49097514662664,10.97667961902875,1,40818.05036867299
ITA_cluster_610,ITA,43.81093094466842,11.252759745061129,0,61269.06558896349
ITA_cluster_716,ITA,44.2099062830103,11.95760068682922,1,7274.006230937956
ITA_cluster_70,ITA,43.31435496484012,11.865050978450512,2,51799.22230648007
ITA_cluster_708,ITA,44.1584852592539,11.985454296552817,1,2690.6734998631036
ITA_cluster_718,ITA,44.20500102872937,11.93177212488842,1,8468.787559305747
ITA_cluster_770,ITA,44.20680020904108,11.932742268372936,1,8522.100946123624
ITA_cluster_746,ITA,43.921891201352985,11.960833748511302,1,10377.503832940587
ITA_cluster_545,ITA,44.70515024615537,11.400331006085462,0,37321.259531654105
ITA_cluster_941,ITA,45.71996876248398,11.726495646503986,0,26901.904806977185
ITA_cluster_835,ITA,44.16280416961593,11.998918255697342,1,1602.7785877218698
ITA_cluster_779,ITA,43.89605787121909,11.182074349967362,0,63908.87013663649
ITA_cluster_989,ITA,45.65958447367679,11.808978223414153,0,20686.933735112478
ITA_cluster_10033,ITA,40.46928471851058,15.02878694230341,0,9011.685229734656
ITA_cluster_10052,ITA,40.43718328792187,14.99548147552707,0,13276.79411328716
ITA_cluster_10047,ITA,40.43871398590379,14.996347998405616,0,13091.535174499995
ITA_cluster_10286,ITA,44.385503103441216,12.225071485235416,0,4612.493234851019
ITA_cluster_10300,ITA,44.57239805118777,12.25154801419269,2,11219.370583776961
ITA_cluster_10315,ITA,44.84450451412528,12.45887286124692,0,24084.43967214227
ITA_cluster_10017,ITA,40.78382886934977,14.554694678854732,0,44548.36574125922
ITA_cluster_10360,ITA,44.843131242066754,12.093328552751824,1,21773.747352704893
ITA_cluster_10365,ITA,44.46808430995959,12.05177609363596,2,12069.485723977983
ITA_cluster_10362,ITA,45.00891283519238,12.161027077140206,1,7137.360618350729
ITA_cluster_10371,ITA,44.4771853283663,12.097103417357488,1,10190.541351452737
ITA_cluster_10459,ITA,44.11102084270372,12.019015386064291,1,5477.916532299206
ITA_cluster_10479,ITA,44.10548752482827,12.065266840887276,1,1737.602339106383
ITA_cluster_10467,ITA,44.16008886343964,12.06078650044052,1,3342.786952706682
ITA_cluster_10486,ITA,43.92908617977341,12.039446292979202,1,5020.581368537
ITA_cluster_10351,ITA,44.74607201634091,12.13142193764145,1,15375.06057673124
ITA_cluster_10480,ITA,43.79729836753396,12.026061024425587,1,19176.352347213695
ITA_cluster_10514,ITA,43.717815752040366,12.180362471584685,1,28853.8688824114
ITA_cluster_10543,ITA,43.955941102576304,12.729602223286175,0,27814.983297566065
ITA_cluster_10476,ITA,43.87723272848426,12.031024399697497,1,10496.981946409194
ITA_cluster_10556,ITA,44.15996113393438,12.090557758019765,2,3483.3931961051044
ITA_cluster_10549,ITA,44.133058727322194,12.084363950770843,1,3483.679934948471
ITA_cluster_10563,ITA,44.07812042397677,12.10217422591636,1,2915.1989062178664
ITA_cluster_10575,ITA,44.14575986513461,12.179924221610614,1,2652.340111205126
ITA_cluster_10577,ITA,44.085141744893626,12.380367622467183,1,5922.575143303428
ITA_cluster_10592,ITA,44.14587055786755,12.376036198812264,1,3274.3810028242256
ITA_cluster_10580,ITA,44.128399006057066,12.455945103133947,1,2436.5222835411028
ITA_cluster_10591,ITA,44.16356132680856,12.11241956408146,1,3469.084556625547
ITA_cluster_10593,ITA,44.16827612473256,12.145197031350031,1,2657.5688479857786
ITA_cluster_10602,ITA,44.29327535173447,12.256739337844412,2,3333.021781747919
ITA_cluster_10584,ITA,44.12621821905416,12.291454167088336,0,2900.391656268935
ITA_cluster_10607,ITA,44.22257211672101,12.17045774663998,1,2799.4172299902416
ITA_cluster_10618,ITA,44.02588587295714,12.167520634072783,1,2414.0732056478487
ITA_cluster_10665,ITA,44.07142102964231,12.195656057730472,1,3935.1236529373855
ITA_cluster_10731,ITA,44.05455686650626,12.310164346104546,1,3061.6452416992765
ITA_cluster_10726,ITA,44.13482967892028,12.082654857389738,1,3688.945581408153
ITA_cluster_10771,ITA,44.063679511626894,12.415013536910283,1,5617.491952351979
ITA_cluster_10698,ITA,44.2121079394674,12.261756134645188,1,7067.210431328939
ITA_cluster_10778,ITA,44.09464422672464,12.41781889397736,1,3035.2103308273768
ITA_cluster_10816,ITA,43.958733926959866,12.683077982376338,0,24739.72624474281
ITA_cluster_10844,ITA,44.02284892682346,12.345728730746176,1,1870.1155843718145
ITA_cluster_10750,ITA,44.09765651073904,12.120482631074609,1,2759.5129934614956
ITA_cluster_10919,ITA,43.88358896376423,12.864352114378931,0,41276.04807468173
ITA_cluster_11008,ITA,46.10089390800386,12.654759864690712,1,19893.769618153347
ITA_cluster_10755,ITA,44.06884863758017,12.37337908722922,1,4107.225430353592
ITA_cluster_10839,ITA,44.02251352630787,12.357949995418274,1,2267.185209079268
ITA_cluster_11161,ITA,45.88041473299695,13.333266758956444,1,66869.05209105223
ITA_cluster_11135,ITA,45.903140407035615,13.313483975275776,0,67046.09049035521
ITA_cluster_11093,ITA,45.99712990561938,12.70171776678948,0,19091.75457656548
ITA_cluster_11163,ITA,45.880526937385255,13.33476347536371,1,66764.58899858048
ITA_cluster_11033,ITA,45.9509317315876,12.322788829423004,1,11008.843763896548
ITA_cluster_11303,ITA,39.307353977132905,16.20541572293982,0,169349.62599866604
ITA_cluster_11350,ITA,39.320764571196186,16.25768276213612,0,170772.38149693116
ITA_cluster_11205,ITA,45.45358925040087,12.084442844615582,0,26381.838355776876
ITA_cluster_11548,ITA,36.80162382248064,14.48920463415907,0,4423.716021322443
ITA_cluster_11551,ITA,36.79730794201192,14.514575540612729,0,4986.977063616639
ITA_cluster_11474,ITA,38.51510742832662,16.320171518783,0,233573.87340090825
ITA_cluster_11549,ITA,36.72547383215935,14.726991895269483,0,1778.205238715219
ITA_cluster_11558,ITA,36.79356010795696,14.506539337709668,0,5258.737432457147
ITA_cluster_11515,ITA,38.87612144235494,16.234895935596498,0,211595.2777663275
ITA_cluster_11563,ITA,36.796122250591374,14.5452561518407,0,5981.467474530398
ITA_cluster_11561,ITA,36.79240917391167,14.501466559746676,0,5352.9331915972825
ITA_cluster_11567,ITA,36.79770471107663,14.490311013699978,0,4832.881581490188
ITA_cluster_11569,ITA,36.82013304353927,14.52438639845603,0,2813.0606129546545
ITA_cluster_11565,ITA,36.74707266931506,14.944655487934616,0,4077.3046132463633
ITA_cluster_11575,ITA,36.80880448679212,14.481938479037597,0,3861.954551468018
ITA_cluster_11573,ITA,36.796957921715226,14.58647240711171,0,7108.68606578468
ITA_cluster_11581,ITA,36.80143137714434,14.481220094317308,0,4644.99975826233
ITA_cluster_11588,ITA,36.797687104473,14.520727782616,0,5121.123078545395
ITA_cluster_11589,ITA,36.78543992223093,14.614623833806196,0,4336.811459017525
ITA_cluster_11591,ITA,36.78592584836481,14.58439996058865,0,6652.217981448094
ITA_cluster_11592,ITA,36.796994980328485,14.50439716735476,0,4859.205391817403
ITA_cluster_11594,ITA,36.79184950037973,14.547556456577892,0,6498.351718892329
ITA_cluster_11599,ITA,36.80483927768828,14.519451351377384,0,4343.624400250356
ITA_cluster_11593,ITA,36.79183732861455,14.536593817104924,0,6139.135426319408
ITA_cluster_11607,ITA,36.80666958375416,14.507743274614535,0,3833.729687455929
ITA_cluster_11610,ITA,36.80186831676866,14.665756644610184,0,4079.029652149468
ITA_cluster_11611,ITA,36.795398827226514,14.498504654220852,0,5018.892711900899
ITA_cluster_11612,ITA,36.81796111534814,14.524999359648332,0,3060.3579618556455
ITA_cluster_11615,ITA,36.80546189208202,14.52606193953094,0,4434.072707947158
ITA_cluster_11617,ITA,36.79733691202727,14.51279077969919,0,4943.7664123285385
ITA_cluster_11578,ITA,36.799178658103976,14.588554313429366,0,7104.52188572643
ITA_cluster_11636,ITA,36.80232428249932,14.485476476282846,0,4430.133378842092
ITA_cluster_11622,ITA,36.79391587645462,14.533763395878305,0,5845.431943267529
ITA_cluster_11645,ITA,36.80964120194125,14.484912928973475,0,3674.834637253752
ITA_cluster_11643,ITA,36.70580575192784,14.972017133809452,0,7568.382282200609
ITA_cluster_11597,ITA,36.79519425780457,14.504735799914174,0,5061.325398347334
ITA_cluster_11656,ITA,36.78678145459443,14.585630588831272,0,6595.028717181438
ITA_cluster_11657,ITA,36.782191910517824,14.645309844498746,0,2495.8057446435346
ITA_cluster_11704,ITA,36.80556302183999,14.527597135709131,0,4453.144226106324
ITA_cluster_11677,ITA,36.78921782990716,14.569407554296934,0,7778.332230516287
ITA_cluster_11670,ITA,36.79004073018142,14.531337745132117,0,6209.639901181915
ITA_cluster_11714,ITA,36.79033105070837,14.589392791047167,0,6490.008898712044
ITA_cluster_11730,ITA,36.81827837075544,14.514740651788818,0,2816.81684097916
ITA_cluster_11671,ITA,36.78902055543261,14.584635259853682,0,6787.6341530805785
ITA_cluster_11732,ITA,36.782361144215095,14.646769314248193,0,2486.784193626388
ITA_cluster_11762,ITA,36.79874024170083,14.510832266486874,0,4752.6361837876575
ITA_cluster_11772,ITA,36.79591608795209,14.50141123196986,0,4963.021501225189
ITA_cluster_11784,ITA,36.78876388407651,14.582810218885394,0,6918.550630551715
ITA_cluster_11744,ITA,36.78791013851294,14.580498848800064,0,7060.737828662422
ITA_cluster_11794,ITA,36.81608036460537,14.52783083694568,0,3334.2480068429936
ITA_cluster_11828,ITA,36.7871675365855,14.588204084042388,0,6410.402145405881
ITA_cluster_11821,ITA,36.79683906156912,14.536506365058534,0,5608.628639320796
ITA_cluster_11803,ITA,36.75714356587652,14.792959998589932,1,1872.885765435779
ITA_cluster_11832,ITA,36.76965874416448,14.829253084007709,1,5320.673932098
ITA_cluster_11919,ITA,37.74846563689052,13.82735285403601,0,35099.71587777633
ITA_cluster_11923,ITA,37.17017041102362,13.797746987880595,0,36027.065543429075
ITA_cluster_12042,ITA,36.85593758498656,14.470091861029662,0,1776.2928529596375
ITA_cluster_11801,ITA,36.78542664838509,14.621452511492238,0,3889.327581752595
ITA_cluster_12048,ITA,37.01467576226142,14.345406187391214,0,9557.669240940784
ITA_cluster_12076,ITA,36.88332771296533,14.515458280215473,0,4318.439241497112
ITA_cluster_12060,ITA,36.85129361590238,14.455447511691627,0,2301.150418531004
ITA_cluster_12079,ITA,36.929299814407166,14.491814946528542,0,2371.878125349606
ITA_cluster_12087,ITA,36.980677404869546,14.410517760679818,0,2811.261557188885
ITA_cluster_12081,ITA,36.97117513581908,14.386159366161262,0,4958.709980528618
ITA_cluster_12096,ITA,36.91524303542565,14.447761616611164,0,2725.2747469620126
ITA_cluster_12093,ITA,36.85746080681458,14.458557431086296,0,1564.4280801146833
ITA_cluster_12121,ITA,36.97406161925357,14.41535582754886,0,2351.051898638268
ITA_cluster_12082,ITA,36.94197407585157,14.452304343178394,0,2901.3834891675656
ITA_cluster_12127,ITA,36.83017488166588,14.48589965128377,0,1677.1198736944032
ITA_cluster_12143,ITA,36.85363377892749,14.477403224099834,0,2297.0156707141355
ITA_cluster_12158,ITA,36.84407260802678,14.470792431876822,0,2594.1920539496173
ITA_cluster_12160,ITA,36.8515758609366,14.463550419714371,0,2158.4695452692495
ITA_cluster_12152,ITA,36.950553906312,14.447565430437267,0,1872.0047895595244
ITA_cluster_12155,ITA,36.979720621688905,14.416587601486734,0,2261.8242723046633
ITA_cluster_12179,ITA,36.85633840185305,14.462989948170954,0,1629.2553449735658
ITA_cluster_12145,ITA,36.94411234854869,14.43813440041863,0,2582.627874460386
ITA_cluster_12169,ITA,37.0252442418336,14.467547564246903,0,3888.4289590096137
ITA_cluster_12180,ITA,36.92760702506312,14.510090826880605,0,1598.0733923178107
ITA_cluster_12183,ITA,36.92773061843117,14.514342389005735,0,1508.9875308268704
ITA_cluster_12188,ITA,36.93007525694795,14.508416690437665,0,1402.5143493452188
ITA_cluster_12186,ITA,36.95245204621458,14.442339843015295,0,1619.1027251934227
ITA_cluster_12182,ITA,36.92994307128675,14.488962426610064,0,2317.7503913827754
ITA_cluster_12192,ITA,36.849021640288285,14.46137498617972,0,2449.0498678794647
ITA_cluster_12194,ITA,36.84342532368215,14.47496621204338,0,2216.2086015229133
ITA_cluster_12195,ITA,36.84664679656378,14.464586558085978,0,2708.585381797325
ITA_cluster_12203,ITA,36.94437155304799,14.463459633461172,0,2644.6277554801813
ITA_cluster_12205,ITA,36.82824517986391,14.48873675264936,0,1673.4776406663862
ITA_cluster_12211,ITA,36.84314974341787,14.465332145505212,0,3063.883442850953
ITA_cluster_12220,ITA,36.83821083074532,14.47471625641009,0,2229.869079510826
ITA_cluster_12228,ITA,36.98245875334192,14.407255942082902,0,3134.4595693853594
ITA_cluster_12215,ITA,36.97880934883849,14.413234200051212,0,2542.589731509264
ITA_cluster_12239,ITA,36.85804066382349,14.454763150061682,0,1631.6114999297295
ITA_cluster_12246,ITA,36.84485823990413,14.480104535899626,0,1800.984194721304
ITA_cluster_12252,ITA,36.85506815301597,14.466471528453058,0,1791.1255005030591
ITA_cluster_12285,ITA,36.84143015753035,14.470361761625544,0,2604.354886424592
ITA_cluster_12281,ITA,36.84862413754752,14.471946033085924,0,2600.3945021076556
ITA_cluster_12276,ITA,36.83192911498607,14.477380809460758,0,2196.8144323598367
ITA_cluster_12292,ITA,36.959665871771016,14.41533685675332,0,2595.39676622316
ITA_cluster_12297,ITA,36.876309428258445,14.447143025977756,0,1562.1522345924734
ITA_cluster_12303,ITA,36.94658995867736,14.440158658759236,0,2284.3230988224623
ITA_cluster_12299,ITA,36.970705415013285,14.396893046473211,0,4004.0751927567626
ITA_cluster_12304,ITA,36.90902389116317,14.44874368158771,0,2053.8773751380972
ITA_cluster_12308,ITA,36.83239965382699,14.512301484106365,0,1381.3166650651767
ITA_cluster_12325,ITA,36.97155937079145,14.413939879460187,0,2495.9506704699393
ITA_cluster_12342,ITA,36.83208908075443,14.486442662062242,0,1500.8186395712114
ITA_cluster_12305,ITA,36.97277071561008,14.40870237175086,0,2954.9598373133886
ITA_cluster_12357,ITA,36.8330655524536,14.484687530844951,0,1565.5187146683718
ITA_cluster_12383,ITA,36.82764281754106,14.484759471685283,0,1948.8582762682315
ITA_cluster_12125,ITA,36.82854661405394,14.473054135365247,0,2712.6139246141647
ITA_cluster_12360,ITA,36.97647173522336,14.399663581530122,0,3732.3357778253794
ITA_cluster_12405,ITA,36.94118335009285,14.47665526424655,0,1733.2996582449068
ITA_cluster_12408,ITA,36.82482069194439,14.484768736990056,0,2189.407535995503
ITA_cluster_12409,ITA,36.84366462329563,14.468201282910384,0,2816.3384787124455
ITA_cluster_12424,ITA,36.941858885245786,14.48011845726586,0,1448.5050558504888
ITA_cluster_12358,ITA,36.84942192995217,14.47044576673144,0,2478.604761289878
ITA_cluster_12401,ITA,36.99481979134669,14.603078130921832,0,9783.064448343484
ITA_cluster_12431,ITA,36.85508299620695,14.474378423309885,0,2020.4116790988685
ITA_cluster_12453,ITA,36.98814456896478,14.401287497698384,0,3823.430879338289
ITA_cluster_12444,ITA,36.94764493587816,14.43896731636968,0,2182.967103147706
ITA_cluster_12460,ITA,36.852528401448986,14.480270205168866,0,2177.4697573117533
ITA_cluster_12468,ITA,36.84543040458398,14.468144022823594,0,2852.3112031551923
ITA_cluster_12484,ITA,36.84367689386335,14.45936059179565,0,3057.8986678341603
ITA_cluster_12496,ITA,36.93821794698032,14.469391888751709,0,2450.005508186319
ITA_cluster_12490,ITA,36.98905687230072,14.4050031127964,0,3554.9512415463428
ITA_cluster_12508,ITA,36.87677905772539,14.449025861730613,0,1431.3069306622804
ITA_cluster_12517,ITA,36.830400256449245,14.478957438710252,0,2155.138944511746
ITA_cluster_12514,ITA,36.98515060225077,14.405438070886497,0,3367.5462402424796
ITA_cluster_12532,ITA,36.84095254508385,14.46476000944697,0,3101.284224009128
ITA_cluster_12539,ITA,36.93231678854666,14.490073941031476,0,2044.7072556709631
ITA_cluster_12563,ITA,36.98760899534747,14.40481880213506,0,3508.917386464879
ITA_cluster_12567,ITA,36.99368690922849,14.60106418304854,0,9564.479256833165
ITA_cluster_12581,ITA,36.96108361898943,14.40603535105316,0,3335.367047319806
ITA_cluster_12533,ITA,36.934491011126056,14.471303767190475,0,2580.5420068027556
ITA_cluster_12588,ITA,36.847645617345805,14.476747848375377,0,2182.6594573066004
ITA_cluster_12601,ITA,36.94864682175964,14.4512701423608,0,2167.1245723314205
ITA_cluster_12553,ITA,36.84908282118035,14.453849355069556,0,2579.4729409346546
ITA_cluster_12635,ITA,36.94212410861324,14.474317049498364,0,1847.0814875566257
ITA_cluster_12618,ITA,36.8488227228202,14.457953612177436,0,2511.6696790334095
ITA_cluster_12630,ITA,36.82350518306542,14.48127224337012,0,2498.9055089534518
ITA_cluster_12679,ITA,36.91449060961536,14.446663554551096,0,2684.1852509425953
ITA_cluster_12609,ITA,36.830257719509376,14.474255463517345,0,2528.5595408207387
ITA_cluster_12579,ITA,36.82909797868334,14.481674480504903,0,2039.9760737615293
ITA_cluster_12691,ITA,36.952930352303234,14.406785766640857,0,3583.4018457833618
ITA_cluster_12662,ITA,36.84906602350407,14.485186215247492,0,1596.2858640173301
ITA_cluster_12791,ITA,36.848744734347406,14.47527094567626,0,2350.380393974182
ITA_cluster_12690,ITA,36.81314505242241,14.478246398401652,0,3589.4433622928377
ITA_cluster_12872,ITA,37.57999410562985,14.902795156102094,0,75857.14887077932
ITA_cluster_12799,ITA,36.88208841819768,14.4433386896736,0,1289.723193433503
ITA_cluster_12906,ITA,36.97528227186124,15.2297290929873,0,39252.46476102585
ITA_cluster_5793,ITA,45.75513923770193,13.656144345370413,0,38823.29882199616
ITA_cluster_12905,ITA,37.0028657074696,15.211192162685654,0,40191.51632026335
ITA_cluster_5799,ITA,45.89747121131264,13.582482088520011,1,50142.11972934049
ITA_cluster_5834,ITA,41.54299237810416,12.886418138630924,0,10808.430652466372
ITA_cluster_5832,ITA,41.68465656824883,12.874440049953462,0,23842.740613761947
ITA_cluster_12880,ITA,37.58101888992126,14.909123963468616,0,76238.3663920497
ITA_cluster_5870,ITA,41.53872563460954,12.8855042204879,0,10365.203210080106
ITA_cluster_5900,ITA,41.53481824332965,12.849919664377106,0,8715.526080203132
ITA_cluster_5980,ITA,41.5631671043213,12.736734867722165,0,6951.979078620328
ITA_cluster_5957,ITA,41.66101986574971,12.561197970902825,0,12847.616898456828
ITA_cluster_5825,ITA,41.45084721993355,13.001450528847968,0,1608.5823960975347
ITA_cluster_6009,ITA,41.79657274534584,12.279033904842509,0,18913.45498388247
ITA_cluster_6043,ITA,41.81789726871738,12.520616941995536,0,5676.3711627176235
ITA_cluster_5956,ITA,41.545835878074136,12.792889756028757,0,7202.841932581852
ITA_cluster_6177,ITA,41.98034381791038,12.496262579007483,0,23578.212544391186
ITA_cluster_6064,ITA,41.76970937947898,12.475752710371385,0,2345.875267540337
ITA_cluster_6261,ITA,41.84849454602285,12.759539234151497,0,22978.277460746554
ITA_cluster_5948,ITA,41.7918266142068,12.545845680830269,0,4341.424429315277
ITA_cluster_6339,ITA,42.39970693672991,12.848325969980646,0,47291.6138408536
ITA_cluster_6343,ITA,42.37840795841181,13.332393961955113,0,57145.226909397556
ITA_cluster_6473,ITA,42.0392849567656,14.569973823297442,1,18173.137248525865
ITA_cluster_6372,ITA,42.35423148072609,13.390537174499748,0,53631.866988223264
ITA_cluster_6366,ITA,42.40997881342244,12.895989236820515,0,51010.94792293133
ITA_cluster_6418,ITA,41.83212352857698,14.263226184207962,0,37401.21708108579
ITA_cluster_6465,ITA,41.97170625564664,14.558849964646887,1,24552.065276519046
ITA_cluster_6483,ITA,41.816180791872696,15.01717731949985,0,55590.58366259146
ITA_cluster_6486,ITA,42.15654089826357,14.324998218631478,1,10952.17367557595
ITA_cluster_6659,ITA,42.44071768593569,14.057735737332392,1,12318.41920633351
ITA_cluster_6667,ITA,42.417067234799504,13.970579887198696,1,13883.66398475574
ITA_cluster_6664,ITA,42.38366304434216,13.971176411890472,1,17566.42220187387
ITA_cluster_6660,ITA,42.51809119268602,14.011248884205816,1,2921.5124447472767
ITA_cluster_6669,ITA,42.53310300460871,14.128736745972592,0,11129.07030333786
ITA_cluster_6674,ITA,42.37477654060854,13.950184437111254,1,18796.407908407913
ITA_cluster_6700,ITA,42.39716904169461,14.142256910711245,0,20107.657669452085
ITA_cluster_6786,ITA,41.393787318038186,12.930588315600811,0,7113.8414680430615
ITA_cluster_6790,ITA,41.40176956698304,12.923408086090598,0,6895.373576985395
ITA_cluster_6787,ITA,41.39188994325168,12.967690743410229,0,5754.809378907203
ITA_cluster_12698,ITA,36.876398268262975,14.445535687097417,0,1688.056329546071
ITA_cluster_6799,ITA,41.37081332665778,12.966250459366718,0,3880.503934884616
ITA_cluster_6800,ITA,41.406384662795645,12.933600326298954,0,5921.218717533674
ITA_cluster_6803,ITA,41.44364958493907,12.85125226877264,0,3242.706652411888
ITA_cluster_6827,ITA,41.36199138271123,12.995104715756158,0,1853.1555224979609
ITA_cluster_6549,ITA,42.14482252847797,14.463940836067142,1,3822.8844033157934
ITA_cluster_6807,ITA,41.39932702052749,12.9482687008993,0,5741.61325031749
ITA_cluster_6828,ITA,41.397272539912926,12.961436306902035,0,5443.710123162964
ITA_cluster_6832,ITA,41.43708114528008,12.815028455623146,0,2113.7444718122906
ITA_cluster_6841,ITA,41.37436733365149,12.967494777210602,0,4110.413496525069
ITA_cluster_6795,ITA,41.44234061456354,12.854914725637338,0,3577.554722052946
ITA_cluster_6856,ITA,41.41059758471758,13.003208773859924,0,3877.404293230344
ITA_cluster_6859,ITA,41.43894264205807,12.78046072603451,0,1375.92282257623
ITA_cluster_6829,ITA,41.43876201844043,12.812413754005048,0,1933.4182560368993
ITA_cluster_6864,ITA,41.524265822722185,12.61099840280392,0,4455.394387741544
ITA_cluster_6860,ITA,41.50597859754201,12.737301228952672,0,1911.3299597068742
ITA_cluster_6865,ITA,41.46531153619013,12.742718251284217,0,1901.6786039512212
ITA_cluster_6875,ITA,41.46786972858965,12.797102513328184,0,1948.861199043
ITA_cluster_6872,ITA,41.50099552977623,12.729166601524089,0,1921.9103284344244
ITA_cluster_6871,ITA,41.4897651942153,12.643898495039696,0,6237.298858800522
ITA_cluster_6876,ITA,41.48492113218052,12.724353338757242,0,1961.615449542201
ITA_cluster_6879,ITA,41.50312952046847,12.736873553635434,0,1653.7065443849528
ITA_cluster_6878,ITA,41.49457509403973,12.641141068212471,0,5758.703013600098
ITA_cluster_6881,ITA,41.46821740267148,12.775322714284028,0,1917.9669089167126
ITA_cluster_6884,ITA,41.4639186543605,12.75588476928898,0,2128.4576017576883
ITA_cluster_6883,ITA,41.53394635832114,12.65048484708872,0,1338.5593221467825
ITA_cluster_6887,ITA,41.48233632074948,12.718687531623456,0,2407.20061063253
ITA_cluster_6900,ITA,41.53497316218835,12.593967606797351,0,5346.184077287334
ITA_cluster_6897,ITA,41.493009485359806,12.784349942749422,0,3069.6777735148466
ITA_cluster_6916,ITA,41.446847229550045,12.801991242539197,0,1458.4235002706534
ITA_cluster_6925,ITA,41.39360876539867,13.028777388344649,0,5925.823734438756
ITA_cluster_6926,ITA,41.39297454879719,13.027584403663043,0,5819.66179132284
ITA_cluster_6895,ITA,41.46536105655628,12.788435961747831,0,1869.4602024683106
ITA_cluster_6932,ITA,41.39399458193249,13.039762650468234,0,6409.950582166597
ITA_cluster_6930,ITA,41.38908322073381,13.018355454770171,0,5129.243402724217
ITA_cluster_6929,ITA,41.39926405541276,13.032553237291614,0,6237.238147434874
ITA_cluster_7084,ITA,41.14698002758742,14.094329954929655,0,52898.52449327892
ITA_cluster_6942,ITA,41.50215976236527,14.468851562992937,1,3321.986368725926
ITA_cluster_7153,ITA,41.07550251644332,14.220037321278026,0,54775.31908027654
ITA_cluster_7138,ITA,41.16799081490964,14.08397533268863,0,51554.03220814744
ITA_cluster_6957,ITA,41.543565582824506,14.37443199803133,1,7772.2740324846
ITA_cluster_7155,ITA,41.08253697828339,14.22183200972459,0,53993.941627485896
ITA_cluster_7103,ITA,41.16497933968096,14.063131625340668,0,52907.76136173492
ITA_cluster_7378,ITA,42.421399140933815,12.040634309282044,0,20098.869159863094
ITA_cluster_7385,ITA,42.42278224824881,12.07218328737548,0,17552.366055166858
ITA_cluster_7192,ITA,41.12931467361859,14.041397394863996,0,57138.36672678219
ITA_cluster_7366,ITA,43.12699600424112,12.05157130909267,0,26536.943797510434
ITA_cluster_7399,ITA,43.46698393097218,12.25574603415443,0,53655.810248452195
ITA_cluster_7505,ITA,42.73643227745793,12.452997530639465,1,14837.196366690767
ITA_cluster_7522,ITA,42.50945896469024,12.326622144505674,0,6409.802686178922
ITA_cluster_7531,ITA,42.74023808153807,12.368295326852593,1,19443.200547390694
ITA_cluster_7560,ITA,42.57204364361598,12.588893041458238,0,28122.402619862944
ITA_cluster_7540,ITA,42.76442075531576,12.643468337829018,1,11241.17080711997
ITA_cluster_7605,ITA,42.59206611472884,12.115255906672587,1,19555.896109707875
ITA_cluster_7581,ITA,42.6492639252557,12.532686959784815,1,21828.151474619768
ITA_cluster_6868,ITA,41.49856067258497,12.647594715501816,0,5222.666988415843
ITA_cluster_7613,ITA,42.63321773781794,12.234120164871069,0,19176.33010317832
ITA_cluster_7693,ITA,42.75588348430722,12.376678980340616,2,17881.88299964189
ITA_cluster_7646,ITA,42.79362287373033,12.501518889702242,2,7380.52548944016
ITA_cluster_7755,ITA,43.10616827400633,12.356836477068772,0,12999.595327126184
ITA_cluster_7773,ITA,42.65114626460609,12.532290561164308,1,21623.21031287079
ITA_cluster_7778,ITA,42.89936741677658,12.685909494448644,1,11967.622473185733
ITA_cluster_7780,ITA,43.0445563957348,12.497878383040158,2,13493.4156159141
ITA_cluster_7788,ITA,42.36880782923178,12.126550496241276,0,15655.083654731623
ITA_cluster_7851,ITA,42.509018487458384,12.137495380818224,0,12618.141066965196
ITA_cluster_7799,ITA,42.50269820367867,12.205991017073456,0,7358.415219003381
ITA_cluster_7852,ITA,42.49635706805891,12.195321892900276,0,7730.818996898942
ITA_cluster_7841,ITA,42.46838322877981,12.394316890620136,0,9496.521516627434
ITA_cluster_7819,ITA,42.51458078107439,12.137515501237548,0,12874.529573054313
ITA_cluster_7944,ITA,42.79611203947044,13.667041498591226,1,38955.954490817145
ITA_cluster_7935,ITA,42.66178465682585,13.877663541973623,1,16449.43348438892
ITA_cluster_7981,ITA,42.85000468822208,13.629347934067468,0,45462.96032556931
ITA_cluster_7946,ITA,42.56270157739504,13.931935716810914,1,5586.194876949966
ITA_cluster_8008,ITA,42.60660715474032,13.976422032635682,1,7447.364161295431
ITA_cluster_7427,ITA,43.29559159771297,12.761771357740612,0,47699.25864183378
ITA_cluster_8054,ITA,42.21762571858651,12.09494881001285,0,2344.3017942471974
ITA_cluster_8081,ITA,40.907052229521874,16.09886481757322,0,65860.04288831513
ITA_cluster_8096,ITA,41.21699538554352,16.059964357216288,0,37028.85046544297
ITA_cluster_8263,ITA,41.1946946338685,16.616123492453056,0,79734.87849770981
ITA_cluster_8296,ITA,41.02019853634732,16.92749810971215,0,111144.63435132684
ITA_cluster_8413,ITA,40.65381924610252,15.767700710531246,0,61423.559814398235
ITA_cluster_8350,ITA,41.18625084553321,16.596970962335575,0,78532.90396241598
ITA_cluster_7936,ITA,42.80282798475628,13.722364219886586,1,36600.76362003835
ITA_cluster_8438,ITA,40.39898105640419,16.23084935504186,0,100949.63543461503
ITA_cluster_8503,ITA,40.6550568328996,15.56947262602367,2,45146.929891435844
ITA_cluster_8414,ITA,40.60724785693704,15.708230398399802,0,55676.48019989719
ITA_cluster_8699,ITA,40.49294339546911,17.279568440367843,0,167422.68801018782
ITA_cluster_7938,ITA,42.757390220467904,13.84550146909759,1,26947.685367070106
ITA_cluster_8702,ITA,40.50169321144875,17.278394220305415,0,166739.2413643198
ITA_cluster_8693,ITA,40.51557155656468,17.2695627120882,0,165197.4565877828
ITA_cluster_8817,ITA,40.93057135487714,15.985702466240868,0,59320.67798888927
ITA_cluster_8818,ITA,41.16404082366003,15.938736135552382,0,34455.5406771178
ITA_cluster_8820,ITA,41.73929938785354,15.064387767873653,1,54772.94422179085
ITA_cluster_8830,ITA,41.622540918538775,15.52093848709558,0,27307.65642100378
ITA_cluster_8834,ITA,41.6266505069149,15.520139295495913,0,27719.25073333531
ITA_cluster_8908,ITA,40.931019201203725,15.979565000662232,0,59077.320694749884
ITA_cluster_9053,ITA,41.25006169933122,15.33966055282184,0,36434.11401933807
ITA_cluster_9108,ITA,41.00357256407555,15.615527961119572,0,47240.639094277874
ITA_cluster_8708,ITA,40.69602987774947,17.628435090051482,0,179914.1129840189
ITA_cluster_9084,ITA,41.28604450650597,15.767123606455296,0,15863.65063188613
ITA_cluster_9144,ITA,41.28008627911439,15.266365598639071,0,40333.92078967245
ITA_cluster_8857,ITA,41.26255599785641,15.879628577816058,0,22672.775786721777
ITA_cluster_9445,ITA,40.97277412924841,14.84059612058729,0,43279.11192356183
ITA_cluster_9200,ITA,41.47003548684923,15.521799730049027,0,16628.652818626466
ITA_cluster_9329,ITA,41.38207737678843,15.46277668134517,1,21171.2659562102
ITA_cluster_9165,ITA,41.30495435413548,15.478643821405408,0,23365.306070024068
ITA_cluster_9310,ITA,41.08196601332737,15.603194731823104,0,38901.42321988847
ITA_cluster_9708,ITA,37.96685885295069,12.968043887427006,0,15892.551707495439
ITA_cluster_9419,ITA,40.97573789225528,14.841548861327173,0,43555.549479295536
ITA_cluster_9711,ITA,37.89879184327482,13.55668838361144,0,45749.92351897688
ITA_cluster_9724,ITA,37.91465066453989,13.76180299677274,0,54387.6733227592
ITA_cluster_9760,ITA,37.965460286445925,13.455880956322478,0,34692.11345460777
ITA_cluster_9773,ITA,37.86453919428635,13.783635403763387,0,48500.09140498029
ITA_cluster_9783,ITA,37.90362384305775,13.8138906737177,0,51737.587930707494
ITA_cluster_9758,ITA,37.96511481000872,13.457530437425644,0,34840.926489692756
ITA_cluster_8709,ITA,40.299761194135975,17.946578433402877,0,225664.98943772356
ITA_cluster_9746,ITA,37.86422984834921,13.779723960351031,0,48594.49803824894
ITA_cluster_12930,ITA,40.115211493073296,18.308448577451266,0,211145.77191577922
ITA_cluster_12976,ITA,40.33538528029887,18.228519442693432,0,223726.7395478134
ITA_cluster_12995,ITA,40.027276446902405,18.159722859214696,0,221984.3463551663
ITA_cluster_13024,ITA,40.24202312118635,18.13641201425092,0,228488.37661104588
ITA_cluster_12949,ITA,40.16357924879066,18.249128985493968,0,217182.80735645094
ITA_cluster_13017,ITA,39.9589739381319,18.205459905356715,0,217171.92421782052
AUS_cluster_110,Australia,-31.75516466809926,115.8551421749922,1,17755.56724257838
AUS_cluster_134,Australia,-32.00989101382262,115.98797271887244,1,18938.804340247163
AUS_cluster_120,Australia,-31.85369924811566,116.0204079921251,1,1636.1871844520654
AUS_cluster_124,Australia,-31.81133872240422,115.99638954144132,1,5043.367261460373
AUS_cluster_137,Australia,-32.02736370094192,116.00641846652876,1,20548.086365759573
AUS_cluster_140,Australia,-31.80256900179276,116.04158053736543,1,4670.560555659444
AUS_cluster_143,Australia,-31.6018638337364,115.74478316866232,1,3324.90816097062
AUS_cluster_145,Australia,-31.68359427626733,116.03044310201663,1,12438.742605062918
AUS_cluster_154,Australia,-31.67265884637425,115.80665765967956,1,8048.815927099686
AUS_cluster_157,Australia,-31.62289252613734,115.72016018185587,1,1840.8740538919863
AUS_cluster_156,Australia,-31.600351548394944,115.7446182538871,1,3485.9451898637826
AUS_cluster_158,Australia,-31.60054457392092,115.80979443938216,1,7674.483908990608
AUS_cluster_179,Australia,-31.46509569399836,115.88721143221632,1,1598.61972469139
AUS_cluster_159,Australia,-31.67080330079527,115.95086062051044,1,11840.450668892785
AUS_cluster_181,Australia,-31.451378400273576,115.90708538673093,1,1307.9480736782843
AUS_cluster_186,Australia,-31.38457583306663,115.90573728220552,1,7555.524195831906
AUS_cluster_193,Australia,-31.592617864228952,116.00140527531448,1,2062.5320213428386
AUS_cluster_195,Australia,-31.451462402207493,115.87647039101316,1,1596.8016036344413
AUS_cluster_189,Australia,-31.37831200004185,115.90421828312354,1,8224.811211800668
AUS_cluster_197,Australia,-31.58638470882505,115.99706888018407,1,1484.5208718898741
AUS_cluster_200,Australia,-31.46145233386031,115.90461644797244,1,1526.4566989990592
AUS_cluster_280,Australia,-32.19860705747626,116.0118557040172,1,11427.959475692893
AUS_cluster_263,Australia,-32.982227464733434,117.15793909517213,2,133099.71669733117
AUS_cluster_285,Australia,-31.843760931904743,116.21078496593846,1,16752.532036446923
AUS_cluster_300,Australia,-32.38896771380657,115.80102782801508,1,11354.396002867688
AUS_cluster_301,Australia,-32.22699507265884,115.90574866441176,1,2215.478837566651
AUS_cluster_304,Australia,-32.31973404983943,115.84810598106468,1,10451.204511022479
AUS_cluster_306,Australia,-32.23838946779954,115.8930467731876,1,3022.154430781267
AUS_cluster_180,Australia,-31.50983214098008,115.94385708655824,1,8048.623090252933
AUS_cluster_311,Australia,-32.40041979888343,115.92848807300184,1,1307.1984916139427
AUS_cluster_307,Australia,-32.37647762202716,115.92860624409975,1,1632.82631365042
AUS_cluster_310,Australia,-32.267334221335304,115.89984590303128,1,6287.658906180631
AUS_cluster_312,Australia,-32.33229633629843,115.81592312797063,0,11848.938941072933
AUS_cluster_314,Australia,-32.38307958045904,115.90576887173869,1,1704.9837642250131
AUS_cluster_317,Australia,-32.35900792045951,115.8896792700335,1,4592.4911088277795
AUS_cluster_327,Australia,-32.25725613377988,115.88805757497032,1,5124.826393659251
AUS_cluster_322,Australia,-32.25213418377222,115.91818934738802,1,5201.530705720297
AUS_cluster_316,Australia,-32.24076625097641,115.90934167607332,1,3694.1330563713077
AUS_cluster_62,Australia,-31.29597011294576,115.61553042797416,1,31547.368510422046
AUS_cluster_73,Australia,-32.1733847140444,115.9041391350802,1,4379.898082350122
AUS_cluster_71,Australia,-32.21015561604125,115.86888170908908,1,2114.2466300481874
AUS_cluster_74,Australia,-32.17220132965034,115.9043709452436,1,4512.430154930378
AUS_cluster_77,Australia,-32.11682329269628,115.94690585550744,1,11731.359846998734
AUS_cluster_60,Australia,-31.29630326356307,115.61756674918914,1,31365.487628632738
AUS_cluster_87,Australia,-32.147273548532944,115.9048823521538,1,7227.50935932623
AUS_cluster_93,Australia,-31.956263167982133,115.7964346428157,0,25619.892193738626
AUS_cluster_420,Australia,-12.441880713323126,130.98026032948763,0,736195.8220980206
AUS_cluster_407,Australia,-12.443961051012256,130.9707066845045,0,735467.8420399993
AUS_cluster_461,Australia,-23.800148781773203,133.73850189743706,0,1228956.3325143005
AUS_cluster_486,Australia,-32.539072326479186,137.78190675873452,0,183067.42300142575
AUS_cluster_75,Australia,-32.20903929212768,115.85794390605292,1,3149.4119120156765
AUS_cluster_537,Australia,-34.569648985887426,138.4879250781225,1,12807.742701173416
AUS_cluster_155,Australia,-31.59188137380108,115.9859889741682,1,2566.1778580866353
AUS_cluster_547,Australia,-34.53886760331788,138.50729256409036,1,10524.403592190749
AUS_cluster_556,Australia,-34.591242584068816,138.569041051637,1,7716.63572180643
AUS_cluster_533,Australia,-34.55972123265572,138.4506792506765,1,15901.986629055311
AUS_cluster_557,Australia,-34.536674696555814,138.5092698346684,1,10342.423298248976
AUS_cluster_544,Australia,-34.46966071506208,138.36223148160906,1,24981.941523824964
AUS_cluster_521,Australia,-33.17713527633555,138.11269790814362,1,108586.11212604035
AUS_cluster_588,Australia,-34.59049629889915,138.7029457345215,1,9464.823236406004
AUS_cluster_589,Australia,-34.35514030755747,138.63237402454695,1,20285.585336195705
AUS_cluster_592,Australia,-34.23131607923587,138.5342538625753,1,34145.48608333708
AUS_cluster_597,Australia,-34.56939658685242,139.12016069098783,1,45743.949591951154
AUS_cluster_594,Australia,-34.14376784734017,138.67129236289964,1,43999.25893167673
AUS_cluster_598,Australia,-34.56945655085252,138.7035610573611,1,8262.615121026518
AUS_cluster_603,Australia,-34.47698974915297,138.4492549552601,1,17209.191849437502
AUS_cluster_602,Australia,-34.47690485608451,138.44073578393602,1,17934.063327062053
AUS_cluster_604,Australia,-34.223772979249794,138.52938616972466,1,33505.59185909647
AUS_cluster_611,Australia,-34.45911418478494,138.41811100446063,1,20626.574902422566
AUS_cluster_610,Australia,-34.45231974420131,138.44367031453953,1,18896.553341181578
AUS_cluster_591,Australia,-34.14890496859004,139.07142758886937,1,59725.50133199645
AUS_cluster_615,Australia,-34.11574503229824,138.20365300310488,1,4816.860606855067
AUS_cluster_614,Australia,-34.10369329373637,138.19435174569304,1,5673.103970978533
AUS_cluster_612,Australia,-34.22851451934839,138.51875301584397,1,32688.20865241078
AUS_cluster_619,Australia,-34.104286644373545,138.16926307331576,1,5366.8234980736
AUS_cluster_616,Australia,-34.133623217378926,138.17331864995157,1,2083.6265505077677
AUS_cluster_618,Australia,-34.11580138129746,138.19053349646063,1,4284.402115154754
AUS_cluster_621,Australia,-34.13357372702373,138.14801823648747,1,3275.541727579649
AUS_cluster_620,Australia,-34.15816516209574,138.196442574147,1,2033.6334180572514
AUS_cluster_622,Australia,-34.113733715527154,138.14686707873594,1,5031.832808847701
AUS_cluster_623,Australia,-34.09020244722872,138.14819277392155,1,7346.0600260311685
AUS_cluster_672,Australia,-33.97365890383596,139.07646871629618,1,75315.04732385521
AUS_cluster_645,Australia,-34.53509001752657,138.77772173485644,1,14249.918900091187
AUS_cluster_675,Australia,-33.68042385007588,138.94010159271218,0,87922.23610071566
AUS_cluster_643,Australia,-34.14279429826828,139.06839500584576,1,60029.416414548985
AUS_cluster_686,Australia,-36.14108148906874,143.9797650522424,2,85804.56121603835
AUS_cluster_688,Australia,-36.34990777343825,143.9628469198365,2,66833.83271332979
AUS_cluster_696,Australia,-36.4170048659904,142.80295618247564,2,112816.40826506182
AUS_cluster_747,Australia,-37.10898813545303,143.9465791052954,1,15389.723615719995
AUS_cluster_690,Australia,-36.3442348866915,143.96897120228573,2,67011.50775998387
AUS_cluster_706,Australia,-36.39723397328573,142.88800083978728,2,108516.65362163348
AUS_cluster_748,Australia,-36.728720608508965,143.95748278865383,1,39458.20444847652
AUS_cluster_753,Australia,-37.108915946784606,143.95358389887846,1,15962.746126582928
AUS_cluster_793,Australia,-35.15809518892777,138.6153530949888,1,49563.27773353895
AUS_cluster_795,Australia,-35.16270015319804,138.60378030844726,1,50634.47274389093
AUS_cluster_687,Australia,-36.17546381010966,143.99601331027904,2,81736.03474375753
AUS_cluster_778,Australia,-37.46038910909375,143.7113072933614,2,45442.6603415903
AUS_cluster_811,Australia,-35.25337075193815,138.95157679146044,1,22662.202717135973
AUS_cluster_807,Australia,-35.14883068494907,139.4121814420379,1,22932.50727470247
AUS_cluster_812,Australia,-35.13951425511076,139.421920887107,1,23806.379725914932
AUS_cluster_813,Australia,-35.15477903340452,139.38951666601727,2,20908.354612877
AUS_cluster_814,Australia,-35.080670129216934,139.15601823226683,1,6783.891511011479
AUS_cluster_816,Australia,-35.10998814749107,139.1164924486474,1,5299.818246151986
AUS_cluster_817,Australia,-35.30205298643526,139.4472954181971,2,31604.982101847905
AUS_cluster_815,Australia,-35.02772064048827,138.8946736982275,1,27270.654362960766
AUS_cluster_818,Australia,-35.18966704027103,139.29818500978976,1,13641.528054173843
AUS_cluster_820,Australia,-35.02663387886328,139.39876522750555,1,25197.532327808996
AUS_cluster_821,Australia,-35.28205945942119,139.3861186216277,1,25797.94370641404
AUS_cluster_824,Australia,-35.0573959537464,139.37830683978802,1,21946.337916603545
AUS_cluster_825,Australia,-35.09287224646094,138.79840246561682,1,33342.869242502406
AUS_cluster_819,Australia,-35.040710613013744,139.39579250846288,1,24199.117296292607
AUS_cluster_831,Australia,-35.15060886017772,139.42652882941323,1,24243.373221419526
AUS_cluster_833,Australia,-35.166490135198124,138.79807103247398,1,33031.46436822146
AUS_cluster_828,Australia,-35.02657748514527,139.39642777977645,1,25017.685248827987
AUS_cluster_836,Australia,-35.08321471376387,139.16963313182313,1,6548.109950482722
AUS_cluster_835,Australia,-35.025372001355045,138.88986902909804,1,27779.4389866053
AUS_cluster_586,Australia,-34.144985548950906,138.72311172488014,1,44605.42031142037
AUS_cluster_846,Australia,-35.25596289466377,138.9598995691551,1,22197.39675755471
AUS_cluster_848,Australia,-35.25737692929368,138.96365818324622,1,22009.84347580771
AUS_cluster_854,Australia,-35.148545905062484,139.18273161013488,1,2196.759762838328
AUS_cluster_844,Australia,-35.137921720807654,138.76728496306688,1,35722.65444712028
AUS_cluster_851,Australia,-35.084426126709694,138.82745517002382,1,30919.3508563516
AUS_cluster_856,Australia,-35.102771865243405,139.33670839265298,2,16630.44072757446
AUS_cluster_823,Australia,-35.186586893371086,139.40779094426676,1,23063.281096041126
AUS_cluster_908,Australia,-36.76840666951864,141.76823739791544,1,182241.36195186435
AUS_cluster_872,Australia,-35.144793099971906,139.18117578711428,1,1947.4531330836362
AUS_cluster_862,Australia,-35.259782019222044,139.27416823756928,2,16736.629774163343
AUS_cluster_979,Australia,-37.58932911391426,141.3876526763165,0,220223.6605478773
AUS_cluster_943,Australia,-38.20925064019063,143.98205588156014,1,26093.96417691576
AUS_cluster_861,Australia,-35.048833252885714,138.83137308812795,1,31637.494279969582
AUS_cluster_986,Australia,-37.698591460652416,140.45080239252243,0,303242.83424021833
AUS_cluster_857,Australia,-35.02680153542391,139.329333340667,1,19999.412637224108
AUS_cluster_997,Australia,-38.22686150880588,143.9297388870604,1,29755.13703534961
AUS_cluster_1037,Australia,-17.159755787566976,145.19695375679572,1,24199.365030988367
AUS_cluster_970,Australia,-37.592965531916334,142.83188800042535,2,103369.10838127736
AUS_cluster_1050,Australia,-17.131322415058456,145.39061169170822,1,10399.30222505944
AUS_cluster_995,Australia,-38.35557118992823,143.45515275823914,1,67907.68407771016
AUS_cluster_1043,Australia,-16.97074963611581,145.4608507288061,1,10944.133137551962
AUS_cluster_1083,Australia,-21.086409229706657,149.21880494617128,0,127558.79191421418
AUS_cluster_1062,Australia,-17.05492928246337,145.48029874209968,1,10241.027713180123
AUS_cluster_1103,Australia,-19.31576477408786,146.71236218764813,0,9089.535528463226
AUS_cluster_1116,Australia,-19.35645982399153,146.71114110903744,1,9940.171583844838
AUS_cluster_1224,Australia,-34.84029342657022,149.68460618521897,0,100571.2306957708
AUS_cluster_1136,Australia,-20.34844758673595,148.95976370462208,0,165558.1327319073
AUS_cluster_1227,Australia,-34.99730818753986,149.81091339207893,1,104848.67182878645
AUS_cluster_1229,Australia,-34.64364534534741,149.7449556546949,1,83509.40809940771
AUS_cluster_1170,Australia,-34.24501150467211,148.5429089315757,2,182669.60575462985
AUS_cluster_1267,Australia,-36.55370831420678,144.40601250653563,2,30583.348137670113
AUS_cluster_1283,Australia,-36.33729775207264,144.02966911982642,1,64588.149311944544
AUS_cluster_1311,Australia,-36.35197645763194,144.96716222079473,2,42904.97160248704
AUS_cluster_1281,Australia,-36.58441543162358,144.35658098934104,1,27659.91332770281
AUS_cluster_1324,Australia,-37.47727815953133,145.29235059834042,1,42219.557937398626
AUS_cluster_1330,Australia,-36.38824842543186,145.02560907955012,2,36482.915638643506
AUS_cluster_1314,Australia,-36.64011577701189,145.25903554969074,1,1687.1763124517709
AUS_cluster_1271,Australia,-36.34169237575031,144.02644071890603,1,64329.972918157946
AUS_cluster_1325,Australia,-37.0763768666905,145.13772121789538,1,49202.98984004774
AUS_cluster_1339,Australia,-37.066244213536585,145.14296997781992,1,47996.03623466957
AUS_cluster_1382,Australia,-36.8236528884885,144.36651439482296,1,4392.129716812827
AUS_cluster_1332,Australia,-36.9868266746957,145.03978376729972,0,43137.08607084643
AUS_cluster_1351,Australia,-36.45407519634558,144.8886673157584,2,40706.70951486688
AUS_cluster_1377,Australia,-37.33484266815769,144.15238354586378,0,44859.70698711831
AUS_cluster_1384,Australia,-36.799082710980485,144.17558263221153,1,21606.09401742678
AUS_cluster_1385,Australia,-36.86774691565045,144.15518554839434,1,23564.48528635636
AUS_cluster_1085,Australia,-21.090131845251417,149.2147547300642,0,126994.04307267432
AUS_cluster_1386,Australia,-36.8207369395162,144.37185366646546,1,3980.121550597471
AUS_cluster_1388,Australia,-36.79049599942309,144.1870081483399,1,20776.270639944032
AUS_cluster_1391,Australia,-36.79573830013966,144.18129405102974,1,21165.28337779521
AUS_cluster_1392,Australia,-36.78718022645899,144.18314552267907,1,21190.613242889096
AUS_cluster_1395,Australia,-36.86453721018552,144.15605272173556,1,23425.692798987246
AUS_cluster_1401,Australia,-36.7341273017647,144.32348792158004,1,13325.130836007675
AUS_cluster_1393,Australia,-36.73686851740644,144.1076746913498,1,29249.014769492365
AUS_cluster_1422,Australia,-36.79419280640549,144.16659596365673,1,22484.051259298907
AUS_cluster_1421,Australia,-36.860288279057286,144.15872551513837,1,23115.382683922522
AUS_cluster_1423,Australia,-36.79873347069081,144.16109475123977,1,22887.30904038507
AUS_cluster_1389,Australia,-36.78748935079647,144.17789724105785,1,21639.563848157795
AUS_cluster_1396,Australia,-36.79712817425199,144.19058704307287,1,20323.55471243643
AUS_cluster_1536,Australia,-34.101570922705626,148.18670746592815,2,198213.74014147872
AUS_cluster_1449,Australia,-36.6201417316865,144.3777521619897,2,23427.039615489906
AUS_cluster_1542,Australia,-34.30521492382157,145.9599778543461,1,1358.8369500460913
AUS_cluster_1545,Australia,-34.68870559203405,146.02180441325666,1,30992.98855593789
AUS_cluster_1540,Australia,-34.38859762204096,146.00564742545794,1,5864.647539105545
AUS_cluster_1552,Australia,-34.67081333615666,146.02491101964256,1,28983.707372303583
AUS_cluster_1548,Australia,-34.369376243868935,146.01812404967202,1,6276.38498210339
AUS_cluster_1549,Australia,-34.37209653122662,146.02292694907004,1,5760.757362121875
AUS_cluster_1554,Australia,-34.68140487421212,146.01982193729484,1,30210.55610876643
AUS_cluster_1551,Australia,-34.37991038993446,146.00035454913484,1,6760.555368932382
AUS_cluster_1550,Australia,-34.3527868396024,145.99599401027172,1,4881.641471579491
AUS_cluster_1563,Australia,-34.40929191249626,146.04521009245948,1,1651.936270081799
AUS_cluster_1564,Australia,-34.39133106730215,146.05588107312107,1,2391.479370982263
AUS_cluster_1567,Australia,-34.34625622081358,145.99137974841187,1,4041.9297168696685
AUS_cluster_1587,Australia,-34.7661239497145,146.77207094033207,2,75923.49547182911
AUS_cluster_1634,Australia,-38.251929650545705,145.54977445569708,1,6664.956779450323
AUS_cluster_1631,Australia,-38.28825419004389,145.66332095731187,1,5164.589447462413
AUS_cluster_1547,Australia,-34.66284228975057,146.02663759847945,1,28084.855970458357
AUS_cluster_1642,Australia,-38.2593758512642,145.58102390279308,1,4017.113641279343
AUS_cluster_1580,Australia,-34.67598092983725,146.02399260453893,1,29564.251033984812
AUS_cluster_1639,Australia,-38.29269171876685,145.57236619471124,1,6505.7448608388995
AUS_cluster_1646,Australia,-38.16224950906776,145.4865080180397,1,5659.86414112752
AUS_cluster_1647,Australia,-38.16427219269957,145.48979592368013,1,5556.714176756428
AUS_cluster_1648,Australia,-38.03720076980358,145.4347330538527,1,14181.329943327493
AUS_cluster_1658,Australia,-37.719130509472805,145.38732675577722,1,14306.32855688148
AUS_cluster_1678,Australia,-37.57540062003361,145.47074113965508,1,28304.842711867062
AUS_cluster_1681,Australia,-38.19999674003739,146.4205942360492,1,56681.96754943655
AUS_cluster_1683,Australia,-38.20067798357902,146.41881960558547,1,56555.083376343086
AUS_cluster_1697,Australia,-38.14775670648167,145.71662602879454,1,12833.517262694917
AUS_cluster_1696,Australia,-38.10441529593291,145.57554285079627,1,4504.102794031172
AUS_cluster_1699,Australia,-38.05501868766711,145.6035619009546,1,10376.545599306124
AUS_cluster_1508,Australia,-33.94820533187812,146.1264608819402,1,43430.70737105388
AUS_cluster_1703,Australia,-38.1495044937444,145.75633346435745,1,11406.88751674745
AUS_cluster_1702,Australia,-38.08709500769925,145.53183901201723,1,5262.450727354694
AUS_cluster_1705,Australia,-38.22392350466085,145.69848520782196,1,7058.19790980281
AUS_cluster_1707,Australia,-38.18994726951061,145.62890494282374,1,6921.170814307814
AUS_cluster_1662,Australia,-38.09363828634679,145.46372761128677,1,8060.884323644526
AUS_cluster_1712,Australia,-38.15587154503991,146.02690665856497,1,22907.523802683285
AUS_cluster_1711,Australia,-38.15965245940357,145.57936730020396,1,4453.677954743764
AUS_cluster_1717,Australia,-38.21738807425427,145.7044836365932,1,7861.988661078588
AUS_cluster_1708,Australia,-38.10253232955274,145.55284936218823,1,3661.7487333904064
AUS_cluster_1714,Australia,-38.227027820664894,145.70394118333252,1,7349.851039286098
AUS_cluster_1719,Australia,-38.30699868236648,145.85249057593882,1,20680.69935339847
AUS_cluster_1721,Australia,-38.10553731217641,145.69750534371116,1,10723.770834452338
AUS_cluster_1725,Australia,-38.222579685896925,145.70029981580453,1,7266.928339135376
AUS_cluster_1723,Australia,-38.1293274526896,145.71095901558732,1,11540.159326391864
AUS_cluster_1726,Australia,-37.94263197428045,145.51198055324826,1,13059.469596410605
AUS_cluster_1718,Australia,-38.09976424471008,145.55815379171773,1,4109.4357081470525
AUS_cluster_1733,Australia,-38.1647956005113,145.9447018476071,0,17741.809877695512
AUS_cluster_1740,Australia,-38.1421019974438,146.1185037906068,2,29570.790380791062
AUS_cluster_1742,Australia,-38.17140387083475,145.55062738490466,1,4261.328291791042
AUS_cluster_1744,Australia,-38.11521074710501,145.82872209900214,1,7366.914666228742
AUS_cluster_1728,Australia,-38.07721936507788,145.55509369891777,1,6439.4749274376045
AUS_cluster_1739,Australia,-38.11493054032507,145.82699462499795,1,7287.487643473976
AUS_cluster_1750,Australia,-38.1023674089852,145.5760452277064,1,4701.873928799427
AUS_cluster_1748,Australia,-38.15386563802037,145.6037743914317,1,5975.755993493772
AUS_cluster_1755,Australia,-38.01277152424333,145.6154730904213,1,14995.087385139255
AUS_cluster_1756,Australia,-38.14336770022804,145.63403250990598,1,8263.578655655427
AUS_cluster_1757,Australia,-38.08901957171175,145.5320466361266,1,5048.036196992936
AUS_cluster_1767,Australia,-38.08503567957058,144.17774760959992,1,10858.964046360454
AUS_cluster_1760,Australia,-38.12306926989887,144.00728721017765,1,16496.15377773837
AUS_cluster_1773,Australia,-37.9848055514729,144.09179059156332,1,1815.574914108946
AUS_cluster_1759,Australia,-38.08229108475205,145.54139911909687,1,5745.007892681606
AUS_cluster_1771,Australia,-37.95401460955095,144.0863798185529,1,3539.943907279772
AUS_cluster_1777,Australia,-37.90202808651082,144.094026010978,1,9278.48929111768
AUS_cluster_1783,Australia,-38.0955039552385,144.21829521971938,1,11766.658814625473
AUS_cluster_1775,Australia,-37.90171702039726,144.09104978043163,1,9259.528554805667
AUS_cluster_1780,Australia,-38.108919053558,144.10942065145315,1,12464.996491649244
AUS_cluster_1793,Australia,-38.0847377298952,144.22635620280482,1,10665.447493499707
AUS_cluster_1785,Australia,-38.09100264076587,144.1764821887396,1,11530.066983195611
AUS_cluster_1802,Australia,-38.39381685498745,144.82410840050363,1,11856.003679845851
AUS_cluster_1803,Australia,-38.42100237088475,145.01838703060025,1,4736.796732230003
AUS_cluster_1792,Australia,-37.881322020798585,144.08115741526603,1,11395.193357263195
AUS_cluster_1805,Australia,-38.33533021629626,145.02083765709904,1,7644.541338881544
AUS_cluster_1806,Australia,-38.22330733862556,144.22081230082162,1,25963.234215057957
AUS_cluster_1807,Australia,-38.22759832066799,144.38560938038628,1,30701.14372592275
AUS_cluster_1808,Australia,-38.361925307927805,145.0309771798244,1,6346.559967751116
AUS_cluster_1809,Australia,-38.22877044459489,144.3848531282839,1,30779.713810040917
AUS_cluster_1812,Australia,-37.96778193187267,144.3024192028772,1,8748.148484537669
AUS_cluster_1851,Australia,-38.03940120974708,144.36660759132604,1,15043.946470451974
AUS_cluster_1849,Australia,-38.00942031898785,144.28694799964106,1,7353.028243884922
AUS_cluster_1863,Australia,-38.21837560087768,145.23970346253202,1,2058.1423826149594
AUS_cluster_1843,Australia,-38.01555552642944,144.4186221563955,1,18783.24027951143
AUS_cluster_1865,Australia,-38.26244236516283,145.2052363973657,1,3712.033222978946
AUS_cluster_1866,Australia,-38.11751539163062,145.2163033301243,1,10662.87449714237
AUS_cluster_1855,Australia,-38.3368932512236,145.03557300704446,1,8481.191245289609
AUS_cluster_1872,Australia,-38.17139969564675,145.23167289830346,1,5270.735247656054
AUS_cluster_1870,Australia,-38.19932281136632,145.22277178629372,1,2335.9614621134774
AUS_cluster_1874,Australia,-38.15261202167446,145.40442561809178,1,12062.815558442617
AUS_cluster_1880,Australia,-38.28223352798106,145.1787056053876,1,1708.7295550669885
AUS_cluster_1876,Australia,-38.2532295045992,145.10876146976724,1,2380.9765203595925
AUS_cluster_1882,Australia,-38.17350128227522,145.3563597706925,1,13019.587810343493
AUS_cluster_1883,Australia,-38.23738295532405,145.14659126396572,1,1951.1504556471637
AUS_cluster_1794,Australia,-38.09740583146336,144.2180919526628,1,11975.866120991173
AUS_cluster_1885,Australia,-38.26053762876067,145.2074886229138,1,3425.926026767612
AUS_cluster_1891,Australia,-38.23630016838817,145.15004112347094,1,2209.5855906307347
AUS_cluster_1864,Australia,-38.06895160914473,145.1923136806389,1,16015.200092240346
AUS_cluster_1889,Australia,-38.30707816478843,145.13232756774906,1,3247.7197398582325
AUS_cluster_1893,Australia,-38.23841824868876,145.11001522978725,1,2780.625845321901
AUS_cluster_1896,Australia,-38.39931819898802,144.93548561298994,1,2668.8612964064973
AUS_cluster_1904,Australia,-38.3198384019861,145.12917835938563,1,4306.57342241134
AUS_cluster_1912,Australia,-38.26312402030958,145.21096290937152,1,3516.061792066519
AUS_cluster_1909,Australia,-38.18859079030077,145.23129896748017,1,3698.6137928571
AUS_cluster_1895,Australia,-38.396482762684485,144.90108363423172,1,5271.906998473371
AUS_cluster_1917,Australia,-38.30166766967728,145.13135369044076,1,3092.843024736593
AUS_cluster_1881,Australia,-38.12770968312522,145.22196784742565,1,9614.199218525193
AUS_cluster_1926,Australia,-38.27931570048301,145.1484452418826,1,2135.3655595398736
AUS_cluster_1939,Australia,-38.24455843587675,145.18954671616066,1,3657.0061587678447
AUS_cluster_1921,Australia,-38.292122902751714,145.1814694680695,1,1429.1059971550008
AUS_cluster_1951,Australia,-38.17220950458673,145.31258885238765,1,10071.874165140678
AUS_cluster_1994,Australia,-37.94396015077614,144.67154411643884,1,13563.317722754717
AUS_cluster_1955,Australia,-38.1450692241438,145.23502321313234,1,8055.064506188928
AUS_cluster_2002,Australia,-37.94427519213384,144.67292068034445,1,13527.53304439043
AUS_cluster_1997,Australia,-37.9193834251699,144.68377490487916,1,10703.049878332831
AUS_cluster_2005,Australia,-37.78546939651396,144.66716852678644,1,9967.014215381208
AUS_cluster_2023,Australia,-37.46176577117669,144.6438413580075,1,35596.59076154342
AUS_cluster_2029,Australia,-37.682222713608695,144.64475092907242,1,19577.001099719666
AUS_cluster_2084,Australia,-35.160375204988945,149.1295268557155,0,162303.99259102924
AUS_cluster_2161,Australia,-36.021296813078784,146.79916757005014,2,17398.204002304225
AUS_cluster_2135,Australia,-35.22731917382227,149.09075670913478,0,169672.61289263
AUS_cluster_2083,Australia,-35.19058079718129,149.1660818271529,0,161782.99456772004
AUS_cluster_2006,Australia,-37.92693071453346,144.558933675055,1,19697.057374338037
AUS_cluster_2295,Australia,-41.63523831023174,147.16034236126194,1,398251.6170015347
AUS_cluster_2331,Australia,-42.74339499758712,147.72460674163497,1,529939.9644382157
AUS_cluster_1933,Australia,-38.22667716708936,145.19979875665513,1,1561.099497344734
AUS_cluster_2327,Australia,-43.15093207843538,147.76442616989874,1,573713.3071808952
AUS_cluster_2334,Australia,-43.075210940989805,147.78205481747574,1,566234.4206568849
AUS_cluster_2372,Australia,-23.673136353909,150.39325307109644,1,160861.94566042637
AUS_cluster_2333,Australia,-42.68342721226121,147.44947990123669,1,516276.60447405616
AUS_cluster_2347,Australia,-43.02736523399309,147.22141201616066,1,547744.6403576693
AUS_cluster_2384,Australia,-33.543986447894525,150.76424104471317,1,9825.81270378934
AUS_cluster_2394,Australia,-33.5599190444896,150.76506552106136,1,10263.927602201502
AUS_cluster_2379,Australia,-24.95386348549288,151.10314700304542,2,1475.973072375396
AUS_cluster_2403,Australia,-33.55978828004399,150.7674526577866,1,10471.914172574488
AUS_cluster_2414,Australia,-33.54680647202935,150.86369258095905,1,19030.461785959087
AUS_cluster_2397,Australia,-33.59889061749532,150.90744108178916,1,24144.930602718192
AUS_cluster_2410,Australia,-33.53822716381194,150.86135681933555,1,18763.927641121078
AUS_cluster_2415,Australia,-33.545877353618856,150.86851050619634,1,19468.09278914787
AUS_cluster_2422,Australia,-33.915898505222984,150.69416640024528,3,10624.859947584744
AUS_cluster_2425,Australia,-33.91701718205826,150.69398118604644,3,10702.438132399126
AUS_cluster_2448,Australia,-33.87547402280834,150.6716219639849,1,11306.53172134402
AUS_cluster_2453,Australia,-33.691528736863475,150.75963511689187,1,19872.280855482288
AUS_cluster_2454,Australia,-33.70090684431365,150.74329100018585,1,19154.14090535439
AUS_cluster_2440,Australia,-33.63363139593628,150.7549236601672,1,14257.190161879074
AUS_cluster_2479,Australia,-33.70190076659903,150.7417221577506,1,19082.979362494327
AUS_cluster_2505,Australia,-33.863755860150235,150.8341337059955,1,3757.6370732789533
AUS_cluster_2481,Australia,-33.63846936660722,150.75824174623554,1,14869.591081031665
AUS_cluster_2519,Australia,-33.92980298299766,150.80354332735587,1,6933.514817811593
AUS_cluster_2516,Australia,-33.8761972005928,150.80660373875563,1,1497.3421286420441
AUS_cluster_2523,Australia,-33.93633704272815,150.78231263991037,1,7673.970745766371
AUS_cluster_2522,Australia,-33.97044091934161,150.9484943029762,0,18266.61561575176
AUS_cluster_2530,Australia,-33.91803896226061,150.78303063277116,1,5653.639272951343
AUS_cluster_2532,Australia,-33.9376558770428,150.7922769167517,1,7748.811125163678
AUS_cluster_2534,Australia,-33.85412014905745,150.82416416224757,1,3202.9751311295513
AUS_cluster_2572,Australia,-33.67427736826855,150.79011894108615,1,19823.65087836398
AUS_cluster_2580,Australia,-33.68608159304272,150.95788000192377,1,25282.58225988337
AUS_cluster_2586,Australia,-33.70675880135006,150.83042837304404,1,18244.527129132555
AUS_cluster_2507,Australia,-33.839338426476054,150.86809726006263,1,7567.773026189031
AUS_cluster_2593,Australia,-33.73353407435039,150.78341945735312,0,14980.171428883987
AUS_cluster_2615,Australia,-33.980330635160435,150.67682011790075,1,16506.91359682879
AUS_cluster_2605,Australia,-33.69822098881667,150.82712697460894,1,19126.640851656965
AUS_cluster_2446,Australia,-33.88744560464983,150.75573441232171,1,4123.6884220318225
AUS_cluster_2616,Australia,-34.08556145245219,150.66548991674549,1,10793.118404182605
AUS_cluster_2632,Australia,-33.99901369843444,150.7617623420238,1,14866.234517286566
AUS_cluster_2700,Australia,-34.25340877798168,150.56829683687025,1,3659.101299909345
AUS_cluster_2665,Australia,-34.00393704686,150.67205354677952,1,15579.805855284252
AUS_cluster_2719,Australia,-33.3099008521858,151.2016443437606,1,3882.9055773775276
AUS_cluster_2722,Australia,-33.26588251469911,151.21823406620027,1,3871.4877946036568
AUS_cluster_2653,Australia,-33.9447565890479,150.7749716013452,1,8711.382660079622
AUS_cluster_2732,Australia,-33.30926890042657,151.17937071952952,1,5467.137109439456
AUS_cluster_2739,Australia,-33.31174517308572,151.20399430999015,1,3586.3867004770605
AUS_cluster_2745,Australia,-33.286296620154324,151.1580417667523,1,8570.527622415844
AUS_cluster_2735,Australia,-33.26466624404812,151.21682883792238,1,3753.3403555627187
AUS_cluster_2754,Australia,-33.31571565659679,151.17882778165074,1,5140.872759128895
AUS_cluster_2756,Australia,-33.280160001692906,151.20837954707451,1,5595.758699257526
AUS_cluster_2755,Australia,-33.29222363513473,151.20557044072905,1,5141.42382794121
AUS_cluster_2747,Australia,-33.33598004990982,151.1682010366108,1,5548.044754550443
AUS_cluster_2761,Australia,-33.16613658704098,150.67827716933095,1,40873.36952573195
AUS_cluster_2758,Australia,-33.32097880693724,151.2305350151414,1,1299.0796066433736
AUS_cluster_2768,Australia,-33.241711316577856,151.23213539039253,1,1464.293549986943
AUS_cluster_2784,Australia,-33.379017890708056,151.27592236365408,1,5505.653380339395
AUS_cluster_2789,Australia,-33.27626566290417,151.22178704246764,1,5005.552237810599
AUS_cluster_2791,Australia,-33.246276882842125,151.2491605652673,1,2984.624597493113
AUS_cluster_2792,Australia,-33.325239014586124,151.22584215428677,1,1328.6891457049178
AUS_cluster_2799,Australia,-33.28065720317261,151.21101834035372,1,5597.2977328384095
AUS_cluster_2820,Australia,-33.51902961904789,150.9515449691247,1,27165.099032198217
AUS_cluster_2583,Australia,-33.67849458168179,150.8401309959118,1,21501.425299764815
AUS_cluster_2794,Australia,-33.293397125186786,151.1760750736332,1,6839.073585008645
AUS_cluster_2841,Australia,-33.12733040985468,151.45946547862326,1,6545.826647690476
AUS_cluster_3033,Australia,-32.07939122963192,151.93058375350677,1,44690.971120431794
AUS_cluster_3040,Australia,-30.342489129338983,153.08962510805918,0,232736.47578238492
AUS_cluster_3074,Australia,-32.60411267393614,151.5748239509556,1,36309.0311582789
AUS_cluster_3073,Australia,-32.70524869773561,151.70545823217793,1,31601.37237497012
AUS_cluster_3087,Australia,-32.810655882051094,151.77293405724566,1,37665.0111452028
AUS_cluster_3099,Australia,-32.81206727048561,151.77112180155393,1,37879.12517188853
AUS_cluster_3102,Australia,-32.41081891010654,151.9586266121532,1,10444.640435021505
AUS_cluster_3093,Australia,-32.39267982674956,151.9601310738399,1,12462.854169033884
AUS_cluster_3120,Australia,-32.52030918283256,151.5326809326289,1,38567.27223935359
AUS_cluster_3142,Australia,-32.446424669875405,151.9709670913551,1,6888.052717190207
AUS_cluster_3152,Australia,-32.55842517296445,151.74541961056576,1,19537.172202886348
AUS_cluster_3113,Australia,-32.75702671395145,151.67012236512025,1,38050.302223911815
AUS_cluster_3137,Australia,-32.51227231337428,151.53948710150914,1,37898.967706802934
AUS_cluster_3146,Australia,-32.536331747873106,151.54904448235877,3,37161.90623814755
AUS_cluster_3235,Australia,-26.944816351741995,152.3751646896525,1,36157.62121878535
AUS_cluster_3278,Australia,-27.741309634935675,153.02404681688807,1,4735.662985473369
AUS_cluster_3276,Australia,-27.9255753186903,152.94406945095915,1,16484.59973456591
AUS_cluster_3283,Australia,-27.77548437301142,153.07154720298163,1,8101.71221149564
AUS_cluster_3277,Australia,-27.794855284732893,153.01579264305994,1,3726.800873377356
AUS_cluster_3282,Australia,-27.71585918914717,153.13678789624132,1,12410.38627873728
AUS_cluster_3243,Australia,-26.42350573633763,151.65532476234557,2,120245.7973352735
AUS_cluster_3285,Australia,-27.939069917437152,152.95768779588013,1,14821.862413996843
AUS_cluster_3290,Australia,-27.868089850436355,152.93477565039473,1,12073.150119913062
AUS_cluster_3312,Australia,-27.69755079187776,153.05484955687726,1,10389.714056073295
AUS_cluster_3293,Australia,-27.777318790052004,153.06106183774872,1,7090.267713147094
AUS_cluster_3321,Australia,-27.568340138893227,153.1304442308277,1,8456.009299311943
AUS_cluster_3326,Australia,-27.578344675272763,153.23824886316856,0,3491.9247922360614
AUS_cluster_3327,Australia,-27.61573688556296,153.26767244579935,1,1577.099668332069
AUS_cluster_3279,Australia,-27.78887911375376,153.052284758075,1,6506.63038948855
AUS_cluster_3369,Australia,-27.56380811719227,153.2461078414566,1,4647.304466450262
AUS_cluster_3373,Australia,-27.628586306362184,153.2280952740466,1,4040.97380358352
AUS_cluster_3400,Australia,-26.95745214308903,152.99128464311156,1,8194.13756416333
AUS_cluster_3325,Australia,-27.639794868913803,153.28410167347687,1,4391.825892621696
AUS_cluster_3391,Australia,-26.978410182830363,153.00286445247187,1,5983.672380974597
AUS_cluster_3392,Australia,-26.84896028867656,152.939517450838,1,6362.920388637563
AUS_cluster_3403,Australia,-26.91085345930496,152.95338259475673,1,4751.225219674773
AUS_cluster_3402,Australia,-26.889434829394794,152.95870671456777,1,3209.2465664704914
AUS_cluster_3397,Australia,-26.991919326798097,152.912257922704,1,10855.582392728502
AUS_cluster_3330,Australia,-27.5696551820266,153.14090344675438,1,8006.447600422752
AUS_cluster_3421,Australia,-26.915230074068365,152.91375132122002,1,8370.599207055851
AUS_cluster_3473,Australia,-26.94294118749489,152.70574373525486,1,6930.061208269621
AUS_cluster_3448,Australia,-27.05747347099628,153.0454683447162,1,4362.718212108068
AUS_cluster_3412,Australia,-26.89138003767193,152.965735835007,1,2591.806655869979
AUS_cluster_3481,Australia,-27.025101539413804,152.97520657990097,1,3753.555800834702
AUS_cluster_3487,Australia,-27.858503508496806,152.6930796207009,1,30726.44645862718
AUS_cluster_3488,Australia,-27.748808208213127,152.53264372968093,1,42153.64813221997
AUS_cluster_3467,Australia,-27.0353064937204,153.04089682169754,1,2852.8168779864063
AUS_cluster_3499,Australia,-27.69817709019328,152.54814134126616,1,36920.52033955347
AUS_cluster_3510,Australia,-27.379867192666502,152.4388652793552,1,2560.211601479693
AUS_cluster_3511,Australia,-27.603185592182783,152.39135299482476,1,26410.082032020662
AUS_cluster_3507,Australia,-27.58886251991624,152.59240709516445,1,26976.745581318646
AUS_cluster_3564,Australia,-28.81652262885795,153.23070832605023,1,95300.20877712507
AUS_cluster_3512,Australia,-27.38061547219905,152.49495493511333,1,3118.017611300448
AUS_cluster_3577,Australia,-29.113374772954533,153.42568434455623,0,131299.51333578135
AUS_cluster_3567,Australia,-28.81147385563133,153.19164068254204,1,94325.0109998453
AUS_cluster_3449,Australia,-27.03829787532656,152.899604024491,1,11197.494284370712
AUS_cluster_3582,Australia,-28.94705705570624,153.1696861847689,1,109203.94782215416
AUS_cluster_3645,Australia,-25.65453754985569,151.2171499953261,2,77290.20594182001
AUS_cluster_3655,Australia,-31.14873860352579,150.31908745439642,1,38091.24188472113
AUS_cluster_3653,Australia,-31.05213689935142,150.83906097235467,1,18870.4887833386
AUS_cluster_3657,Australia,-31.04601798319268,150.8470818530759,1,19261.131201962555
AUS_cluster_3658,Australia,-30.949511331612143,150.61434219802325,1,5404.285225089584
AUS_cluster_3584,Australia,-28.956090777195133,152.9084151912775,1,111698.35418238233
AUS_cluster_3673,Australia,-31.261031921930307,150.75326907862222,1,33029.38175622996
AUS_cluster_3674,Australia,-31.01072553292617,150.8313065276988,1,16533.341018774074
AUS_cluster_3665,Australia,-31.155231637222645,150.32456994300085,1,38019.238417829576
AUS_cluster_3695,Australia,-31.221257075585623,150.84623182571207,1,32536.05577274203
AUS_cluster_3682,Australia,-31.176240770124338,150.89665986775708,1,31611.24469209039
AUS_cluster_3692,Australia,-31.01120022956445,150.8360644536919,1,16985.99563510395
AUS_cluster_3703,Australia,-31.21931512881041,150.84503376811034,1,32292.710960028773
AUS_cluster_3667,Australia,-31.05321224985012,150.99903400310248,1,33191.35386321696
AUS_cluster_3709,Australia,-31.01464150331553,150.83146377128998,1,16659.83218833302
AUS_cluster_3757,Australia,-30.9740849095934,150.83525111669837,1,16405.308154661903
AUS_cluster_3754,Australia,-30.73566725007301,150.8851259412191,1,17402.090423975627
AUS_cluster_3756,Australia,-30.74844446298701,150.53927200985643,1,17571.25961018459
AUS_cluster_3760,Australia,-30.731960745952463,150.87671414191453,1,16819.563918098273
AUS_cluster_3763,Australia,-30.740900028950264,150.89273407675185,1,17882.700031072603
AUS_cluster_3777,Australia,-27.671233651256173,151.89738460572934,1,24404.560089178452
AUS_cluster_3779,Australia,-27.63709265270714,151.79347028700087,1,16071.149866916401
AUS_cluster_3769,Australia,-28.451424246417485,151.14172564896387,1,96366.1545029202
AUS_cluster_3827,Australia,-27.66147314952057,152.31543522404692,1,35105.725512438905
AUS_cluster_3894,Australia,-28.080485072286468,152.9476906247711,1,19995.860300088454
AUS_cluster_3780,Australia,-27.16836149468825,151.5801481950109,2,60869.79425529898
AUS_cluster_3815,Australia,-27.57916691464683,152.26499712313932,0,30053.22519697916
AUS_cluster_3897,Australia,-28.07876152392745,152.93969018350697,1,20492.484961256618
AUS_cluster_3925,Australia,-28.248187183277675,152.06325718288508,1,71924.74658250644
AUS_cluster_3922,Australia,-28.133513812219643,151.98403132916164,2,57016.972652134435
AUS_cluster_3930,Australia,-28.354051535242995,152.28156906219152,1,91529.7450011323
AUS_cluster_3912,Australia,-27.94051687506564,152.94590887597874,1,15925.489437142889
AUS_cluster_3936,Australia,-28.838963840498245,152.95152008291728,1,98162.9224364304
CZE_cluster_1001,CZE,49.723211167411286,17.517142201787102,0,28306.076954446835
CZE_cluster_1012,CZE,49.91238284058981,17.908007227057887,1,8026.68781506626
CZE_cluster_1081,CZE,49.56202469988941,17.74465442991305,0,18814.755604334998
CZE_cluster_1083,CZE,49.44975940779127,17.470081161587043,0,41638.79053104732
CZE_cluster_1087,CZE,49.71699595533462,17.90284383558415,0,9684.221762030245
CZE_cluster_1088,CZE,49.94950658843794,17.89069932960989,0,8630.31098898148
CZE_cluster_1094,CZE,49.84111698503132,17.95233414024838,1,11911.662300474383
CZE_cluster_1102,CZE,49.931231459424296,17.9330549217032,0,5668.518794639416
CZE_cluster_1166,CZE,49.62847408392894,17.869724153625995,1,7673.372524407504
AUS_cluster_3934,Australia,-27.876063888672903,152.60634230758913,1,39442.001799610836
CZE_cluster_1201,CZE,49.42342654818033,17.586251586306233,0,37131.69325027622
CZE_cluster_125,CZE,49.65105194067385,17.328712314985573,0,20024.69688800989
CZE_cluster_126,CZE,49.48415353821332,17.04142428646407,0,20180.798450046324
CZE_cluster_127,CZE,49.45787434025089,17.131674788100998,0,21292.652995070228
CZE_cluster_1316,CZE,49.48428379552461,17.75338700816582,1,23757.90660004992
CZE_cluster_1326,CZE,48.9991632026373,15.989469671995074,1,3164.5825957503166
CZE_cluster_1327,CZE,48.96275617775325,15.997396898790305,2,3311.2551641395844
CZE_cluster_1354,CZE,48.83484771588492,16.4557895178272,2,7849.966990168938
CZE_cluster_1362,CZE,49.04247619810903,16.30385198498599,0,21154.95272721227
CZE_cluster_1360,CZE,49.17795720814676,16.50105167437812,0,22568.866942955894
CZE_cluster_1366,CZE,48.995007369476106,16.861364017994635,0,14416.26403218132
CZE_cluster_1383,CZE,49.14180285275408,17.01464818868138,0,15678.202254221764
CZE_cluster_1375,CZE,49.23735610486669,16.63056911644317,0,16465.942514962146
CZE_cluster_1385,CZE,49.12144702921968,16.335082876499573,0,27070.479389959204
CZE_cluster_1389,CZE,49.1997183523943,16.53305254078599,0,19854.07225994781
CZE_cluster_1393,CZE,49.17849904115579,16.85065171374112,0,16515.96833872628
CZE_cluster_1407,CZE,49.02361961148833,16.491438412123717,1,27790.893395680687
CZE_cluster_1409,CZE,48.97601966861476,16.609561552237366,1,20135.912016165916
CZE_cluster_1417,CZE,49.28964143619865,16.666413841633975,0,12565.247316553234
CZE_cluster_1434,CZE,49.17122306199986,16.68897673196026,0,23977.741707848483
CZE_cluster_1436,CZE,48.85458477128642,16.885073935226895,0,3329.4933767994853
CZE_cluster_1437,CZE,48.951413013339575,16.314959192838053,0,17848.353634669056
AUS_cluster_3918,Australia,-27.98367261095191,152.55742167417472,1,48606.75268222526
CZE_cluster_1522,CZE,49.06775681685613,17.067173189009623,0,8829.995626829603
CZE_cluster_1526,CZE,49.11896312035422,16.78568319369816,0,24472.980033379237
CZE_cluster_1538,CZE,48.95473964419398,16.309555975227696,1,17964.278393858316
CZE_cluster_1566,CZE,49.0726346883053,16.648048168229092,1,30189.220852065217
CZE_cluster_159,CZE,49.48129925585081,17.1111033239494,0,22378.09653111719
CZE_cluster_1613,CZE,48.901802119018505,16.933064493768136,0,5624.186011272453
CZE_cluster_1653,CZE,49.17994371915443,16.55894225060069,0,21974.028167640812
CZE_cluster_1621,CZE,49.02873233663118,16.624805580439947,1,25832.335549795247
CZE_cluster_1690,CZE,49.03969937103568,16.310957754775878,0,21561.39134823922
CZE_cluster_161,CZE,49.50698673114368,17.199110236331773,0,28609.857072973995
CZE_cluster_1662,CZE,49.07181442932399,16.647440270506884,1,30131.44597736571
CZE_cluster_17,CZE,49.11131793211398,17.928468672832015,0,21528.54285021256
CZE_cluster_1693,CZE,48.94785523763537,16.3122814777667,0,17409.011338806013
CZE_cluster_1666,CZE,49.00767097532833,16.59825080571067,0,23742.30778793554
CZE_cluster_1784,CZE,49.19447242416208,16.54317731864082,0,20384.629757522467
CZE_cluster_178,CZE,49.960162554248825,16.960712369935557,0,20720.65657115949
CZE_cluster_1440,CZE,48.90462217389742,16.80896130495071,0,8229.866180914261
CZE_cluster_1861,CZE,49.101034467891466,16.388613109386984,0,29320.54160637179
CZE_cluster_1816,CZE,49.20231799139853,16.877590189616363,0,13371.474661386257
CZE_cluster_1875,CZE,49.166624394058665,16.552273587168177,0,23457.840841469482
CZE_cluster_1792,CZE,49.14975932196398,16.581229810334808,0,25388.724187326032
CZE_cluster_1967,CZE,49.013652158433615,17.135287987792896,0,6187.755540789379
CZE_cluster_1968,CZE,48.88112586866822,17.17957638551851,0,12836.537553080228
CZE_cluster_1979,CZE,48.92316493055321,17.162520595285198,0,11311.574867264791
CZE_cluster_1865,CZE,49.151705596129005,16.994147849059036,0,17531.805947728044
CZE_cluster_1986,CZE,48.98385653726021,17.325183913525727,0,12895.269041824353
CZE_cluster_1990,CZE,48.97171514325538,17.218507803181744,0,9815.521544288764
CZE_cluster_1981,CZE,48.92176183412781,17.167911703146995,0,11682.171720866649
CZE_cluster_1995,CZE,48.84357115186955,17.072003840773895,0,8611.587105530312
CZE_cluster_2002,CZE,48.862571939841,17.027475760411992,0,5341.90457703275
CZE_cluster_1999,CZE,48.96203488204163,17.03934673238834,0,6285.504832590021
CZE_cluster_2033,CZE,48.95108983815344,17.099777145807007,2,8098.449343010304
CZE_cluster_2090,CZE,48.927800034770826,17.351103938963007,0,18699.49255113433
CZE_cluster_207,CZE,49.61314319319336,16.688229154144977,0,27846.054590827713
CZE_cluster_2147,CZE,48.9017151859758,17.023747291369766,0,1341.876879019427
CZE_cluster_2072,CZE,48.79527688933951,17.014432042759918,1,10126.978370357514
CZE_cluster_2095,CZE,48.89247109308096,17.31498417192661,0,20588.129219498427
CZE_cluster_2183,CZE,49.02942152019893,17.37840096327519,0,14116.958236556715
CZE_cluster_2190,CZE,48.85713820734581,17.032701692736165,0,6026.450134603385
CZE_cluster_2048,CZE,48.89073011117015,17.18124377725202,1,12739.582943289883
CZE_cluster_2234,CZE,48.84461048035727,16.05633364969545,0,10137.462263697535
CZE_cluster_2199,CZE,48.81729211060842,17.053318255156924,0,10704.963073743118
CZE_cluster_2236,CZE,48.86253678639056,16.037339577840424,0,12187.341135303015
CZE_cluster_2261,CZE,48.85785817270542,15.979001156449428,0,14589.889646376376
CZE_cluster_2247,CZE,48.85997234625289,15.915790733411532,1,16129.243631329578
CZE_cluster_2115,CZE,48.97496263805687,17.29243932191431,0,11928.162314684903
CZE_cluster_2251,CZE,48.74899315289271,16.90190683389018,0,10364.901912549438
CZE_cluster_2295,CZE,48.81822332992237,16.559918083130277,0,7152.103653259888
CZE_cluster_2336,CZE,48.7972465222442,16.23137586147819,1,3774.4120279158856
CZE_cluster_2340,CZE,48.83571281505591,16.048714979671367,1,10400.348383278766
CZE_cluster_2297,CZE,48.77638734410329,16.775402061251874,0,8551.973979239563
CZE_cluster_2392,CZE,50.153815882278174,16.274452258208214,0,2695.384005122048
CZE_cluster_2400,CZE,50.07897501646385,16.464970674564366,0,9951.551789059451
CZE_cluster_2401,CZE,50.15963061322383,16.284442918911267,0,3640.4128056266095
CZE_cluster_2518,CZE,50.57994658065004,15.893986182722864,0,39878.21474640947
CZE_cluster_2427,CZE,50.038732336701145,16.510833020064723,0,14870.547437216628
CZE_cluster_2520,CZE,50.36156029286237,15.928546233149373,0,18656.557850409903
CZE_cluster_2522,CZE,50.295991402804574,15.96320923946866,2,12781.860145047653
CZE_cluster_2529,CZE,50.58680193325957,15.888961989384848,0,40718.98944247274
CZE_cluster_2365,CZE,50.104654756293634,16.2601759306376,0,4330.118843489236
CZE_cluster_2381,CZE,50.150887363139056,16.27503919739553,0,2587.3336967120763
CZE_cluster_2521,CZE,50.53720956618838,15.73628365161635,0,42071.51788770972
CZE_cluster_2675,CZE,50.60893691674976,16.213447356191594,2,26933.17038643256
CZE_cluster_2553,CZE,50.41315928915696,16.151490931127583,0,17681.969205165587
CZE_cluster_2780,CZE,50.03503164080037,16.73900254846359,0,24825.085229406366
CZE_cluster_28,CZE,49.01374338120899,17.649719228336416,0,28521.646223418993
CZE_cluster_2826,CZE,49.90664029379944,13.653921578648855,2,35172.405646568004
CZE_cluster_2833,CZE,49.777284228847925,13.356035492987388,0,14145.28527429467
CZE_cluster_2824,CZE,49.85995606323504,13.755271868222588,0,27812.48667060059
CZE_cluster_2531,CZE,50.28989869053463,15.850201375094644,1,20340.507732597234
CZE_cluster_2835,CZE,49.85671622289039,13.609874468259155,0,30351.40243267279
CZE_cluster_2847,CZE,49.76283787752806,13.331020694472944,0,12434.700353145796
CZE_cluster_2900,CZE,49.7681858517637,13.438203442659562,0,15096.131200662101
CZE_cluster_2933,CZE,49.58336870046124,13.366767898868426,1,7923.957290015296
CZE_cluster_290,CZE,49.99222681766209,17.45002957370474,0,28521.508633370697
CZE_cluster_2953,CZE,49.3806013911885,13.495948013393573,1,14391.135906091102
CZE_cluster_2993,CZE,49.67909445962185,13.253618994118089,0,6458.201537553196
CZE_cluster_298,CZE,49.59859539210578,17.310164671743923,0,23230.325131135683
CZE_cluster_3016,CZE,49.4512756019479,14.355589240103413,0,19847.113100864844
CZE_cluster_3011,CZE,49.310486130300745,14.132221827365612,0,2660.2413781452524
CZE_cluster_3009,CZE,49.77626185307288,13.980291933239396,0,11389.677343576323
CZE_cluster_2831,CZE,49.67801174130171,13.257675408265571,0,6144.594850457017
CZE_cluster_3021,CZE,49.25212077576246,13.885734799404428,0,15344.444887806843
CZE_cluster_3049,CZE,49.14991374960203,14.170717621912276,0,11353.099752012771
CZE_cluster_3122,CZE,49.79013115350511,14.18718309908649,0,3692.9072204622253
CZE_cluster_3120,CZE,49.75710832708105,14.030113294602966,2,8706.934722520244
CZE_cluster_3123,CZE,49.37214180565069,14.3770594662859,0,15205.572508348916
CZE_cluster_3251,CZE,49.24148319110103,13.531421984989324,0,21913.452846015338
CZE_cluster_3210,CZE,49.23277281811865,13.910089138261585,0,17819.650971884643
CZE_cluster_3218,CZE,49.43402649046103,13.885437839133385,0,5735.615295665626
CZE_cluster_3297,CZE,49.31378669390104,14.129895072928395,0,2563.604534170858
CZE_cluster_3377,CZE,49.31296512960708,14.165813832381485,0,1605.3380462414623
CZE_cluster_3437,CZE,49.831821144689975,14.047551448582,0,7573.057733742517
CZE_cluster_3441,CZE,49.93260937255804,13.99540337053843,2,12291.021676935477
CZE_cluster_3471,CZE,49.946958020385786,14.027737274000966,0,11416.26814577184
CZE_cluster_3579,CZE,49.78071539728744,14.69716288803448,0,2181.2767780065924
CZE_cluster_3502,CZE,49.91245358362139,13.968858526129916,0,13095.416978598429
CZE_cluster_3583,CZE,49.73604454337324,14.697272417527422,1,6058.513869452115
CZE_cluster_3584,CZE,49.304590014719466,14.471589816375708,0,5351.633959065318
CZE_cluster_3212,CZE,49.48457300294503,14.093903650911638,1,18174.76099135836
CZE_cluster_3590,CZE,49.13643485371436,14.637593352546943,1,3670.999404297293
CZE_cluster_3599,CZE,49.36064841520735,14.595580295270643,2,9309.812850172782
CZE_cluster_3617,CZE,49.389487577465125,14.686718248997687,0,15751.27391833378
CZE_cluster_3641,CZE,49.44489520303437,14.59789785353022,1,18236.41603889426
CZE_cluster_3644,CZE,49.17624581562919,14.585504215332842,1,3458.3956554136394
CZE_cluster_3755,CZE,49.41554898631798,14.691384104442047,0,18189.43937119981
CZE_cluster_3827,CZE,49.05245152940967,14.433018893776882,0,7428.159974657776
CZE_cluster_3873,CZE,49.01323661281968,13.991144030446074,0,8702.152429829512
CZE_cluster_3853,CZE,49.02122445009976,13.99269307304024,0,7956.676906331851
CZE_cluster_3889,CZE,49.08299470340962,13.958124581953111,0,7971.00391402082
CZE_cluster_2689,CZE,50.60948101347741,16.214985702522178,2,26822.139690910954
CZE_cluster_3968,CZE,49.89844173872542,15.410622420954027,0,11264.08598861088
CZE_cluster_4026,CZE,49.90199188113498,15.457495595185671,1,10907.39534103731
CZE_cluster_3992,CZE,49.98569568905575,15.638917916437316,1,4663.071743368431
CZE_cluster_4045,CZE,49.95516608160238,15.512433493937165,1,5635.252260937729
CZE_cluster_4031,CZE,49.89335167256075,15.445090982622492,1,10055.51099872372
CZE_cluster_4084,CZE,49.74857539639456,15.109497348034385,0,9716.793841036579
CZE_cluster_4160,CZE,49.9781656752465,15.69888959547712,2,7535.0076324380625
CZE_cluster_4125,CZE,50.013917666918566,15.470676632259504,0,6583.016323096288
CZE_cluster_4180,CZE,50.06223372187236,15.695971308572965,0,9203.970522120917
CZE_cluster_4217,CZE,49.46823642098735,15.001132356336225,0,24803.12594844882
CZE_cluster_4224,CZE,49.470833686296366,14.998991317515104,0,24517.73647384837
CZE_cluster_4078,CZE,50.06706134894915,15.689650431206305,0,8502.915695427711
CZE_cluster_4293,CZE,49.446235647301286,15.10615239523776,2,28159.28922736072
CZE_cluster_4330,CZE,49.36702859871615,15.557375980701316,0,32865.79844350923
CZE_cluster_4298,CZE,49.46174991372758,14.996005064855016,0,25533.570639767866
CZE_cluster_428,CZE,49.90222418610801,16.662735734718158,2,21446.682748155526
CZE_cluster_4285,CZE,49.43037384019856,15.371618980186646,2,24075.77918612148
CZE_cluster_4353,CZE,49.184343594093605,15.463675507196898,0,33114.30766899068
CZE_cluster_4463,CZE,49.24368854598818,15.983112786129036,1,28923.672198474436
CZE_cluster_4492,CZE,49.13182692718569,15.900469551821883,1,18741.09802028669
CZE_cluster_4479,CZE,49.242022704168505,15.981568881247364,1,28752.374978335443
CZE_cluster_4453,CZE,49.512682051137695,16.24601679062246,0,27069.607633670024
CZE_cluster_4559,CZE,49.2046385470238,15.898294316753738,0,26146.571910012375
CZE_cluster_4523,CZE,49.215912511170906,15.982083207419809,2,25866.032801394274
CZE_cluster_4583,CZE,49.18435817888461,15.777908302877078,0,28639.79360274524
CZE_cluster_4344,CZE,49.2124709748524,16.147460134105934,0,26746.038272572565
CZE_cluster_461,CZE,49.71989249924151,17.276521452205934,0,12870.930684899397
CZE_cluster_46,CZE,49.12230779054916,17.766822393696177,0,30816.972124195592
CZE_cluster_4627,CZE,49.42033073016239,15.590050951461857,0,28370.78522669708
CZE_cluster_4638,CZE,49.04703114818032,15.818924908352232,0,16676.46214357409
CZE_cluster_4753,CZE,49.90837739465005,16.43998376206833,0,8645.024852013697
CZE_cluster_4798,CZE,49.999784681848375,15.951090621283514,0,3305.4141150782866
CZE_cluster_4819,CZE,49.71612896803634,15.661666591930258,0,17009.61908459667
CZE_cluster_4907,CZE,50.02449057916587,16.01733157105413,2,5467.075194683734
CZE_cluster_5012,CZE,49.97313608926896,16.361187020225003,0,13741.395989773488
CZE_cluster_4905,CZE,49.98364678661146,16.232158653926035,1,14987.29407890192
CZE_cluster_5135,CZE,49.3343259590953,16.439102371429545,0,9828.959194711415
CZE_cluster_4775,CZE,49.95527022911871,15.7766492360007,0,1762.0307596111427
CZE_cluster_5273,CZE,49.02987675540025,15.396408147725012,2,29831.087829970034
CZE_cluster_5311,CZE,48.76955061559984,14.957837017212915,0,35320.44292005283
CZE_cluster_4474,CZE,49.568262963841,15.928079992039754,0,38601.58986326161
CZE_cluster_5312,CZE,48.93618996279563,14.61232389851664,0,5030.847680884013
CZE_cluster_5321,CZE,48.8841106124115,15.697326569376084,1,26591.04741937627
CZE_cluster_5274,CZE,49.01270600960536,15.576796288749382,0,33003.45767598437
CZE_cluster_5339,CZE,48.77663243320111,14.2865075235318,0,12684.94229465638
CZE_cluster_5328,CZE,49.029399690889626,14.757482290852078,2,11191.147476796392
CZE_cluster_5276,CZE,49.082152471399546,15.42572019956594,0,30278.954115920595
CZE_cluster_5389,CZE,48.9501889524384,14.452952914774706,0,7197.40274387367
CZE_cluster_541,CZE,50.01371655536993,17.0352445507916,0,23022.26401543867
CZE_cluster_5490,CZE,48.98895442366221,14.525669812202512,0,5249.121536023918
CZE_cluster_5494,CZE,48.95147477078576,14.450819041116237,0,7355.963421780488
CZE_cluster_5526,CZE,48.826788030960834,14.309838795797424,0,10061.729211241935
CZE_cluster_5519,CZE,49.018006526260415,14.601531269214234,0,4220.6348862991035
CZE_cluster_5367,CZE,48.95267503184785,14.449732954772578,0,7497.90577740586
CZE_cluster_557,CZE,49.70631550684168,16.97338199626694,2,11638.188501591138
CZE_cluster_5562,CZE,49.98087180414011,13.494204549529812,2,38477.102904356296
CZE_cluster_5584,CZE,50.62130618335545,13.604671272088613,0,27479.26451631361
CZE_cluster_5570,CZE,50.55535871843311,13.796048630113066,0,20577.97334032077
CZE_cluster_5408,CZE,48.95659967577226,14.45985692300894,0,7879.520813198191
CZE_cluster_5612,CZE,50.60092042342213,13.653305338256278,0,24617.798035176937
CZE_cluster_5617,CZE,50.00543469798102,13.334407688221766,2,37624.9309891866
CZE_cluster_5623,CZE,50.32539618558158,13.563034976593828,0,11373.56395549197
CZE_cluster_5624,CZE,50.59104452473574,13.561453651559845,0,25224.468779078576
CZE_cluster_5627,CZE,50.45281811330052,13.623559200328032,2,9514.239271808174
CZE_cluster_5653,CZE,50.32193103574185,13.560413208322618,0,11742.300274049803
CZE_cluster_5645,CZE,50.66826216101934,13.83246139522898,0,33308.76579525077
CZE_cluster_5738,CZE,50.32467435666551,13.503417035450582,1,15127.065710456745
CZE_cluster_5815,CZE,50.36194588071567,13.702106178860936,0,2179.3486155947016
CZE_cluster_5900,CZE,50.669256049802485,13.967447777262612,0,25758.07244669678
CZE_cluster_5920,CZE,50.31939359284087,13.555473860658145,0,12191.024347534782
CZE_cluster_593,CZE,49.67948698619952,16.638641095924225,1,25934.660281188215
CZE_cluster_5633,CZE,50.32060475603529,13.565237408204863,0,11546.539619161536
CZE_cluster_6148,CZE,50.14563650775905,13.955901340814057,0,18181.134556863144
CZE_cluster_6074,CZE,49.89676975681108,13.382545389333623,0,27565.406929512665
CZE_cluster_5950,CZE,50.49943661068764,13.432005618634646,0,22923.1772420482
CZE_cluster_6163,CZE,50.123001250308455,12.534258210143951,0,33282.891102150264
CZE_cluster_5551,CZE,50.33371281005366,13.582755850366112,1,9695.850625790477
CZE_cluster_6175,CZE,50.084619493813456,12.409168574151266,0,43170.479999303156
CZE_cluster_5868,CZE,50.34776772757747,13.800097802717236,0,4486.30410403117
CZE_cluster_6198,CZE,50.23056476433073,12.74451631278978,0,15497.713987158078
CZE_cluster_6207,CZE,50.300657452450096,12.937188845474552,0,6448.066330835145
CZE_cluster_6212,CZE,50.23240064863503,12.698739988442204,0,18722.93818680498
CZE_cluster_6193,CZE,50.22466266076938,12.883522557306009,0,5965.372027204861
CZE_cluster_627,CZE,49.312114848871225,16.97607167589779,0,3236.106189095197
CZE_cluster_624,CZE,49.32617518807184,16.997184440355667,0,4821.128158385497
CZE_cluster_629,CZE,49.329311728590696,17.16804803522476,0,17152.765560199274
CZE_cluster_6177,CZE,49.961886270973366,12.690771661731931,0,33140.28292910688
CZE_cluster_625,CZE,49.41430441847623,16.636018548442802,0,7000.53668415925
CZE_cluster_6302,CZE,50.220928485092045,12.543336669839656,1,29846.03141363675
CZE_cluster_633,CZE,49.287704144843126,16.98504559257055,0,5047.50261102974
CZE_cluster_6206,CZE,50.49620520288837,13.032429861699908,0,28411.852283561464
CZE_cluster_638,CZE,49.37120677950981,16.65337001995295,0,6978.989840678952
CZE_cluster_6371,CZE,50.23365810622053,12.89233865733815,0,5056.599473373147
CZE_cluster_6341,CZE,50.33458733666611,12.503558187618705,0,25495.61600939454
CZE_cluster_643,CZE,49.30863230385206,16.97470548886352,0,3230.8442172265572
CZE_cluster_6412,CZE,50.64574095381511,14.725030993301544,2,2308.368760033041
CZE_cluster_6387,CZE,50.18310716694628,12.55334391505436,0,29826.28404463322
CZE_cluster_6434,CZE,50.531976883883296,14.288543421102212,1,3805.596512489697
CZE_cluster_6510,CZE,50.64993124460715,14.621799092389168,2,9016.814750647762
CZE_cluster_6511,CZE,50.64385953317936,14.724599721330272,2,2170.109641839802
CZE_cluster_6489,CZE,50.505273884023474,14.791599403537075,0,14198.968129532104
CZE_cluster_645,CZE,49.27086140564352,16.946069671954085,0,5249.536965319371
CZE_cluster_653,CZE,49.20422411633401,17.028988466285508,1,14394.28349231426
CZE_cluster_6561,CZE,50.63869613990069,14.727992280532078,0,1601.5746498500166
CZE_cluster_6668,CZE,50.51585746054948,14.045780052904933,0,13023.739931050333
CZE_cluster_6665,CZE,50.68044329840776,14.105557497609286,0,18415.737604388487
CZE_cluster_6569,CZE,50.4059682417399,14.92896571998843,0,19426.137639439905
CZE_cluster_6647,CZE,50.50515151753022,14.15508905384226,0,5586.9728719501045
CZE_cluster_6690,CZE,50.68043218770968,14.116532660204715,0,17863.19076451788
CZE_cluster_6700,CZE,50.34112979107961,14.898966411521684,2,15670.103237653731
CZE_cluster_6233,CZE,50.23520921376324,12.753182182925832,0,14838.15915170204
CZE_cluster_6725,CZE,50.42921680741866,14.245748157934589,0,5458.850873863448
CZE_cluster_6742,CZE,50.22553239195864,14.58483037209145,0,16262.055156582794
CZE_cluster_6671,CZE,50.508103128812,14.056706979700625,0,12012.189418980268
CZE_cluster_6772,CZE,50.231641772869146,14.066711162339764,0,20448.26475984864
CZE_cluster_6740,CZE,50.22240028675961,14.59512753547198,0,15502.420786193965
CZE_cluster_6837,CZE,50.294966266254455,14.475999621784878,0,8433.601752503162
CZE_cluster_6894,CZE,49.97528393540535,14.507688957371204,0,20557.335730331826
CZE_cluster_6944,CZE,50.42515800247705,14.28213006720754,0,7156.85894157876
CZE_cluster_6889,CZE,50.253435219217366,14.280735292473084,0,10944.44489864926
CZE_cluster_6870,CZE,50.22366628234556,14.0811442487032,0,19358.140685317685
CZE_cluster_7096,CZE,50.42659782301766,14.273827185479968,0,6671.392275265477
CZE_cluster_7205,CZE,50.30552706693247,15.077697162901124,1,7327.61843326578
CZE_cluster_7065,CZE,50.2218749239985,14.075484624120042,0,19312.051390220888
CZE_cluster_7206,CZE,50.1794661753744,15.54589182533818,1,6920.253436098826
CZE_cluster_7176,CZE,50.02251169855308,15.186797881181684,0,16370.320110716111
CZE_cluster_6856,CZE,50.26836752961699,14.337254081231611,0,7552.205910431197
CZE_cluster_7278,CZE,50.2196659745218,14.946347682685005,2,9577.678350786451
CZE_cluster_7265,CZE,50.10573893841468,14.990669132401358,0,17313.916310138415
CZE_cluster_7366,CZE,50.08374853330774,15.30672079768884,1,6854.708821329665
CZE_cluster_7468,CZE,50.27511798642622,15.657210503157152,2,14127.013547397566
CZE_cluster_7510,CZE,50.54109321985717,15.73088134217283,0,42647.91318570041
CZE_cluster_7507,CZE,50.538324698683695,15.447402278916885,1,25961.568781541588
CZE_cluster_7522,CZE,50.37001131518817,15.62681713017576,0,24554.572156831175
CZE_cluster_7518,CZE,50.6006624086404,15.14553751668583,0,3655.630623152822
CZE_cluster_7643,CZE,50.315105777934576,15.732608230310198,2,19818.54947493697
CZE_cluster_759,CZE,49.06412671458175,17.48504753148216,0,21515.586537828247
CZE_cluster_763,CZE,49.30050687362996,17.37442990638703,0,30065.878401783553
CZE_cluster_7662,CZE,50.587882150381176,15.141882576673062,0,4422.64758202458
CZE_cluster_7695,CZE,50.65966515919773,15.598301128094665,0,35282.463767747126
CZE_cluster_772,CZE,49.08614908014941,17.443013563966897,1,18693.959155483324
CZE_cluster_773,CZE,49.30295270836597,17.376115402367454,0,30363.7867564148
CZE_cluster_770,CZE,49.36197043734792,17.36919891007656,0,32056.87061824542
CZE_cluster_7748,CZE,49.43512406534869,12.943825853743142,0,26747.958298185822
CZE_cluster_7734,CZE,49.392889112725214,13.039309359833544,0,18969.906977207655
CZE_cluster_775,CZE,49.34738321455741,17.300930209946912,0,26935.61899574658
CZE_cluster_7802,CZE,49.56089374473903,13.056881515183186,1,22224.032561890886
CZE_cluster_7739,CZE,49.70849358438383,13.166097453156643,0,13550.679801959235
CZE_cluster_779,CZE,49.13525776842632,17.492883126614565,0,23654.13322644286
CZE_cluster_7913,CZE,49.82926467740822,12.576624252664322,0,17106.480253601658
CZE_cluster_7826,CZE,49.52688998343756,12.806661889607378,2,24199.751387316126
CZE_cluster_7963,CZE,49.80071441945556,12.65140158682614,0,15321.310060810169
CZE_cluster_8004,CZE,50.675573425899536,14.05470015439198,0,20834.44831077562
CZE_cluster_7959,CZE,49.79991577917698,12.645974559941417,0,15079.940751884807
CZE_cluster_795,CZE,49.22539845269517,17.77833228986051,1,38242.82672234744
CZE_cluster_8035,CZE,50.78185701076809,14.211425264834247,0,24701.135523232057
CZE_cluster_8031,CZE,50.781420290700666,14.145052123087051,0,26159.188342610774
CZE_cluster_814,CZE,49.269512939134906,17.41606105940589,2,28651.080576152355
CZE_cluster_840,CZE,49.07671192123118,17.480322854544067,0,21256.069524584862
CZE_cluster_873,CZE,49.07763966559224,17.439091350025272,0,18279.70487290758
CZE_cluster_8050,CZE,50.122806354593145,12.34486730825845,0,41783.274879492856
CZE_cluster_7877,CZE,49.29562797405174,13.139957693763296,0,13945.100307961658
CZE_cluster_844,CZE,49.06095577636791,17.484938188595624,0,21500.9853217742
CZE_cluster_8055,CZE,50.126211940151656,12.33972520590935,0,41348.26050414157
CZE_cluster_893,CZE,49.23433437595626,17.68749218245107,0,41136.55144308654
CZE_cluster_896,CZE,49.076619127580585,17.44771317518789,0,18891.459075058752
CZE_cluster_878,CZE,49.077716328165394,17.433130422542966,0,17849.46860426589
CZE_cluster_9,CZE,48.909750763399806,17.698801703625417,0,19964.029644579576
CZE_cluster_900,CZE,49.320673585726894,17.48021184890263,0,35984.59674432755
CZE_cluster_994,CZE,49.60994514694403,17.542659424598984,0,31277.294765067603
CZE_cluster_8122,CZE,49.89854945224107,18.178441714083853,0,12924.38711337818
CZE_cluster_8330,CZE,49.80520292550972,18.48101739819924,0,17883.264190672253
CZE_cluster_8279,CZE,49.30566268683891,18.05292782508157,0,26756.908485703916
CZE_cluster_8354,CZE,49.85662313349621,18.413815525143534,0,24331.946979869997
CZE_cluster_8374,CZE,49.70049255655665,18.34541043971917,0,19417.333098626186
CZE_cluster_8387,CZE,49.70121880675279,18.34448631422737,0,19334.2930721213
CZE_cluster_8343,CZE,49.64049023360073,18.35232144080336,2,22355.530805290004
CZE_cluster_8434,CZE,49.65439638640599,18.64750269269438,0,13580.511923687603
CZE_cluster_7545,CZE,50.63867968381557,15.266325620208352,0,11790.413786384568
AFG_cluster_127,AFG,31.67670047628097,65.78528480464024,0,16459.613956671776
AFG_cluster_54,AFG,32.35443343226109,62.0645109080703,0,205009.46237093172
AFG_cluster_15,AFG,34.21609130703739,62.23948750437414,0,22324.597373207736
AFG_cluster_388,AFG,34.14172175247045,71.08029708446337,0,193160.6009485532
AFG_cluster_150,AFG,30.714880217979022,64.11572969284498,0,101240.03064650111
AFG_cluster_502,AFG,37.20486029736961,67.40609594135047,0,55773.905401103504
AFG_cluster_612,AFG,33.499503505018765,68.51298640268493,0,111322.16472469385
IRL_cluster_191,IRL,53.98670579859723,-7.333891926550843,0,12158.800203810168
IRL_cluster_257,IRL,53.90617612796425,-6.78680791956713,0,17882.371910085705
IRL_cluster_325,IRL,53.79821926502581,-9.515312951619231,0,43704.55180987252
IRL_cluster_33,IRL,52.44316394886015,-9.481299077618573,0,27573.81556042118
IRL_cluster_379,IRL,53.90301229911497,-8.576671689687577,0,24338.67629363702
AFG_cluster_460,AFG,34.435187480609606,69.18890702045692,0,37183.73837138275
IRL_cluster_427,IRL,52.37091833379536,-7.705571024893039,0,23418.56363954913
IRL_cluster_345,IRL,54.12361190710989,-9.15991941526633,0,45373.53125325727
IRL_cluster_416,IRL,52.23454676983349,-7.13782774243553,0,26194.147312290268
IRL_cluster_460,IRL,52.506103274059214,-7.883821013431419,0,37528.11707335445
IRL_cluster_486,IRL,52.54152730411548,-7.3917645605058,0,50213.655209605095
IRL_cluster_603,IRL,51.891296461626766,-8.599425672970279,0,45126.02848254156
IRL_cluster_604,IRL,52.131235559103146,-8.626183647493301,0,24078.700762812794
IRL_cluster_722,IRL,52.47314026701501,-8.168752822823084,0,26021.59864294037
IRL_cluster_763,IRL,53.52253262389286,-7.30132114787736,0,43391.157362282116
IRL_cluster_734,IRL,53.13922339007263,-7.05044985510301,0,30478.956989315786
IRL_cluster_732,IRL,53.14735898527173,-7.057527177263458,0,29975.017533027047
IRL_cluster_768,IRL,53.3470675340281,-7.056706873119575,0,36975.40395707617
IRL_cluster_574,IRL,51.92486370239168,-8.487744779476404,0,39213.06713174165
IRL_cluster_793,IRL,53.28953827435165,-8.984771464387244,0,52752.249123244765
IRL_cluster_795,IRL,53.0558707552627,-8.818362355269262,0,73523.27719548393
IRL_cluster_810,IRL,52.86353460393856,-8.220427419410926,0,57519.332676226084
IRL_cluster_870,IRL,53.41864382126165,-7.947827675025078,0,41679.59314846126
IRL_cluster_874,IRL,52.95393882842987,-7.801312780415335,0,29541.78167795133
IRL_cluster_926,IRL,53.3399044148194,-7.621033286090927,0,22217.04222081909
IRL_cluster_922,IRL,53.34163105892365,-7.611607308608188,0,22192.824870357304
IRL_cluster_884,IRL,52.92274620436692,-7.340752196628625,0,27821.271640671683
IRL_cluster_934,IRL,53.89774613198915,-6.39307720922594,0,41897.57919090148
IRL_cluster_973,IRL,53.995067184194525,-6.415809505893399,0,38817.70466966504
DOM_cluster_1072,DOM,18.429778592054667,-69.67624013896275,0,264135.6684346205
DOM_cluster_526,DOM,18.616437039091,-68.39911744821875,0,240667.238251101
DOM_cluster_236,DOM,19.420243964430945,-70.73336721214322,0,173247.67564353553
DOM_cluster_544,DOM,18.341433721824128,-68.81819231968701,0,277388.29117581603
MRT_cluster_12,MRT,16.515178592168024,-15.81656542289525,0,7054.01880167181
MRT_cluster_31,MRT,18.161623689520173,-15.99127834128836,0,34218.60836431771
MRT_cluster_59,MRT,20.825022247700584,-17.0403377905387,0,342398.27626875497
TUR_cluster_11,TUR,41.22178725158639,27.10211362504355,0,36842.618758429155
TUR_cluster_1630,TUR,40.28509572515199,29.615902127873262,0,40099.57522869625
TUR_cluster_1534,TUR,39.445375619433456,29.961151845347995,0,45059.45893799654
TUR_cluster_1429,TUR,41.728255031622176,27.25925805835364,0,28636.278803385438
TUR_cluster_1852,TUR,36.29049671199128,29.3263980473712,0,5952.823919590587
TUR_cluster_1911,TUR,36.31889189513086,29.302592809792536,0,6148.510648238927
TUR_cluster_1951,TUR,36.29210248650444,29.326396365358743,0,5818.1547802348405
TUR_cluster_2309,TUR,38.50693735163031,27.55216068855212,0,5359.755221804377
TUR_cluster_1902,TUR,36.62540804435645,29.22639959085859,0,35002.3685050593
TUR_cluster_28,TUR,41.143489519696026,27.862409446702745,0,55893.87661408552
TUR_cluster_2833,TUR,37.40217954558799,27.23081230924395,0,78242.26764929149
TUR_cluster_2891,TUR,36.63215861544057,29.17050105265293,0,32749.410726770577
TUR_cluster_2896,TUR,36.91226406075794,28.708854440046384,0,20348.82095797613
TUR_cluster_2927,TUR,36.63163091119584,29.21312660792252,0,36115.18057596661
TUR_cluster_2969,TUR,36.69178931945277,29.08835570598648,0,23385.812296792137
TUR_cluster_1809,TUR,36.28958349047373,29.351725878410583,0,4898.068311368838
TUR_cluster_1871,TUR,36.356017363472894,29.307789073535883,0,6174.977461143382
TUR_cluster_3001,TUR,36.63704631918164,29.194644880852263,0,34464.54851373398
TUR_cluster_2957,TUR,36.69187789942083,29.082537340791244,0,22895.35970405065
TUR_cluster_2989,TUR,36.836202915859545,28.736229404075527,0,12400.820718698898
TUR_cluster_3288,TUR,38.90562774085161,27.81124311915533,0,5931.336638868905
TUR_cluster_312,TUR,41.11382077734194,28.946501846148035,0,109673.38641940177
TUR_cluster_2985,TUR,36.63013382914433,29.166794276115883,0,32555.870384506274
TUR_cluster_340,TUR,41.08865596773661,28.722479019517657,0,99551.51190271508
TUR_cluster_333,TUR,41.08400989331805,28.719454424878293,0,98980.3299964251
TUR_cluster_3434,TUR,39.12749561361176,26.88652892998575,0,79191.4622694792
TUR_cluster_367,TUR,41.08910505977911,28.721211345084782,0,99563.86964697245
TUR_cluster_3404,TUR,39.26746410197515,26.64244669691733,0,99020.87973334103
TUR_cluster_355,TUR,41.10377329123797,28.948106928679525,0,108753.3871549994
TUR_cluster_378,TUR,40.630687035110206,29.269806113429176,0,87409.93618062303
TUR_cluster_3789,TUR,38.69764008415335,29.38092617582735,0,61745.09138421025
TUR_cluster_3968,TUR,38.62778918870604,26.766220637451053,0,29908.93564755386
TUR_cluster_4079,TUR,38.23011129462957,27.15468327895785,0,1363.399511580069
TUR_cluster_3049,TUR,39.49024259619179,26.986181707109303,0,72660.87566005343
TUR_cluster_4221,TUR,37.0040190229855,29.920975832861824,0,83690.529049839
TUR_cluster_4242,TUR,36.96768409236023,29.801117121052155,0,79610.423228222
TUR_cluster_4372,TUR,36.27792024844774,29.977321216652328,0,53845.832279531474
TUR_cluster_10018,TUR,36.655195225145945,31.858157343785937,0,5952.4116955607215
TUR_cluster_10102,TUR,36.62087060019888,31.94066673640319,0,2908.5864092584816
TUR_cluster_10128,TUR,36.22392147600464,32.335301483141066,0,55452.81555603531
TUR_cluster_10160,TUR,36.25566731895029,32.335823289597975,0,52957.73178049948
TUR_cluster_10174,TUR,36.11411888407739,32.96964150222121,0,105682.22689089109
TUR_cluster_10240,TUR,36.25898926156927,32.29149862728771,0,49922.437726975826
TUR_cluster_10159,TUR,36.22400744809728,32.383213519301385,0,58459.17986206071
TUR_cluster_10344,TUR,36.29909192685858,32.31171828192753,0,48074.986381579074
TUR_cluster_10092,TUR,36.65733498261351,31.86596345356504,0,5625.083971148055
TUR_cluster_10352,TUR,36.09386198487628,32.88250454134208,0,102841.06720104539
TUR_cluster_10531,TUR,36.281487231977295,30.35629188862769,0,87622.48459231202
TUR_cluster_10524,TUR,36.33374301078232,30.449286432165323,0,78398.3765093579
TUR_cluster_10582,TUR,36.28317600692823,30.04639234138725,0,59932.566771631835
TUR_cluster_10045,TUR,36.62352505871202,31.92442827060205,0,1516.9500549992445
TUR_cluster_10658,TUR,36.30959958582165,30.31586938375638,0,83826.38666550792
TUR_cluster_10845,TUR,37.9343640519196,32.44081911890365,0,56258.19773239088
TUR_cluster_10842,TUR,37.93571442949993,32.44135180278039,0,56375.87464575942
TUR_cluster_11222,TUR,36.51117061770264,30.536974597721503,0,58127.87381860054
TUR_cluster_11272,TUR,36.89316309059176,30.563379776935445,0,27732.131491344728
TUR_cluster_4419,TUR,41.448577531693374,33.76454638597847,0,103486.0434218395
TUR_cluster_4639,TUR,40.88453917308576,35.45166080963923,0,39357.39267270733
TUR_cluster_5136,TUR,38.03402634348768,34.781873165986006,0,117645.30448682676
TUR_cluster_10382,TUR,36.111069888130224,32.96910581251675,0,105357.0991370499
TUR_cluster_4928,TUR,40.34979965821665,33.98911136132938,0,39224.22284536199
TUR_cluster_5235,TUR,38.25087964010401,34.75326502222962,0,141883.78684624514
TUR_cluster_5440,TUR,37.0182430644277,35.34290430030065,0,33544.077111151324
TUR_cluster_5288,TUR,38.77023221963193,35.413187449540025,0,197414.23525220592
TUR_cluster_5192,TUR,38.72545082590149,34.82869974749417,0,193917.55075199358
TUR_cluster_6384,TUR,39.886494286200254,30.416505886685524,0,21716.11352371372
TUR_cluster_534,TUR,40.42309522569219,26.68664653721131,0,35685.28471719084
TUR_cluster_7472,TUR,39.88413677439228,32.736157744814875,0,6632.294678363244
TUR_cluster_7541,TUR,39.73478563443167,32.36061616927616,0,35520.21728145102
TUR_cluster_7526,TUR,39.96753566864528,32.68755111535741,0,4029.478927678711
TUR_cluster_7599,TUR,39.69708331977144,32.86283444874458,0,29997.588175321285
TUR_cluster_7635,TUR,39.91326404267623,32.70462191253326,0,2428.8240792459687
TUR_cluster_7614,TUR,39.81373853899371,32.56509752189023,0,16790.61919216366
TUR_cluster_8389,TUR,40.85961977644231,30.40979610062229,0,38692.645933625645
TUR_cluster_8844,TUR,41.02015627395086,30.312638496137165,0,54750.46664775674
TUR_cluster_5897,TUR,39.171885416526784,34.20273460906734,0,154864.0484089603
TUR_cluster_9236,TUR,36.97324196755808,30.952403985489887,0,1732.0140149031984
TUR_cluster_9238,TUR,36.93454423570834,30.9118929314143,0,4147.821808806186
TUR_cluster_9246,TUR,36.91893852304221,30.943475541118826,0,3441.431509529012
TUR_cluster_9273,TUR,36.917928688462695,30.98043871903427,0,2143.2346234087095
TUR_cluster_9259,TUR,36.93324571373535,30.955752083263075,0,4076.7618874329432
TUR_cluster_9291,TUR,36.928295322966,30.972011157139608,0,3209.561362056378
TUR_cluster_9327,TUR,36.91817580278742,30.90182031112211,0,6167.003359155927
TUR_cluster_9332,TUR,36.94412781741963,30.95560927444635,0,3784.3844518660744
TUR_cluster_9314,TUR,36.89109643959078,31.171482961612103,0,3656.584632958534
TUR_cluster_9362,TUR,36.92133105096165,30.935991684683124,0,4131.330781864427
TUR_cluster_9334,TUR,36.92985249775194,30.91090397436011,0,4669.784318549046
TUR_cluster_9283,TUR,36.89240839824108,31.16836970371368,0,3412.571306257507
TUR_cluster_9358,TUR,36.90142809940702,31.130456350517782,0,3016.929363380025
TUR_cluster_9434,TUR,36.92149059880163,30.967318674875937,0,2511.8904852886913
TUR_cluster_9426,TUR,36.87549168416534,30.9527336312076,0,3244.9389037586197
TUR_cluster_9429,TUR,36.91043813208434,30.90779219326749,0,5973.200162986049
TUR_cluster_9420,TUR,36.92516064469222,31.08119818045252,0,6497.15637261589
TUR_cluster_9445,TUR,36.93121106391897,31.06622360139936,0,7894.436672549597
TUR_cluster_9471,TUR,36.93297105462245,31.03813818529631,0,6845.110681251077
TUR_cluster_9481,TUR,36.92467199773002,31.06634398235101,0,7811.594216738706
TUR_cluster_9492,TUR,36.92920826182041,31.06650974104212,0,7840.010151530091
TUR_cluster_9506,TUR,36.90340155092809,30.958436945671743,0,1413.7968277735347
TUR_cluster_7347,TUR,39.57071428954407,32.168021055915325,0,59900.31144031658
TUR_cluster_9531,TUR,36.930989196637,31.03810922786252,0,6725.5441511173685
TUR_cluster_9442,TUR,36.905838094679005,30.98999381742136,0,1625.0103727696257
TUR_cluster_9587,TUR,36.87736607857146,30.86928702604439,0,9592.62238114552
TUR_cluster_9404,TUR,36.94857760012102,30.96092752911789,0,3786.250173274258
TUR_cluster_9585,TUR,36.97861177093178,30.841140929853744,0,2357.2875442038785
TUR_cluster_9598,TUR,36.99174731781736,30.85867123661596,0,2935.6193033521563
TUR_cluster_9603,TUR,36.95953708405997,30.894652766635765,0,2619.0601324351887
TUR_cluster_9612,TUR,36.921675117545774,30.82662263581288,0,5795.88460211511
TUR_cluster_9620,TUR,36.88778339439183,30.81650565747431,0,9537.844547958219
TUR_cluster_9593,TUR,36.9158412346892,30.819297105558213,0,6696.827116424296
TUR_cluster_9614,TUR,36.99706246600851,30.858984056143964,0,3521.9749200220463
TUR_cluster_9610,TUR,36.958135411381846,30.89336922286711,0,2809.4682223099626
TUR_cluster_9634,TUR,36.87154406271423,30.874763421396743,0,9318.190254480232
TUR_cluster_9624,TUR,36.91550301292826,30.86909114725509,0,5592.943851934138
TUR_cluster_9658,TUR,36.98403357751374,30.86639019037262,0,2100.241669466304
TUR_cluster_9637,TUR,36.99614820904142,30.87033044518888,0,3490.214328199594
TUR_cluster_9665,TUR,36.89945774963117,30.82486369005513,0,8048.042783026613
TUR_cluster_9627,TUR,36.87780851961914,30.8705383620632,0,9472.441567665612
TUR_cluster_9500,TUR,36.90880577847321,31.063170691638373,0,8036.02360402853
TUR_cluster_9683,TUR,36.99456593515954,30.846298227440613,0,3521.2532822742096
TUR_cluster_9686,TUR,36.9881149842254,30.87274795559384,0,2692.9687651954996
TUR_cluster_9700,TUR,36.99161365554624,31.085634658671143,0,9941.549890894154
TUR_cluster_9695,TUR,36.99244554528991,30.902749395014943,0,1381.02774572872
TUR_cluster_9716,TUR,37.06360611982534,30.888934325819736,0,1647.865524358239
TUR_cluster_9712,TUR,37.0409902634792,30.95991716968465,0,2127.504896481253
TUR_cluster_9742,TUR,36.989744501147584,31.04392734435256,0,7234.600392728816
TUR_cluster_9771,TUR,37.0486044086863,30.899202038672275,0,2613.333593571217
TUR_cluster_9825,TUR,37.00775916462066,30.868044313936217,0,3984.208548909272
TUR_cluster_9811,TUR,37.007114696939766,30.87687367704313,0,3375.579086526067
TUR_cluster_9866,TUR,37.01258967910399,30.87880141269264,0,2888.6463207828488
TUR_cluster_9817,TUR,37.08403152448356,30.823101439334604,0,7088.744706215123
TUR_cluster_9834,TUR,37.03029421767503,30.823671942822063,0,7391.364779095583
TUR_cluster_9879,TUR,37.007398371021885,30.870693338486205,0,3804.7470964409395
TUR_cluster_9832,TUR,37.03099172437157,30.806613485927976,0,8788.349230340575
TUR_cluster_11326,TUR,40.532662940082055,41.98287077904254,0,84338.68030072664
TUR_cluster_11342,TUR,39.90466272094234,41.22837998468378,0,13320.540099173579
TUR_cluster_9957,TUR,37.03196072597181,30.88037674138677,0,2436.7503200365786
TUR_cluster_11529,TUR,38.46355644583718,40.63492242124324,0,61202.69240045986
TUR_cluster_11580,TUR,37.31702002223034,41.762060998365655,0,66409.53606750352
TUR_cluster_11341,TUR,39.899203256437794,41.30825702075175,0,7057.993442746864
TUR_cluster_11934,TUR,38.03340149401324,39.99320976375164,0,4889.783718404314
TUR_cluster_12016,TUR,41.51504317489956,36.11129909969323,0,32319.25372836321
TUR_cluster_12043,TUR,41.51747808505564,36.1113019951198,0,32229.34631431196
TUR_cluster_12145,TUR,38.37607732194562,38.28172823072568,0,152085.32587192644
TUR_cluster_11900,TUR,37.91258495118943,40.1674567546831,0,21049.151187579937
TUR_cluster_12341,TUR,39.717629366693366,39.45920215869072,0,165819.21135390838
TUR_cluster_12457,TUR,41.1129262951804,37.31003725253306,0,103376.05228191122
TUR_cluster_12651,TUR,36.23490723481173,36.35342020496204,0,91903.78554561717
TUR_cluster_12827,TUR,37.783091143340535,39.30126180275092,0,62301.710945319435
TUR_cluster_12913,TUR,37.44106243089136,37.01373798260718,0,48511.06648395663
TUR_cluster_12649,TUR,36.23470787080444,36.35026434521092,0,91998.53812252577
TUR_cluster_12971,TUR,37.13418089396285,36.2076149007202,0,5432.317473978099
TUR_cluster_12941,TUR,37.44226856081536,37.01903871395879,0,48329.61826733242
TUR_cluster_13010,TUR,37.1354352847806,36.20760598652106,0,5539.860946530134
TUR_cluster_13044,TUR,37.59882795814901,36.92894211952765,0,67108.17499651715
TUR_cluster_13157,TUR,40.32366685730402,42.58473678980285,0,111330.14090578265
TUR_cluster_11853,TUR,37.28583289252952,40.695148079310336,0,74827.0189410462
TUR_cluster_13186,TUR,40.62038608708757,43.0902025168275,0,100956.87752822896
TUR_cluster_13013,TUR,36.73490827063619,37.09655775346791,0,25535.617728680958
TUR_cluster_13152,TUR,40.33010834477473,42.60284345167184,0,113022.7303017178
TKM_cluster_3,TKM,39.98093478918396,52.86232004809633,0,221153.553011117
TKM_cluster_7,TKM,40.00631945066384,53.0561003348173,0,236823.91893629346
TKM_cluster_250,TKM,37.99204282849682,58.31518825549722,0,2950.1062734546495
TKM_cluster_249,TKM,37.98692471192865,58.32466508188207,0,2656.3096791170915
TKM_cluster_255,TKM,37.99620530175951,58.39471520253753,0,8111.234745735877
TKM_cluster_258,TKM,38.05733260329179,58.05546469758436,0,15268.069069954423
TKM_cluster_260,TKM,38.06042368437195,58.14834832208243,0,16736.937450351554
TKM_cluster_264,TKM,37.89007861894601,58.34042603685689,0,6508.7823678503555
TKM_cluster_301,TKM,38.055665283293216,58.14429007210564,0,17056.575924604425
TKM_cluster_253,TKM,37.98903662336895,58.32083027102436,0,2738.928994661434
TKM_cluster_289,TKM,38.05326629034064,58.14335157219739,0,17264.341867973788
TKM_cluster_306,TKM,38.0556285164494,58.138498723446304,0,16851.570233761624
TKM_cluster_295,TKM,38.05494947028735,58.13974480849026,0,16964.491549657316
TKM_cluster_349,TKM,38.05237069846262,58.1380742827948,0,17169.814007551508
TKM_cluster_305,TKM,38.061741895598495,58.14990370815334,0,16669.066084289632
TKM_cluster_348,TKM,38.05906765227103,58.14773805559554,0,16847.5200506346
TKM_cluster_408,TKM,38.04991059623215,58.041158643530586,0,16182.57906099913
TKM_cluster_384,TKM,38.04903626718318,58.0424114517974,0,16267.579146727372
TKM_cluster_674,TKM,39.48679581795682,62.910112045390576,0,231185.72839956408
TKM_cluster_793,TKM,37.619297118928976,61.976511697608565,0,130908.23772156164
ERI_cluster_18,ERI,15.082869794814046,38.839071119650406,0,35417.187900740195
TKM_cluster_792,TKM,37.63020084572915,62.21776200046736,0,151935.7379078013
CAN_cluster_590,Canada,49.150272080452254,-122.6261890010382,0,7198.413668386701
CAN_cluster_588,Canada,49.05520615651478,-122.7049129333088,0,7084.136437476817
CAN_cluster_645,Canada,49.73718312267042,-123.13764371509546,0,80614.2281345654
CAN_cluster_699,Canada,51.213640673267015,-114.46604948943263,0,344492.28777561674
CAN_cluster_716,Canada,51.08208943304163,-114.34234716539838,0,329586.64984723204
CAN_cluster_765,Canada,49.91762371084749,-119.39966870449096,0,51989.13741144641
CAN_cluster_851,Canada,50.87610431618532,-119.4687868363946,0,57213.485832452236
CAN_cluster_1249,Canada,50.9616574902404,-113.9074100851677,0,317114.64766079263
CAN_cluster_996,Canada,62.44409520106526,-114.41408101704052,0,1373616.813552404
CAN_cluster_1093,Canada,53.271428423425824,-109.98091374612724,0,646063.9473033184
CAN_cluster_721,Canada,50.99630789926449,-118.17464773969571,0,103295.16849152691
CAN_cluster_1489,Canada,51.27178379775648,-113.93626311469993,0,351356.40112403303
CAN_cluster_1468,Canada,51.164834556070105,-113.9499544313897,0,339427.07282765914
CAN_cluster_1652,Canada,53.429360115486254,-113.47836593461456,0,522151.4195324078
CAN_cluster_1695,Canada,53.51322976212427,-113.32841419277489,0,535718.1111065339
CAN_cluster_1745,Canada,52.23844786902437,-113.75370100347084,0,435450.6385510595
CAN_cluster_1775,Canada,52.839151246867495,-113.44834021263036,0,486024.0686191469
CAN_cluster_1865,Canada,50.04585850826979,-110.7199095572713,0,283808.8457765484
CAN_cluster_1920,Canada,50.27256263669877,-111.17234707169337,0,306930.6238473923
CAN_cluster_68,Canada,50.65462387927213,-120.40053532115218,0,85776.62480817342
CAN_cluster_1741,Canada,52.28209971712188,-113.75587568207692,0,437482.278927508
CAN_cluster_1957,Canada,52.09687910518896,-106.67769599564224,0,488051.5977849323
CAN_cluster_2961,Canada,42.25742332807085,-82.96328173006795,0,16676.19432344492
CAN_cluster_4009,Canada,44.60698511885827,-79.37092007843947,0,136650.54788655718
CAN_cluster_3270,Canada,43.153130166762,-80.76456602877333,0,60734.35905545191
CAN_cluster_4066,Canada,43.96285618816484,-78.89200321193111,0,105202.25812907485
CAN_cluster_4276,Canada,44.22781620676415,-79.46596763958107,0,101133.2828754837
CAN_cluster_4173,Canada,44.35825653039022,-78.2925801347481,0,149321.1515699713
CAN_cluster_4165,Canada,44.35776868476718,-78.28584896808927,0,149076.3098003603
CAN_cluster_4338,Canada,44.20032320400088,-79.46019926808107,0,99573.31497366044
CAN_cluster_4043,Canada,43.96253537722896,-79.26724230928266,0,100129.38917465082
CAN_cluster_4540,Canada,43.972731123993135,-79.42468605729083,0,88880.35068981448
CAN_cluster_4569,Canada,43.675979721076494,-79.83991440373282,0,47935.88672086759
CAN_cluster_4919,Canada,43.874600034358096,-79.09442364550577,0,98553.31697822701
CAN_cluster_5125,Canada,45.47369395476007,-75.74284348045938,0,126259.21745573104
CAN_cluster_4931,Canada,44.75413602108628,-79.78181010526622,0,133974.07164714107
CAN_cluster_5287,Canada,44.263378596904566,-76.58757826941256,0,31516.310422365565
CAN_cluster_5008,Canada,45.430958602806456,-75.56030738093067,0,119718.42835765288
CAN_cluster_5362,Canada,45.34188104631844,-72.05239783787,0,62202.85638881958
CAN_cluster_5980,Canada,45.41415513583533,-72.76579407858632,0,14155.35659759481
CAN_cluster_6406,Canada,49.22098763779304,-68.15194580437482,0,495947.4779522245
CAN_cluster_5874,Canada,45.37175853164955,-73.50997464345426,0,58554.23586917744
CAN_cluster_6628,Canada,45.94291729326141,-66.69381157270439,0,209864.15036847795
CAN_cluster_7430,Canada,45.092663610564045,-64.36097897431053,0,352123.1483953232
CAN_cluster_7426,Canada,45.08660050387751,-64.47453075085437,0,343183.56478715123
CAN_cluster_4861,Canada,43.17588569529433,-79.29096430240746,0,40111.09344234459
CAN_cluster_7138,Canada,46.76975559518136,-71.13837161608664,0,187247.9558748271
CAN_cluster_7576,Canada,44.64510841554428,-63.66601602085634,0,406989.8026331645
CAN_cluster_7615,Canada,46.14788443016314,-60.22306194327139,0,686532.7711726817
CAN_cluster_581,Canada,49.05616233355629,-122.70398119327189,0,7210.185600645276
CAN_cluster_7571,Canada,44.64675317957061,-63.66760287914444,0,406851.9141651685
CAN_cluster_1643,Canada,53.68047229695104,-113.23672091351104,0,552074.9451165056
CAN_cluster_2949,Canada,42.25678890478781,-83.07955011922937,0,14803.140321146248
NAM_cluster_49,NAM,-21.85174400279444,15.896046443776369,0,12274.435787416596
NAM_cluster_167,NAM,-19.59564015955497,18.122680927201248,0,320765.2855791162
TLS_cluster_14,TLS,-9.300356211560464,125.28309276354165,0,72015.88131802775
BHR_cluster_54,BHR,26.09540100509134,50.53674733499237,0,79126.49781522703
BHR_cluster_68,BHR,26.10529918210237,50.53250695469236,0,79887.19115063114
NAM_cluster_42,NAM,-17.406987593109683,15.887767904568404,0,41371.60016626022
EGY_cluster_372,EGY,30.739732162180243,29.243245579164885,0,4551.207887914984
EGY_cluster_375,EGY,30.759712121639808,29.293711199615792,0,7992.902983069572
EGY_cluster_374,EGY,30.728470550497608,29.236347924160608,0,3460.8624616933516
EGY_cluster_376,EGY,30.75070024166657,29.2806153123786,0,6496.011651564176
EGY_cluster_378,EGY,30.71606139128201,29.240224742198773,0,2033.561993930514
EGY_cluster_377,EGY,30.725860487087346,29.22014543242816,0,3721.896022762873
EGY_cluster_381,EGY,30.755979401742984,29.28190365946672,0,7074.269211588787
EGY_cluster_382,EGY,30.761821774215008,29.28612116078752,0,7835.885529275119
EGY_cluster_383,EGY,30.75716391566683,29.2891385064284,0,7522.272287288601
EGY_cluster_388,EGY,30.772803490342373,28.913345710812933,0,32357.812083582943
EGY_cluster_390,EGY,30.726850562300893,29.248292501468,0,3088.2159198341183
EGY_cluster_393,EGY,30.74031407809557,29.24172018786741,0,4634.495021901859
EGY_cluster_391,EGY,30.87511277498739,28.88378680580987,0,39382.655372927635
EGY_cluster_396,EGY,30.73868028418688,29.237249795706138,0,4539.394018331468
EGY_cluster_387,EGY,30.71898351322785,29.23372956628325,0,2500.5734280655097
EGY_cluster_397,EGY,30.74826900688796,29.24319560402333,0,5495.571086326134
EGY_cluster_398,EGY,30.73703828397741,29.232462434612,0,4475.243246031045
EGY_cluster_400,EGY,30.72287981784478,29.21836055626941,0,3540.7316858349495
EGY_cluster_406,EGY,30.7474581943802,29.25367488191288,0,5399.517241098126
EGY_cluster_407,EGY,30.719730346681622,29.22694238520953,0,2809.8632018170847
EGY_cluster_408,EGY,30.72763982782845,29.233948003445967,0,3431.4621398599706
EGY_cluster_423,EGY,30.741473659905072,29.243966253134964,0,4736.3822991583
EGY_cluster_405,EGY,30.72415940589605,29.235900585119047,0,3007.3132172042006
EGY_cluster_435,EGY,30.725844088436453,29.22683700881337,0,3433.3169174152595
EGY_cluster_431,EGY,30.744650291946225,29.2810125005976,0,5929.68138911187
EGY_cluster_432,EGY,30.7512055447302,29.274927352735748,0,6311.438499433113
EGY_cluster_447,EGY,30.75342729846613,29.26447849839349,0,6226.269919286784
EGY_cluster_437,EGY,30.73659550661817,29.27131628558932,0,4694.340653328185
EGY_cluster_433,EGY,30.740804853899107,29.23922313306018,0,4728.810975770417
EGY_cluster_454,EGY,30.71542054895432,29.232285233760983,0,2164.1484424555265
EGY_cluster_458,EGY,30.727708504672293,29.23058639059461,0,3515.4006109477436
EGY_cluster_439,EGY,30.71377373180989,29.229287619049583,0,2120.299683380309
EGY_cluster_464,EGY,30.754682943432925,29.27730901863406,0,6756.849617750466
EGY_cluster_467,EGY,30.964008243044766,28.759450843006054,0,54661.00560397963
EGY_cluster_482,EGY,30.727840543385,29.240928950023807,0,3285.0942616935463
EGY_cluster_473,EGY,30.717414701100648,29.22337006204388,0,2767.611153277777
EGY_cluster_493,EGY,30.75643351411364,29.260202593945174,0,6469.904672168206
EGY_cluster_475,EGY,30.7271703569214,29.24961878280378,0,3124.404291372714
EGY_cluster_456,EGY,30.73777722200445,29.229817445907383,0,4620.210943303739
EGY_cluster_385,EGY,30.736508741491665,29.22773614193577,0,4531.147165511223
EGY_cluster_523,EGY,30.74981261608885,29.285084683412805,0,6622.424911095573
EGY_cluster_518,EGY,30.71711684686555,29.219056783771748,0,3002.5268405741926
EGY_cluster_505,EGY,30.747586472876527,29.241401244237675,0,5439.651014582008
EGY_cluster_497,EGY,30.726892698541533,29.228004127100203,0,3502.772868238446
EGY_cluster_524,EGY,30.751922988859,29.282635331036072,0,6707.405192925532
EGY_cluster_526,EGY,30.75701750417448,29.28496332148384,0,7311.34863810323
EGY_cluster_499,EGY,30.715109311510883,29.22214771530276,0,2639.1571357693056
EGY_cluster_551,EGY,30.7385103836254,29.23465576617985,0,4585.879634046476
EGY_cluster_554,EGY,30.73026487481848,29.225507544680926,0,3937.271305951505
EGY_cluster_529,EGY,30.74610944668222,29.277911441193943,0,5923.979610842755
EGY_cluster_568,EGY,30.74540600900963,29.23841640096833,0,5245.737290428694
EGY_cluster_528,EGY,30.74047748981828,29.266455963404805,0,4903.000729059199
EGY_cluster_562,EGY,30.893718690460947,29.494180299235943,0,31902.40068771092
EGY_cluster_575,EGY,30.728034247151896,29.259555247066704,0,3379.879900415322
EGY_cluster_569,EGY,30.71183389343254,29.221862265940192,0,2396.579911904197
EGY_cluster_517,EGY,30.730754369750148,29.243921266445174,0,3552.581751703274
EGY_cluster_608,EGY,30.718792374868325,29.22100689255436,0,3025.3634435169365
EGY_cluster_1552,EGY,27.048416101427527,31.01504682573298,0,227952.9065709184
EGY_cluster_1660,EGY,26.812664045001767,33.945445550847,0,59864.23448451734
EGY_cluster_599,EGY,30.745451833558395,29.27350897529884,0,5671.732195844842
EGY_cluster_1662,EGY,26.800456384553605,33.94205180084635,0,61002.605490046015
EGY_cluster_2219,EGY,30.414214727799003,31.730053317317527,0,15836.928177557114
EGY_cluster_1838,EGY,30.06382233830828,31.84015140435384,0,24477.669238821378
EGY_cluster_632,EGY,30.736033664634306,29.22248347244529,0,4639.891283149591
EGY_cluster_2944,EGY,30.36857981045693,32.161737239552885,0,43479.3854364622
EGY_cluster_2964,EGY,30.337263284728746,32.21795453307956,0,38687.62653045611
EGY_cluster_3283,EGY,29.97898058985824,31.661333203284208,0,5682.7996461496805
EGY_cluster_2915,EGY,30.39847545931681,32.22959202332363,0,42541.81681641772
EGY_cluster_3310,EGY,29.97045051474927,31.657254011300427,0,4658.031867255296
EGY_cluster_3306,EGY,29.968744027521204,31.65973173708588,0,4603.58173727507
EGY_cluster_3320,EGY,29.88510656101208,31.68316952749455,0,7007.121301177584
EGY_cluster_3304,EGY,29.95383597244294,31.64787707238668,0,2601.6080216507003
EGY_cluster_3335,EGY,29.884999075279246,31.68229969922125,0,6961.927604159531
EGY_cluster_3332,EGY,29.884973331557514,31.686768420336733,0,7248.8157781979735
EGY_cluster_3441,EGY,29.946749202880664,31.59780540168397,0,2996.7166840691098
EGY_cluster_3446,EGY,30.120710716044368,31.514181067117804,0,1388.7971742137793
EGY_cluster_3453,EGY,29.964602612696385,31.616103654249294,0,4002.5791283762055
EGY_cluster_3326,EGY,29.966900008114635,31.661641845138163,0,4525.8769403579045
EGY_cluster_3451,EGY,30.107316398233863,31.404396575868084,0,6600.76421711871
EGY_cluster_3539,EGY,30.12062518661796,31.42672285546456,0,4025.2741685767874
EGY_cluster_3629,EGY,30.00889466830501,31.40269068182284,0,4570.244626604332
EGY_cluster_3668,EGY,29.96384625492604,31.02929409156712,0,7163.2562208047775
EGY_cluster_3678,EGY,29.97348898541965,31.01819293854353,0,7036.4752699170285
EGY_cluster_4111,EGY,29.74684235695834,30.981814615159752,0,20163.87558064496
EGY_cluster_4113,EGY,29.7494155767765,30.992614633510293,0,19976.791550820773
EGY_cluster_4402,EGY,29.74896900470886,32.398880246529224,0,42852.87937031107
EGY_cluster_4404,EGY,29.439439573228743,32.486876588338035,0,75483.2612744781
EGY_cluster_4408,EGY,29.75984536148308,32.414498308386776,0,41267.78778183778
EGY_cluster_5321,EGY,31.467903777933067,31.77632801657857,0,1519.7787286438866
EGY_cluster_4421,EGY,29.432420835445686,32.48530139561077,0,76270.97609157127
EGY_cluster_5349,EGY,31.21857057215511,32.36913270434735,0,63967.181137675696
EGY_cluster_5629,EGY,30.41187110451668,30.53732951510224,0,19204.86392132598
EGY_cluster_7625,EGY,30.840988949865512,31.01641761479784,0,72764.8267235969
EGY_cluster_7858,EGY,29.384586630070665,34.806234941513964,0,63345.64591093199
EGY_cluster_7881,EGY,27.87778434503634,34.31785870597275,0,86293.50178960545
EGY_cluster_940,EGY,27.04764102289409,33.889168799447816,0,33861.803924074695
EGY_cluster_953,EGY,27.200974654253127,33.82445541800716,0,16151.913433531789
MNG_cluster_14,MNG,47.88078970411026,106.85101259746352,0,34015.09520622705
EGY_cluster_4115,EGY,29.745007125460315,30.988112156928384,0,20417.079147918954
MNG_cluster_15,MNG,47.88232944624868,106.85457019337828,0,33813.68407424791
MNG_cluster_24,MNG,47.8775756160132,106.8485063251141,0,34089.41925567817
MNG_cluster_42,MNG,47.99335795438398,106.46535437332172,0,65252.375376204895
KGZ_cluster_1003,KGZ,41.42432768198088,76.01604735467558,0,163454.37130380017
KGZ_cluster_78,KGZ,39.93856869325968,71.3376914045704,0,138601.9780310546
KGZ_cluster_1038,KGZ,42.6490155694956,77.04769537265003,0,132956.9458480432
KGZ_cluster_199,KGZ,42.81925627970219,74.62752774190696,0,28176.927918661215
MNG_cluster_5,MNG,47.84878578118121,106.8281744885639,0,34802.07116272275
KGZ_cluster_195,KGZ,42.82637254678095,74.62926996739256,0,27619.625361413793
KGZ_cluster_204,KGZ,42.81941459632255,74.63073184969564,0,28314.621881392468
KGZ_cluster_211,KGZ,42.81677312837655,74.63110466756153,0,28571.028154420663
KGZ_cluster_206,KGZ,42.82101369383581,74.63037247908458,0,28153.365924005342
KGZ_cluster_213,KGZ,42.82902206463995,74.62500971265469,0,27176.277538088903
KGZ_cluster_304,KGZ,42.80215091173542,73.86769922604282,0,5972.7247188004
KGZ_cluster_322,KGZ,42.82970509950977,73.66890624494877,0,20430.952307566233
KGZ_cluster_194,KGZ,42.82153848415865,74.62593771934199,0,27894.941078060318
KGZ_cluster_490,KGZ,42.82869426064859,75.31075626288148,0,5939.214024175761
KGZ_cluster_286,KGZ,42.87297513785627,74.42474690434821,0,16992.036375272142
KGZ_cluster_503,KGZ,42.78461419354383,75.31693913192734,0,7965.101473519181
KGZ_cluster_1067,KGZ,42.5032610145348,78.3959709282768,0,244520.31980466063
PRY_cluster_175,PRY,-25.601936634837813,-57.1477030217505,0,3525.601162984119
PRY_cluster_405,PRY,-25.350914108661936,-57.416197098315024,0,25762.39300435728
PRY_cluster_8,PRY,-24.01630974333702,-54.325829724728415,0,12453.123272921937
EGY_cluster_7876,EGY,28.003021630622207,34.43144774843008,0,104089.93731031455
KGZ_cluster_216,KGZ,42.83360725447508,74.62888816376216,0,26958.515651955644
CIV_cluster_27,CIV,7.38244533452134,-7.57636157471388,0,353755.65425459546
ARG_cluster_423,Argentina,-41.11794285483577,-71.41311838121364,0,326276.28128961404
ARG_cluster_425,Argentina,-39.91775099785666,-71.07795624911769,0,207657.2081069511
ARG_cluster_392,Argentina,-24.0406185685202,-67.04213481200739,0,143984.11080148563
ARG_cluster_445,Argentina,-38.942838944327335,-67.95386125731248,0,370534.6169266101
ARG_cluster_442,Argentina,-38.94168155973523,-67.95387302067388,0,370509.15791306394
ARG_cluster_515,Argentina,-39.00278081326297,-68.43316314806118,0,331480.85212244967
ARG_cluster_1102,Argentina,-32.2695794439863,-63.3798805570195,3,80541.7587410144
ARG_cluster_1175,Argentina,-33.382344335740285,-62.05154287519247,2,63808.665591220444
ARG_cluster_99,Argentina,-31.6863699075887,-68.53661458859222,1,226727.22826515953
ARG_cluster_1189,Argentina,-32.84433719544194,-62.160198611554456,2,35968.29446687805
ARG_cluster_1197,Argentina,-32.705270953078724,-62.03089805874723,2,53354.53779258923
ARG_cluster_1323,Argentina,-31.669575419324765,-60.8948704039222,2,44095.073990483535
ARG_cluster_1392,Argentina,-31.31161674293528,-61.5091696645663,2,67920.75926191686
ARG_cluster_1375,Argentina,-31.64062507189374,-60.675085055632245,0,37382.82442139195
ARG_cluster_1340,Argentina,-31.654071145676564,-60.86576472424255,1,44020.78746579406
ARG_cluster_1420,Argentina,-31.50322112352009,-63.423101401274046,2,48103.40880973412
ARG_cluster_1507,Argentina,-33.18102750642996,-63.83694193637197,1,3255.7122926158286
ARG_cluster_1512,Argentina,-33.187058982860805,-63.85109219386064,1,1912.6506273783436
ARG_cluster_1511,Argentina,-33.07667178278786,-64.30307791821433,0,17694.668338208467
ARG_cluster_1529,Argentina,-32.8125701300643,-64.04987884705747,2,9639.638147564645
ARG_cluster_1547,Argentina,-33.191569801119684,-63.83570500148184,1,3405.995988840974
ARG_cluster_1548,Argentina,-33.18796674253849,-63.84374060556518,1,2603.615109078497
ARG_cluster_1685,Argentina,-33.420420699758786,-64.735948204094,2,62161.73176934763
ARG_cluster_1692,Argentina,-33.468719504815446,-64.8979693701347,2,78012.00856023176
ARG_cluster_1868,Argentina,-27.02824383244479,-62.70787297719427,0,353882.3973336466
ARG_cluster_1741,Argentina,-31.793900303445653,-64.324166832447,2,3112.6474222178917
ARG_cluster_2170,Argentina,-26.063955378652697,-65.98330227893749,0,129798.89237395342
ARG_cluster_2498,Argentina,-31.98592747447841,-60.24000259169067,2,19062.286472510932
ARG_cluster_2299,Argentina,-25.05460494483557,-65.51987882602813,2,9726.603650150604
ARG_cluster_2823,Argentina,-33.737564047985266,-60.64749279046489,1,13851.796079820388
ARG_cluster_2806,Argentina,-33.39660761602973,-60.200464398436,0,42345.15490682963
ARG_cluster_2841,Argentina,-34.153531638534766,-60.30244241476324,1,23084.70934552494
ARG_cluster_3041,Argentina,-32.398048782904375,-60.209096689674176,2,20996.60751650041
ARG_cluster_3049,Argentina,-33.18344453033789,-60.51621685621207,2,6769.030638977882
ARG_cluster_3430,Argentina,-36.43453949738621,-64.03295734366945,2,361593.85577665194
ARG_cluster_3431,Argentina,-36.67516693975885,-64.35901299285413,0,390584.5467841042
ARG_cluster_3568,Argentina,-35.38471913214182,-64.2829177369717,0,247461.29984000183
ARG_cluster_3740,Argentina,-38.17924311260525,-63.22984023418321,0,415083.37502173125
ARG_cluster_723,Argentina,-31.50482781693323,-64.39839757080682,2,9989.627576052868
ARG_cluster_760,Argentina,-31.007078937820964,-64.1072338887415,0,9442.438950873613
ARG_cluster_801,Argentina,-31.19163267994571,-64.285722822005,1,10251.798725260758
ARG_cluster_933,Argentina,-31.2394860540157,-63.556232735675216,2,61434.85779592717
ARG_cluster_877,Argentina,-31.43852193732819,-64.27624591876777,0,4675.100543044781
ARG_cluster_924,Argentina,-31.549852752614616,-64.22728994596555,0,15360.796572857867
ARG_cluster_942,Argentina,-32.10229805567416,-61.74936035503218,2,106799.60524820647
ARG_cluster_947,Argentina,-32.102005888253345,-61.74693249729926,2,106568.73618952038
ARG_cluster_4056,Argentina,-29.008337564937776,-58.884697243063016,0,60831.528959109055
ARG_cluster_4068,Argentina,-29.00886377725548,-58.88279759333244,0,60924.67588277851
ARG_cluster_941,Argentina,-31.970642310026903,-62.052874958275474,2,105470.96700412837
ARG_cluster_4190,Argentina,-28.01224485634108,-58.19794962124082,0,6532.65130134756
ARG_cluster_4185,Argentina,-28.015024283561,-58.19630080404127,0,6443.093828425487
ARG_cluster_4296,Argentina,-29.161605593276924,-59.95035202297069,1,119942.17986503772
ARG_cluster_4260,Argentina,-27.539370599300003,-58.78857384525018,0,78182.5890229905
ARG_cluster_5610,Argentina,-32.07054697506402,-59.23136649691229,2,31606.420948020223
ARG_cluster_5174,Argentina,-32.660020813983586,-58.74009760997619,3,24195.177257110816
ARG_cluster_6533,Argentina,-31.80248561800648,-58.52534837762518,2,27222.896781388474
ARG_cluster_6556,Argentina,-35.55656092417349,-58.39116584984497,1,43439.426362373044
ARG_cluster_6637,Argentina,-34.98066412360854,-58.18109090866231,0,11068.110360461214
ARG_cluster_6775,Argentina,-35.37471591983596,-58.85429380554581,1,14454.336022416792
ARG_cluster_6783,Argentina,-35.281737473123,-58.37423922107453,1,12850.63812154845
ARG_cluster_6596,Argentina,-35.507419517132725,-58.34852928551826,1,37905.80350383219
ARG_cluster_6857,Argentina,-35.416468103254154,-58.8166556706984,1,20191.386215871604
ARG_cluster_6819,Argentina,-35.41669362214702,-58.817981318232434,1,20132.210102095785
ARG_cluster_6811,Argentina,-35.2886061664169,-58.42759345063706,1,14846.175559248495
ARG_cluster_7064,Argentina,-34.58794459834571,-59.08708088730824,0,16536.490573401617
ARG_cluster_7457,Argentina,-34.957878338050406,-57.81344489269169,2,18554.365018041466
ARG_cluster_7645,Argentina,-34.684899001264405,-58.94768729460405,1,18358.657663059672
ARG_cluster_7720,Argentina,-34.543916702575345,-58.68291811123116,0,22563.782358529017
ARG_cluster_7481,Argentina,-34.927374024346435,-58.16299402962626,0,11179.98743336161
ARG_cluster_8033,Argentina,-33.07666861706433,-59.0637977715201,1,17666.819430688563
ARG_cluster_8298,Argentina,-34.13896752004894,-59.03838408054723,0,9108.251577083673
ARG_cluster_8118,Argentina,-34.50319779657328,-59.92406806692449,2,16054.748747830476
ARG_cluster_8328,Argentina,-34.471974344069714,-59.39013589179209,1,6299.418094482778
ARG_cluster_8213,Argentina,-34.091664683292244,-59.08076591170538,1,7325.322603646666
ARG_cluster_8426,Argentina,-34.48742731899131,-59.30531788524741,1,12543.746125998226
ARG_cluster_8448,Argentina,-34.448637421091284,-59.53217300473251,2,11064.773661424339
ARG_cluster_8417,Argentina,-34.13628423001765,-59.0445057616022,0,8688.966127512176
ARG_cluster_8583,Argentina,-34.4355035043415,-59.11649145939966,1,5506.151968237024
ARG_cluster_7440,Argentina,-34.99586573783404,-57.99062465620409,0,2488.165235296252
GEO_cluster_383,GEO,41.68850649448473,45.05728492937832,0,41367.73914333121
GEO_cluster_199,GEO,41.57847811685195,44.98487385375197,0,47172.43839439457
GEO_cluster_408,GEO,41.740776436933245,44.72326551538697,0,22548.067761876486
PRT_cluster_1083,PRT,39.47920799318221,-8.37641215320481,0,5932.726485416526
PRT_cluster_1251,PRT,39.20237861401196,-8.73652492662869,0,8756.487924318088
PRT_cluster_1178,PRT,39.51480244203077,-7.645631178363869,0,48506.63351353998
PRT_cluster_1355,PRT,39.45569186262685,-8.666864758816278,0,18321.42686586699
PRT_cluster_1417,PRT,38.88343255112159,-8.013554131713919,2,19316.719306985135
PRT_cluster_1267,PRT,39.27391169247831,-8.487178173180325,2,7705.870233982615
PRT_cluster_1489,PRT,39.80962632678007,-8.193221012814677,0,10290.77004420974
PRT_cluster_1447,PRT,39.74007914962549,-8.2684870431883,1,2522.0623827241934
PRT_cluster_160,PRT,38.77242245118255,-7.416026913344329,0,5161.437473937028
PRT_cluster_1610,PRT,37.19602042328251,-8.569844720476782,0,78105.7632386587
PRT_cluster_1660,PRT,37.13938839046808,-7.598980258892865,0,10342.717138984946
PRT_cluster_1658,PRT,37.217775540058966,-7.436994503293488,0,1569.605201353028
PRT_cluster_1821,PRT,38.74589702641895,-8.638151949214553,2,7142.245243836925
PRT_cluster_1744,PRT,37.21321738566239,-7.435299624260529,0,1587.4074205569661
PRT_cluster_1713,PRT,37.22192336893823,-7.437254401292223,0,1589.870383777069
PRT_cluster_1849,PRT,38.74331839387588,-8.824844337150347,2,12415.037474302113
PRT_cluster_1831,PRT,38.54483413425997,-8.87989650206127,0,22202.333136377812
PRT_cluster_1869,PRT,38.669350861407786,-8.654938006490516,2,4677.710979049696
PRT_cluster_1971,PRT,38.589957259262405,-7.904674901639622,0,40925.57136972513
PRT_cluster_1972,PRT,38.58025234632481,-7.923762407976552,0,39195.32241723376
PRT_cluster_1990,PRT,38.3925905322006,-8.149883224147626,0,20988.144683178078
PRT_cluster_1997,PRT,37.87320946823332,-8.165335394830219,0,24714.991238515016
PRT_cluster_1993,PRT,37.91894955475672,-8.320794023823673,1,13022.902811481432
PRT_cluster_2150,PRT,38.02113107464902,-7.865091498827839,0,21559.696360022805
PRT_cluster_2225,PRT,38.05338009008249,-8.779637341990131,0,36501.55588005378
PRT_cluster_2265,PRT,41.806916377108806,-8.418052621564362,0,34827.42830974961
PRT_cluster_2332,PRT,40.79146638203069,-8.362216441438175,1,12519.667121566881
PRT_cluster_2331,PRT,40.92877134817361,-8.25484758779658,0,23056.888175932443
PRT_cluster_232,PRT,39.12230847771768,-7.279014131785576,0,25331.62646546524
PRT_cluster_2287,PRT,40.85476534716163,-8.465622624581147,0,22637.124288905597
PRT_cluster_1690,PRT,37.02461986936642,-7.849845911725139,0,15317.345934892595
PRT_cluster_2426,PRT,40.76180248744713,-8.70750482935741,0,33758.648884600036
PRT_cluster_2465,PRT,41.28073627780414,-8.50090116960473,0,6795.346519859005
PRT_cluster_2608,PRT,41.07843061637339,-8.57165371755629,0,24778.371485436375
PRT_cluster_2487,PRT,40.97203961908136,-8.575065016909585,0,36604.21493986358
PRT_cluster_2689,PRT,41.38329692254174,-8.606378340698281,2,9438.546969947496
PRT_cluster_2420,PRT,40.762078232863495,-8.70927602133071,0,33910.70128380573
PRT_cluster_2813,PRT,41.226150285739976,-8.295348324286602,0,18440.291315001767
PRT_cluster_2873,PRT,41.4345666531562,-8.396698368153773,0,9823.757826683699
PRT_cluster_287,PRT,40.7094237442089,-8.203021475097433,1,2584.606257511121
PRT_cluster_289,PRT,40.708765924538845,-8.247867070980128,1,5720.878657283432
PRT_cluster_2930,PRT,41.34845575484641,-8.469033509350469,0,10472.067429861567
PRT_cluster_2895,PRT,41.43837404536311,-8.40193345334273,0,9798.569427667933
PRT_cluster_2975,PRT,41.56595785350483,-8.38729086123995,0,8986.10811220612
PRT_cluster_2731,PRT,41.253212313045765,-8.719819280898507,0,13034.136384981945
PRT_cluster_2940,PRT,41.56990695743384,-8.380034824433354,0,8991.863857263668
PRT_cluster_305,PRT,40.7652060542136,-8.08938230284084,1,9045.691357068376
PRT_cluster_3063,PRT,41.17326082865065,-8.351926394998497,0,23628.752188183455
PRT_cluster_3127,PRT,41.62742734564624,-8.78174110007359,1,23587.155073823098
PRT_cluster_3098,PRT,41.64498416238568,-8.820989192049087,0,25798.941865625744
PRT_cluster_3152,PRT,41.64709963579229,-8.8212451412268,0,26034.80226565478
PRT_cluster_3186,PRT,41.63566448121704,-8.142611451704184,0,20978.753091448194
PRT_cluster_3200,PRT,41.41170428253113,-7.960322642223727,0,17304.5470863288
PRT_cluster_315,PRT,40.834090973533314,-8.051977156559339,1,16248.80169114444
PRT_cluster_3223,PRT,41.29302611854064,-7.725752468109402,0,36198.72453089519
PRT_cluster_3229,PRT,41.79237724196876,-6.769238022700579,0,59755.0075543255
PRT_cluster_323,PRT,40.57060407212994,-8.008300333002927,1,3478.847197234127
PRT_cluster_3255,PRT,41.29316532226032,-7.730621415180747,0,35796.11055498117
PRT_cluster_3292,PRT,41.5029546949225,-7.640500837690114,0,45819.48242055634
PRT_cluster_3028,PRT,41.57104697206727,-8.44950473307278,0,13158.05916909217
PRT_cluster_3308,PRT,41.31207658521898,-7.735189002603096,0,35087.104585544184
PRT_cluster_3326,PRT,41.082444089961626,-7.144918511057493,0,12250.106327892503
PRT_cluster_3353,PRT,41.54219155812026,-6.962145291340296,0,42010.046401399224
PRT_cluster_3440,PRT,40.19967462178193,-8.484190297721183,0,21052.092484193254
PRT_cluster_2486,PRT,41.27774926875102,-8.498237460171191,0,7120.4957254222645
PRT_cluster_3228,PRT,41.3084610517254,-7.723908303551877,0,36074.56611831448
PRT_cluster_3516,PRT,40.18484694363286,-8.585099685769906,0,18077.77010326627
PRT_cluster_3522,PRT,39.77200347968306,-8.819663618872962,0,3331.1749232127736
PRT_cluster_3559,PRT,40.28335908768429,-8.561609707216418,1,14357.9741809826
PRT_cluster_360,PRT,40.70681378003223,-8.19559221732827,1,2544.541594078534
PRT_cluster_3779,PRT,40.62031584724558,-8.647934545132363,0,24849.79097421445
PRT_cluster_379,PRT,40.56331053808646,-8.427649437348027,0,5532.133984025893
PRT_cluster_3816,PRT,40.33139951938769,-8.838824427791048,0,32473.026238228224
PRT_cluster_3707,PRT,40.242940579923705,-8.432097044276539,0,16373.510727936775
PRT_cluster_386,PRT,40.7109713806753,-8.244044245323197,1,5330.769540753046
PRT_cluster_3832,PRT,40.39095804532147,-8.725030798880342,2,22201.065810436667
PRT_cluster_366,PRT,40.63219748489784,-7.906109347733476,0,6777.6397593678885
PRT_cluster_3873,PRT,40.56465576789871,-8.762171399356971,0,32003.732798620502
PRT_cluster_3927,PRT,39.37500520496786,-9.15205313243418,1,11831.636651917097
PRT_cluster_3940,PRT,39.4296125894679,-9.162126216238924,0,7956.1805516322
PRT_cluster_389,PRT,40.661694551296925,-7.932905134562614,0,10761.134353588704
PRT_cluster_399,PRT,40.636473203201206,-7.928241900097829,0,8332.927964860803
PRT_cluster_4058,PRT,39.50500609228637,-9.131990040225304,0,2072.989606159482
PRT_cluster_4091,PRT,39.17093979541119,-9.179407848952485,2,11264.523544637641
PRT_cluster_3703,PRT,39.968426493944,-8.386017057139746,1,17099.950722883852
PRT_cluster_3908,PRT,38.99781006581067,-8.972598781868399,0,15778.614887102
PRT_cluster_4259,PRT,38.617672778871416,-9.0526121272465,0,14213.13177633226
PRT_cluster_4350,PRT,38.9440798007581,-9.157961730596512,1,16581.552504506915
PRT_cluster_4306,PRT,38.724112070906365,-9.004532659352346,0,2655.174605049908
PRT_cluster_4410,PRT,38.79983304339726,-9.37639001750938,0,10754.431627803075
PRT_cluster_4502,PRT,39.36368456920484,-9.335318791139578,0,7072.339900354176
PRT_cluster_4493,PRT,39.156174705681096,-9.220906971287324,1,7385.336499620886
PRT_cluster_4596,PRT,39.32587975969216,-9.356482142614874,0,3738.5014910527434
PRT_cluster_4553,PRT,39.16948591501608,-9.271014490546012,1,4227.160500835394
PRT_cluster_3954,PRT,39.517751703234666,-8.942503749408932,2,15123.31284264406
PRT_cluster_4645,PRT,38.99918180252122,-9.26099408791328,0,7580.868739440552
PRT_cluster_4665,PRT,39.13191120664771,-9.285368620201634,1,1977.6711719277316
PRT_cluster_582,PRT,40.66236373920262,-7.91320229522492,0,9973.007498735318
PRT_cluster_497,PRT,40.51893036028709,-8.082426851038122,0,8153.260124985578
PRT_cluster_805,PRT,40.75135347251004,-7.075341358957046,1,46727.174678125964
PRT_cluster_850,PRT,40.41200638296191,-7.699759129371843,0,13234.884265760564
PRT_cluster_648,PRT,40.66189372288168,-7.829543514245319,1,9226.958028658555
PRT_cluster_817,PRT,40.86248563783839,-7.514791332865758,1,25698.48497736786
PRT_cluster_897,PRT,40.255799930644166,-7.49985080531298,0,37493.53100224034
PRT_cluster_87,PRT,38.8768593029614,-7.183308199332177,0,25055.02739223791
PRT_cluster_698,PRT,40.8466594515878,-7.750245377453433,1,9443.751195954741
PRT_cluster_959,PRT,39.817353809758906,-7.4943391083216335,0,67113.05115114263
PRT_cluster_4397,PRT,38.81378732634867,-9.280057343585598,0,15769.69476045187
SRB_cluster_1361,SRB,43.96641736958762,20.9449565624524,0,85918.156053377
SRB_cluster_310,SRB,44.69649353929263,20.38048877808228,0,32930.19994626053
SRB_cluster_308,SRB,44.95430227164776,20.200776744544484,0,46830.81971247199
SRB_cluster_406,SRB,44.87256836850986,20.103501188512645,0,36252.264268523155
SRB_cluster_483,SRB,45.33703075967937,20.44206283031405,0,45033.17621813867
SRB_cluster_923,SRB,43.57755516063763,22.266422280125983,0,58980.9724952276
CYP_cluster_149,CYP,34.97714644660587,33.52069906209911,0,7580.974345709684
CYP_cluster_278,CYP,34.92416689221639,33.37918665081581,0,4847.930456678281
CYP_cluster_330,CYP,34.82819705996713,33.47753189975165,0,11521.404788310034
CYP_cluster_265,CYP,34.92243307900701,33.37674412655285,0,4776.880436072194
AUS_cluster_1856,Australia,-38.38039006759948,144.97724741733992,1,1604.1054533293295
EGY_cluster_3487,EGY,29.966908364240364,31.61610748724648,0,4229.888259592257
AFG_cluster_214,AFG,34.50048701296824,69.2600836780487,0,33297.375246406744
AFG_cluster_103,AFG,31.678261406623307,65.78631418640335,0,16505.727826081307
AFG_cluster_246,AFG,35.09347584993202,69.19794398282896,0,10302.803768065658
ARG_cluster_314,Argentina,-33.08986683674136,-69.05164885568959,0,145379.35279799977
ARG_cluster_486,Argentina,-38.88455584368359,-68.0078376769678,0,364756.40245669766
ARG_cluster_1174,Argentina,-33.28003599470211,-62.00991513738171,2,59104.74667837251
ARG_cluster_1216,Argentina,-32.704148512444675,-62.02993063926166,2,53493.51934958513
ARG_cluster_1253,Argentina,-30.90056562352802,-62.10350138940604,2,95919.76365130008
ARG_cluster_1494,Argentina,-32.901566294282254,-65.39936156056764,1,46302.204399352966
ARG_cluster_1522,Argentina,-33.19482295272829,-63.84225368125434,1,2922.094419092769
ARG_cluster_1712,Argentina,-31.76443465773883,-64.30660267915185,2,6744.077678579705
ARG_cluster_1923,Argentina,-30.932213247574303,-60.96534149860745,2,6464.475995583991
ARG_cluster_1921,Argentina,-30.91417289524047,-60.96833275387764,2,4682.181875750676
ARG_cluster_2057,Argentina,-23.257281676420902,-64.2261081750533,0,192008.36350937144
ARG_cluster_2494,Argentina,-32.06961684118332,-60.19639494963577,1,28340.014794435425
ARG_cluster_2685,Argentina,-31.686250864494166,-60.25985787534219,1,25837.01641171003
ARG_cluster_2531,Argentina,-31.98567220807732,-60.06719895513024,2,33607.00408492233
ARG_cluster_2816,Argentina,-33.73966138317545,-60.64686676447549,1,13614.81753705583
ARG_cluster_3178,Argentina,-34.29886237753762,-60.22408151881261,0,33064.332714557866
ARG_cluster_3613,Argentina,-35.78072037544938,-63.6791353576088,2,289130.392627336
ARG_cluster_3742,Argentina,-38.8950228015574,-62.09850049215855,0,394729.00602721033
ARG_cluster_759,Argentina,-30.915849680941108,-63.92301604904619,2,21977.48786035229
ARG_cluster_787,Argentina,-31.187964574989547,-64.2872698990587,1,10095.215267810898
ARG_cluster_945,Argentina,-32.167013576521974,-61.72929270295087,2,105964.6108436338
ARG_cluster_4306,Argentina,-28.95479768761208,-59.64862085460462,2,82692.95540529749
ARG_cluster_5372,Argentina,-30.966505610666427,-59.69850997930547,1,69186.81536638719
ARG_cluster_5371,Argentina,-30.95132465660369,-59.72241745347967,1,70420.02125889708
ARG_cluster_6579,Argentina,-35.17929002871476,-58.33520528307108,1,2731.9140067240705
ARG_cluster_6601,Argentina,-35.15053941357241,-58.25352900164841,1,9933.275085006399
ARG_cluster_6593,Argentina,-35.05135232405043,-58.116549955433385,1,4245.349405178167
ARG_cluster_6591,Argentina,-35.18082353117829,-58.33704346421073,1,2686.113731590134
ARG_cluster_7052,Argentina,-34.71587579461698,-59.05771540159409,0,26650.93875940704
ARG_cluster_7193,Argentina,-35.43004944221413,-59.27451577735613,2,32958.37098899022
ARG_cluster_7227,Argentina,-35.15286101915714,-59.11299173647881,2,19612.725521713128
ARG_cluster_7333,Argentina,-35.04747219102444,-58.06138652027529,0,2249.5796204730254
ARG_cluster_7635,Argentina,-34.677061451473094,-58.950266243199096,1,18875.01496963379
ARG_cluster_7974,Argentina,-33.07610910208204,-59.06206574588126,1,17501.76465602063
ARG_cluster_8124,Argentina,-34.41727922514108,-59.85548176276154,1,5140.960286516987
ARG_cluster_8119,Argentina,-34.418494921731,-59.86167921796549,1,5326.365566016688
ARG_cluster_8193,Argentina,-34.08371006026881,-59.05109829417046,0,10112.04306056547
ARG_cluster_8381,Argentina,-34.489010979639865,-59.30470483739819,1,12561.690944513326
ARG_cluster_8484,Argentina,-34.43131656688628,-59.11887668388702,1,5794.738422233013
ARG_cluster_8605,Argentina,-34.08661232145533,-59.19866564831391,1,3611.7228176790745
AUS_cluster_123,Australia,-31.81160731270469,116.03222804053269,1,3603.462649515159
AUS_cluster_152,Australia,-31.653799486790152,115.7588951000394,1,3266.130990023829
AUS_cluster_165,Australia,-31.674209191350723,115.8282947006738,1,9878.048438182908
AUS_cluster_535,Australia,-34.53423494334663,138.50024424926536,1,11174.48560895063
AUS_cluster_601,Australia,-34.44481924468346,138.61689150031148,2,10303.580319231762
AUS_cluster_309,Australia,-32.22679490557834,115.90749995135542,1,2303.34218300242
AUS_cluster_607,Australia,-34.38422002599537,138.74272253009246,1,20302.201992772967
AUS_cluster_636,Australia,-34.55405759581051,138.69596121407997,1,7007.572544399929
AUS_cluster_613,Australia,-34.234077911671484,138.52240821390038,1,33176.25158069398
AUS_cluster_342,Australia,-33.54809751049651,116.97365832872042,2,161885.64199168567
AUS_cluster_541,Australia,-34.469040681229416,138.3652712098234,1,24737.66840111722
AUS_cluster_736,Australia,-36.114300106440936,142.8463255570336,2,134199.31449605158
AUS_cluster_632,Australia,-34.514216084443994,138.97113708038043,0,32071.838713422356
AUS_cluster_731,Australia,-36.27793847290685,143.30846320220982,1,96451.40707178036
AUS_cluster_796,Australia,-35.17940574197502,138.6081005476545,1,50357.97966325698
AUS_cluster_840,Australia,-35.07948239200701,139.15398836835735,1,6928.180398862709
AUS_cluster_855,Australia,-34.92150216796903,139.2621649020506,2,26176.714468537335
AUS_cluster_785,Australia,-35.18366766946909,140.3070132868503,2,104361.75880930695
AUS_cluster_863,Australia,-35.09057715073805,138.8014053812076,1,33116.60511514752
AUS_cluster_763,Australia,-36.61720766005801,143.9540361812029,1,47371.63448167381
AUS_cluster_918,Australia,-36.30629059008086,141.65140704098425,1,207825.44201419054
AUS_cluster_136,Australia,-32.0200205563504,116.00550091796744,1,19749.51657408827
AUS_cluster_842,Australia,-35.27386058850005,139.38583221340463,1,25236.07330396842
AUS_cluster_998,Australia,-38.13950440166504,143.79714312273947,1,29603.50960000491
AUS_cluster_994,Australia,-38.35074666739103,143.58698309924517,0,58814.2371898399
AUS_cluster_859,Australia,-35.10434689778987,139.23955586981788,1,8327.167335286718
AUS_cluster_1049,Australia,-16.854413172492578,145.44169153150222,1,21258.76830496969
AUS_cluster_907,Australia,-36.18348600909548,141.6746833412525,1,211955.3448399482
AUS_cluster_917,Australia,-36.33239837111967,141.60096855567144,1,210797.43965863922
AUS_cluster_1186,Australia,-34.164091464135055,148.48322103435663,1,188557.43705683746
AUS_cluster_1192,Australia,-34.58616670489611,149.43995552540335,1,106257.55935009386
AUS_cluster_1199,Australia,-33.07986286701007,148.8926397152584,1,171716.49190339586
AUS_cluster_999,Australia,-38.22990436733558,142.88627870256974,1,107228.47436821627
AUS_cluster_1221,Australia,-34.777318237887286,149.99804024513952,1,75129.33571780907
AUS_cluster_1059,Australia,-17.168420400628523,145.44683003597845,1,15902.165998528988
AUS_cluster_1307,Australia,-36.63618578339553,145.25887946315004,1,1955.8316024727721
AUS_cluster_1305,Australia,-36.81874373920337,145.1981181538682,1,20215.283063824183
AUS_cluster_1290,Australia,-35.87368633787888,144.06392318875584,2,110755.23762278007
AUS_cluster_1304,Australia,-36.82335442575257,145.21284753028283,1,20299.407156751724
AUS_cluster_1326,Australia,-37.40644490941787,144.95708648605205,1,51538.256637248036
AUS_cluster_1321,Australia,-37.05671078580348,145.15492536532804,1,46713.89315847795
AUS_cluster_1299,Australia,-35.22792156462168,144.39159819324496,2,117579.55308522975
AUS_cluster_1318,Australia,-36.82525148360666,145.19793406172727,1,20902.45529959074
AUS_cluster_1383,Australia,-36.796457326975855,144.17612225145965,1,21605.418342908724
AUS_cluster_1387,Australia,-37.05524308172152,144.2176354282613,0,30724.002031496944
AUS_cluster_1420,Australia,-36.844243172128905,144.1556410841623,1,23187.8860035034
AUS_cluster_1416,Australia,-36.793339896083786,144.15059657413664,1,23904.305933837255
AUS_cluster_1370,Australia,-36.75048704047952,145.53471879573365,1,25789.999336588873
AUS_cluster_1511,Australia,-33.935842404582786,146.13099655856786,1,44866.06453147535
AUS_cluster_1501,Australia,-36.41318194145256,145.7777568641028,1,51920.82297588983
AUS_cluster_1349,Australia,-36.77727800123797,145.21075934684123,1,15505.379476517524
AUS_cluster_1565,Australia,-34.64620025165906,146.0293134834709,1,26218.39236648224
AUS_cluster_1502,Australia,-36.40820814808018,145.78015682321856,1,52386.672146254175
AUS_cluster_1573,Australia,-34.676001495170446,145.98141483931198,1,30285.05574735564
AUS_cluster_1566,Australia,-34.36993689015843,146.02966919289042,1,5587.610328517382
AUS_cluster_1585,Australia,-34.093803551434625,146.10492086741476,2,27750.81324164253
AUS_cluster_1582,Australia,-34.65855101772948,146.02693785487045,1,27607.810624566737
AUS_cluster_1763,Australia,-38.17794878425305,144.04628829654723,1,20869.77989246009
AUS_cluster_1574,Australia,-34.39106026079518,146.04782519618846,1,2712.524593149974
AUS_cluster_1765,Australia,-38.0969286151309,144.17545854485584,1,12192.132350512951
AUS_cluster_1776,Australia,-38.09353571475037,144.17620223762444,1,11809.899481645705
AUS_cluster_1543,Australia,-34.38086966008778,146.00753514830308,1,6150.243656261336
AUS_cluster_1779,Australia,-37.99173831296258,144.0897676296928,1,1758.5032508478362
AUS_cluster_1789,Australia,-38.08813073107865,144.17733741490267,1,11202.071866005277
AUS_cluster_1804,Australia,-38.21062830180474,144.19266635782182,1,24554.74789739138
AUS_cluster_1320,Australia,-36.74937570725144,145.49076077531757,1,22280.66999371053
AUS_cluster_1784,Australia,-38.10069032117283,144.17474538400904,1,12613.78890972472
AUS_cluster_1778,Australia,-38.12579391475316,144.00595023669385,1,16820.8304129909
AUS_cluster_1835,Australia,-38.037632827205286,144.37093351718255,1,15328.683164446289
AUS_cluster_1848,Australia,-38.26757734617296,144.27296323332865,1,31396.0640149884
AUS_cluster_1830,Australia,-38.38386818941998,144.99488935061342,1,2365.3122056920356
AUS_cluster_1841,Australia,-38.18177880475239,144.44676611385816,1,29930.166862701866
AUS_cluster_1817,Australia,-37.977218661550175,144.26457839142768,1,5270.183152391339
AUS_cluster_1560,Australia,-34.38435224001858,146.01533154360604,1,5341.663826847208
AUS_cluster_2015,Australia,-37.69239690949783,144.43716271135634,1,4699.596929174047
AUS_cluster_2060,Australia,-37.06370190697851,146.08984361253104,0,85966.58145365352
AUS_cluster_2070,Australia,-35.3100639993494,149.13581253508605,0,172521.1513235795
AUS_cluster_2011,Australia,-37.74148779515025,144.62680979040886,1,15876.252221819193
AUS_cluster_2268,Australia,-32.458381214228694,148.97122006162277,1,187349.397122208
AUS_cluster_2149,Australia,-35.1522489950262,147.4650230854587,0,107414.48180413278
AUS_cluster_2004,Australia,-37.70142002106186,144.45992631619652,1,4409.754290164082
AUS_cluster_2332,Australia,-43.10567948117884,147.75432999426556,1,568689.6786838827
AUS_cluster_2402,Australia,-33.542539073937974,150.77407263870842,1,10714.55524495372
AUS_cluster_2330,Australia,-42.79000819605373,147.69181914538555,1,533894.590486662
AUS_cluster_2429,Australia,-33.8891266013717,150.7556433352318,1,4231.755870176736
AUS_cluster_2443,Australia,-33.93506753919899,150.7676238868409,1,7839.9510923241305
AUS_cluster_2436,Australia,-33.86813009216831,150.68966545878718,1,9610.367337642681
AUS_cluster_2444,Australia,-33.707972890392995,150.741862033863,1,18426.951273140898
AUS_cluster_2399,Australia,-33.533970661080126,150.80134254069975,1,13194.185706249753
AUS_cluster_2463,Australia,-33.87161113430398,150.68764968772993,1,9804.582116705013
AUS_cluster_2458,Australia,-33.88574998704708,150.62296912222516,1,15889.97828564006
AUS_cluster_2067,Australia,-35.15391890577878,149.11424951764903,0,162974.62679748083
AUS_cluster_2471,Australia,-34.03524868960935,150.56262619443217,1,7370.641979547433
AUS_cluster_1888,Australia,-38.30898154416954,145.15012691073494,1,2179.4069600029925
AUS_cluster_2484,Australia,-33.636514426866995,150.7339460672019,1,13407.31414767727
AUS_cluster_2445,Australia,-33.86418570037908,150.71521681453163,1,7263.685289012387
AUS_cluster_1701,Australia,-38.18258639565828,145.73775394047877,1,12449.128755278216
AUS_cluster_2509,Australia,-33.91945617669475,150.77019135336232,1,6123.176494347856
AUS_cluster_2510,Australia,-33.845643719323185,150.7859689225104,1,2585.644406289955
AUS_cluster_2512,Australia,-33.93303928710744,150.7740267400652,1,7459.884035650299
AUS_cluster_2520,Australia,-33.91016175043248,150.77498159424718,1,5000.275947509802
AUS_cluster_2584,Australia,-33.70758333442216,150.82645004658264,1,18089.415083562624
AUS_cluster_2566,Australia,-33.6438338010182,150.85048104270257,1,21575.272286845782
AUS_cluster_2556,Australia,-33.84628898127101,150.8344236254147,1,4463.160036332632
AUS_cluster_2569,Australia,-33.70560788551433,150.76973129510384,1,18190.940588321006
AUS_cluster_2640,Australia,-33.97187442899806,150.7990021998124,1,11562.680765147608
AUS_cluster_2634,Australia,-34.01682638182712,150.8776456996979,1,18270.787438182197
AUS_cluster_2524,Australia,-33.82916024489545,150.84788274396664,1,6604.461797293606
AUS_cluster_2667,Australia,-34.192494820668024,150.60495641465258,0,5115.06776413406
AUS_cluster_2473,Australia,-33.86796922974436,150.7129365819353,1,7461.7904629451905
AUS_cluster_2662,Australia,-34.0934071553491,150.58428103923706,1,3284.2029241470236
AUS_cluster_2669,Australia,-34.00494925109516,150.6726768140979,1,15544.068659947015
AUS_cluster_1973,Australia,-37.69724677923988,145.26054317368627,1,23596.77704746026
AUS_cluster_2695,Australia,-34.33343239162986,150.55055152474583,1,8010.724740102943
AUS_cluster_2705,Australia,-34.52494861179645,150.45219706800225,1,29958.999808797053
AUS_cluster_2689,Australia,-34.28770904896028,150.6091530457421,1,7731.378960676563
AUS_cluster_2698,Australia,-34.25300968100919,150.5653090134562,1,3413.0581957982577
AUS_cluster_2724,Australia,-33.34406791879418,151.19168095221764,1,3238.2291992439054
AUS_cluster_2805,Australia,-33.2448414417,151.2494302029197,1,2919.7595336348313
AUS_cluster_2717,Australia,-33.25374329959365,151.28619159072355,1,6423.832260487348
AUS_cluster_2836,Australia,-32.96141777467348,151.56481337620883,1,14461.480697591387
AUS_cluster_2744,Australia,-33.34543471298717,151.19711524182733,1,2726.9297852842915
AUS_cluster_2855,Australia,-33.029171625248665,151.46870595624398,1,4918.637146589483
AUS_cluster_2875,Australia,-32.74905807934496,151.5346627115691,1,36212.52676163052
AUS_cluster_2840,Australia,-33.12501228295576,151.4601213831072,1,6282.469373629206
AUS_cluster_2896,Australia,-33.388290922398106,150.01644358663117,1,61750.867627347965
AUS_cluster_2891,Australia,-32.68447850676565,151.41977052724175,1,43468.536952391165
AUS_cluster_2897,Australia,-33.38661796748861,150.01694339679975,1,61755.56008594261
AUS_cluster_2668,Australia,-34.06875967717361,150.86262643709023,1,23211.520927822166
AUS_cluster_2887,Australia,-32.662655814883664,151.38349475392693,1,46430.4808062022
AUS_cluster_3028,Australia,-31.26152454026211,151.13819438450346,1,55368.243620942994
AUS_cluster_2848,Australia,-32.84551222874847,151.53114282034585,1,25563.296602362436
AUS_cluster_2303,Australia,-41.43563575832158,147.16272266036344,0,377496.1119996664
AUS_cluster_3116,Australia,-32.715223843809305,151.72126087272932,1,31395.41467074655
AUS_cluster_2958,Australia,-33.5984348217106,151.0499465623892,1,31088.4323430725
AUS_cluster_3126,Australia,-32.35366914196058,151.9329347148289,1,16732.37577601739
AUS_cluster_3106,Australia,-32.372481386991474,152.18720023975,1,13069.277214579874
AUS_cluster_3287,Australia,-27.762468464938028,153.04392067166245,1,5447.622298648192
AUS_cluster_2986,Australia,-31.786891709217976,152.41135744771125,1,80446.40220477019
AUS_cluster_3307,Australia,-27.57223519617441,152.8555903228264,1,25714.734695274256
AUS_cluster_3288,Australia,-27.587686947172283,153.15073420660792,1,9430.781519702283
AUS_cluster_3301,Australia,-27.698387225941666,153.05785159198348,1,10504.009119050266
AUS_cluster_3338,Australia,-27.591500410112527,153.2533270800833,1,1493.9171591376225
AUS_cluster_3101,Australia,-32.74893200890861,152.16552559336338,0,33127.86726667455
AUS_cluster_3302,Australia,-27.69743177923728,153.04886153588717,1,10045.549302836464
AUS_cluster_3341,Australia,-27.61450358008657,153.24765052730322,1,1567.9705113761756
AUS_cluster_3300,Australia,-27.72600962770127,153.09283912511896,1,11337.066505979676
AUS_cluster_3329,Australia,-27.65479301604313,153.2728173481267,1,2656.979974317976
AUS_cluster_3353,Australia,-27.587105686053288,153.26024928179368,1,1903.050499014749
AUS_cluster_3357,Australia,-27.582427485044743,153.235037232102,1,3339.8797988431575
AUS_cluster_3367,Australia,-27.622111079175703,153.2841454930201,1,3225.093697792925
AUS_cluster_3390,Australia,-26.843917849747847,152.94410929425456,1,6383.445871566852
AUS_cluster_3399,Australia,-27.006657544777,152.9347988383928,1,8170.537342349055
AUS_cluster_3413,Australia,-26.96229942786892,152.97074407947557,1,8736.554251962782
AUS_cluster_3398,Australia,-26.995808865788632,153.04970237697415,1,5426.203842513222
AUS_cluster_3396,Australia,-26.94654672206409,152.96811778965383,1,7323.3799728289
AUS_cluster_3410,Australia,-26.97655986586673,153.00916181282224,1,6122.73378983061
AUS_cluster_3407,Australia,-26.99408818968167,153.03532667063246,1,4743.992165212126
AUS_cluster_3409,Australia,-26.847391237271378,152.93504025980195,1,6822.854630042212
AUS_cluster_3415,Australia,-26.97439906400253,152.96512249599607,1,7894.555278950838
AUS_cluster_3418,Australia,-26.83127491693669,152.9742207361709,1,6054.151554284093
AUS_cluster_3422,Australia,-26.83633115954664,152.95170392606016,1,6525.3613821074205
AUS_cluster_3408,Australia,-26.85115996013362,152.94269221149708,1,5964.149957318062
AUS_cluster_3463,Australia,-27.034100306356446,152.90913141514534,1,10232.798579135922
AUS_cluster_3437,Australia,-27.220475906744163,153.05737443098565,0,21474.145593894165
AUS_cluster_3503,Australia,-27.385243608969432,152.4708254523758,1,1355.5088494833822
AUS_cluster_3504,Australia,-27.697510719693778,152.54581234738578,1,36797.36889307305
AUS_cluster_3502,Australia,-27.698800203550284,152.54554892306683,1,36931.62191570591
AUS_cluster_3393,Australia,-27.004958962663075,152.96196581748868,1,5805.613851385733
AUS_cluster_3083,Australia,-32.57820894798764,151.59591713605275,1,33615.78869819713
AUS_cluster_3523,Australia,-27.75202011429832,152.7032187692694,1,28233.519445784743
AUS_cluster_3519,Australia,-27.45842017180869,152.3674588885274,1,13336.27503798032
AUS_cluster_3489,Australia,-27.81817214788865,152.50281892362867,1,48148.30941954018
AUS_cluster_3401,Australia,-26.84079117058064,152.94113305209274,1,6837.491606049293
AUS_cluster_3536,Australia,-27.39999331131473,152.46850231422454,1,2855.44830405313
AUS_cluster_3492,Australia,-27.40345180437224,152.53834245586316,1,7999.951501580282
AUS_cluster_3545,Australia,-28.7175979001756,153.3744462549709,1,87562.37522417426
AUS_cluster_3650,Australia,-30.940853396358623,150.54985266069116,1,11423.78013760895
AUS_cluster_3627,Australia,-28.06527937621985,153.37897051714418,0,29016.138251200857
AUS_cluster_3651,Australia,-31.15431561463041,150.3175150412653,1,38537.999481040155
AUS_cluster_3654,Australia,-31.167692814459105,151.03383473036254,1,41342.998190092156
AUS_cluster_3669,Australia,-31.181455924006084,151.02786330070424,1,41682.61441137342
AUS_cluster_3679,Australia,-31.14719736221352,150.99085323454955,1,36664.72357894882
AUS_cluster_3675,Australia,-30.939521062049167,150.61012205126607,1,6359.7626188975955
AUS_cluster_3686,Australia,-31.4232820360902,150.29270730685286,1,61117.909723285404
AUS_cluster_3697,Australia,-31.052608621291828,150.76623695749177,1,13134.567972384571
AUS_cluster_3712,Australia,-31.17547011664612,151.02758114617146,1,41296.63904452189
AUS_cluster_3693,Australia,-31.064345974154428,151.0337016198427,1,36704.41958693201
AUS_cluster_3716,Australia,-31.150513783304287,150.32870737401066,1,37408.57358069898
AUS_cluster_3664,Australia,-31.05679227244016,150.8332466982492,1,18629.460810763667
AUS_cluster_3726,Australia,-31.1885791611147,150.84437427634293,1,29429.720261681356
AUS_cluster_3745,Australia,-30.693954143472315,150.6754683016547,1,11673.776817648037
AUS_cluster_3661,Australia,-31.06406762951961,151.03117159431957,1,36464.10695695869
AUS_cluster_3764,Australia,-30.73932623630285,150.53472503012617,1,18294.923925271196
AUS_cluster_3774,Australia,-27.77705228136145,151.66931307095894,1,7408.022263433613
AUS_cluster_3821,Australia,-27.820096424971,151.6984595485999,2,12812.32991581561
AUS_cluster_3787,Australia,-27.60226654981053,151.75203132167272,1,15559.591491693669
AUS_cluster_3635,Australia,-27.05185853818668,150.97898602388068,2,99122.4893904258
AUS_cluster_3830,Australia,-27.85035729616619,151.3305739927204,1,35331.501106049174
AUS_cluster_3744,Australia,-30.88687160505063,150.80847212441097,1,13682.779378079013
AUS_cluster_3825,Australia,-27.879419567425,151.32742398736568,2,37119.00060014136
AUS_cluster_3835,Australia,-27.758339165031604,151.54094813572866,1,12250.645194637314
AUS_cluster_3856,Australia,-27.879053915805688,151.32581486415535,2,37235.71251406459
AUS_cluster_3873,Australia,-27.31192776831631,150.58930817644298,2,114010.79656702724
AUS_cluster_3872,Australia,-28.03636264289953,150.01409103193313,2,165161.55218190464
AUS_cluster_3828,Australia,-27.84727235990171,151.32867978983543,1,35352.258147815715
AUS_cluster_3889,Australia,-28.73237127178316,152.94737055119938,1,86542.41698985314
AUS_cluster_3895,Australia,-28.22300088621333,152.83433069787748,1,38981.87085177733
AUS_cluster_3903,Australia,-28.03459988556862,152.9684682991682,1,15419.260360040367
AUS_cluster_3899,Australia,-27.949245710522906,152.93825063384182,1,16523.822424942813
AUS_cluster_3902,Australia,-28.02536813044707,152.99219652919007,1,12888.408059549325
AUS_cluster_3911,Australia,-28.03707745174971,152.9839113091811,1,14266.884384114692
AUS_cluster_3904,Australia,-28.036083592366904,153.00627155973257,1,12421.872511168549
AUS_cluster_3676,Australia,-31.17213351692433,151.03542850601104,1,41730.311844387055
AUS_cluster_3730,Australia,-31.176577967289507,150.89403251361523,1,31462.516482552288
AUS_cluster_3913,Australia,-27.9349853749214,152.92637161671738,1,17926.642221894683
AUS_cluster_3406,Australia,-26.99437097344802,153.0374090301041,1,4819.117462368961
AUS_cluster_3762,Australia,-30.971852518735982,150.8379451777981,1,16664.356640115246
AUS_cluster_3901,Australia,-27.933360769603365,152.9270134090962,1,17901.37517834011
CAN_cluster_516,Canada,49.12033408420459,-122.73024036773528,0,13473.279352048527
CAN_cluster_682,Canada,55.15197726470587,-118.77321339061837,0,531934.1736079031
CAN_cluster_1660,Canada,53.828015684831165,-113.3244165174928,0,558242.4114447742
CAN_cluster_1092,Canada,53.27490803422072,-110.04966237352173,0,645015.2010971631
CAN_cluster_4181,Canada,44.3359899909325,-78.3339738098411,0,148269.86917434202
CAN_cluster_7344,Canada,46.76280436437137,-64.18171117525996,0,421197.5210844929
CAN_cluster_7583,Canada,47.70697436618117,-65.72722840363238,0,402417.740152163
CHN_cluster_288,CHN,22.51106064894864,101.68123035805432,0,156051.78973513292
CHN_cluster_88,CHN,29.57119349614088,94.46023360151642,0,8348.450020014665
CHN_cluster_876,CHN,22.35651390442604,106.87327615607072,0,324555.24708021485
CHN_cluster_695,CHN,21.55603177822868,107.94939696582978,0,414752.3522436609
EGY_cluster_180,EGY,31.176902737172203,27.65133675933502,0,160656.83749419783
EGY_cluster_417,EGY,30.73914210215425,29.27355387820991,0,5044.419442638794
EGY_cluster_422,EGY,30.743252810860927,29.26576398962175,0,5172.67996889404
EGY_cluster_410,EGY,30.72671506793808,29.23214283457061,0,3371.56861769191
EGY_cluster_451,EGY,30.730524938591653,29.246971285643603,0,3500.749874128445
EGY_cluster_459,EGY,30.751902934967728,29.26189204906397,0,6005.5262661688075
EGY_cluster_542,EGY,30.725647347272485,29.216735287036634,0,3881.144293092804
EGY_cluster_595,EGY,30.75712301137177,29.29131316196717,0,7627.073799165601
EGY_cluster_414,EGY,30.755350361375875,29.25062187356973,0,6259.322033187975
EGY_cluster_1057,EGY,27.04360674994028,31.019687637782344,0,227253.06459129436
EGY_cluster_1883,EGY,30.21307800592361,31.72184620843669,0,23687.314874477623
EGY_cluster_2305,EGY,30.42000761400944,31.75772027528333,0,15482.74643107247
GMB_cluster_4,GMB,13.466654040727876,-16.608165488844637,0,35137.74482494875
ITA_cluster_3418,ITA,45.45218622006327,8.770341613802,2,23193.07933881555
ITA_cluster_9772,ITA,37.92487623229485,13.570028923131009,0,45657.09697059018
KGZ_cluster_187,KGZ,42.82511985733908,74.62452222765957,0,27503.870321025486
KGZ_cluster_192,KGZ,42.82692930905363,74.61674016622558,0,26972.942927582822
KGZ_cluster_365,KGZ,42.79587280511463,73.85915217993927,0,5676.115223870858
MNG_cluster_0,MNG,47.74598817245738,107.24817146292274,0,5531.193726285371
MNG_cluster_13,MNG,47.8850442808286,106.87880134683552,0,32195.651928680305
MNG_cluster_21,MNG,47.878518078716255,106.84758010289598,0,34185.72992471484
MNG_cluster_50,MNG,47.99990087190733,106.46424895105244,0,65582.77502052787
MRT_cluster_42,MRT,19.7514259565361,-14.422112072287174,0,235793.92025351012
MRT_cluster_17,MRT,17.936473613355822,-15.973929788946396,0,29502.419701841598
NAM_cluster_95,NAM,-22.415681093852,17.073158337708563,0,11434.422858432876
PAK_cluster_3507,PAK,24.89333705525914,66.95611088875954,0,32208.16905292221
PAK_cluster_4360,PAK,24.73493251534057,67.50835942373534,0,41930.75822039576
PAK_cluster_8284,PAK,33.412705287187364,72.9207503181653,0,40197.058294567425
PAK_cluster_8363,PAK,33.5277068522558,73.21443036447893,0,35340.72100216007
TKM_cluster_152,TKM,37.89748312285322,58.51019895905005,0,1825.3127308465298
TKM_cluster_683,TKM,39.48182462697061,62.915018305778254,0,230704.99585786383
TUR_cluster_1420,TUR,41.71677623481165,26.36203869251357,0,30194.11101730423
TUR_cluster_1870,TUR,36.28806909412207,29.324575040753786,0,6264.471555571194
TUR_cluster_1933,TUR,36.286763620938885,29.323576421332643,0,6433.268846771884
TUR_cluster_1956,TUR,36.29254025536005,29.352489241129835,0,4565.093982906303
TUR_cluster_1996,TUR,38.3802996285528,28.55564025863457,0,18289.38469517534
TUR_cluster_3008,TUR,36.6706348178599,29.198478178312605,0,33438.49629457718
TUR_cluster_3070,TUR,39.154316686142565,27.55223944741516,0,29688.11632989625
TUR_cluster_2923,TUR,36.63682268234919,29.21609786371912,0,36229.515643382314
TUR_cluster_32,TUR,41.1660777812748,27.76809792528784,0,48526.645293802896
TUR_cluster_441,TUR,41.16973923502671,29.20245614683325,0,126294.99743305505
TUR_cluster_4355,TUR,36.287381251340825,29.96027958494219,0,52207.37240982326
TUR_cluster_4077,TUR,38.24032529355992,27.12319141627264,0,1540.2347833800507
TUR_cluster_10032,TUR,36.63328778085082,31.908339366962608,0,1509.6940470399397
TUR_cluster_10262,TUR,36.23698220576324,32.344095708058,0,54949.90529293208
TUR_cluster_10161,TUR,36.07857727929379,32.87642566423508,0,103310.64111919273
TUR_cluster_10837,TUR,37.980006681838304,32.48770472029727,0,59477.9640985299
TUR_cluster_10746,TUR,37.78067871351839,30.58442769540132,0,83422.22505943228
TUR_cluster_11228,TUR,36.91611424935641,30.57463347846444,0,26119.87986814391
TUR_cluster_4967,TUR,39.976842547878526,33.210019611344535,0,44734.721300341196
TUR_cluster_5763,TUR,38.47073959714826,35.80825490859945,0,156043.72855573078
TUR_cluster_5806,TUR,38.93156034612112,33.56550678866945,0,134276.1290396729
TUR_cluster_5807,TUR,38.93064228327496,33.57111240540723,0,134631.3721456683
TUR_cluster_6324,TUR,41.213223315803226,31.467172979040605,0,45563.1979924109
TUR_cluster_7521,TUR,39.94143271057487,32.67987065940898,0,1348.2289082608104
TUR_cluster_8410,TUR,40.86007065331978,30.412848505449027,0,38733.32131458337
TUR_cluster_9486,TUR,36.91178196762484,30.96123000168309,0,1754.5668717651895
TUR_cluster_9488,TUR,36.92638957571124,30.97323838213884,0,2994.855892066869
TUR_cluster_9722,TUR,37.087414337865,30.885767126290084,0,2066.660441196788
TUR_cluster_9373,TUR,36.9149144176164,30.96343279864455,0,1940.0130340124865
TUR_cluster_9728,TUR,37.00336491449553,30.86095483284557,0,4213.73529330514
TUR_cluster_9738,TUR,37.13523651759364,30.88963964768628,0,6885.217080824
TUR_cluster_9739,TUR,37.01208821416925,30.885103888638817,0,2459.3519133161667
TUR_cluster_9864,TUR,37.037314558413215,30.902151129677907,0,1334.599807055899
TUR_cluster_9857,TUR,36.98733375696638,30.98058573778084,0,1892.2148595401654
TUR_cluster_9485,TUR,36.90137056885593,30.95501443390081,0,1662.071566265343
TUR_cluster_9937,TUR,36.96407841567949,31.103063774353448,0,6604.687072262181
TUR_cluster_9907,TUR,37.08120886961144,30.88768040289526,0,1498.2533849971999
TUR_cluster_11490,TUR,37.90745089131688,41.106479781078576,0,20857.573277581054
TUR_cluster_11612,TUR,39.07561858438976,39.51447991132143,0,125475.53005794475
TUR_cluster_11849,TUR,37.28700604020545,40.69674983895477,0,74669.95624336573
TUR_cluster_11820,TUR,37.16925814403522,40.57898459928301,0,70282.46472603102
TUR_cluster_12080,TUR,39.89949201929678,37.75832839022631,0,201638.83957936827
TUR_cluster_12139,TUR,38.33983497838193,38.15522472735245,0,155177.89743729334
TUR_cluster_12021,TUR,41.2234166867882,36.48526251193954,0,34176.10233484243
TUR_cluster_13308,TUR,41.12091611534064,42.066756031913904,0,144639.81409118674
ARG_cluster_372,Argentina,-33.069372861294404,-68.73255889207195,1,174926.61842760924
AUS_cluster_2508,Australia,-33.96796675186977,150.94983530326377,0,18194.254746232324
AUS_cluster_1308,Australia,-36.81932483563956,145.2059392490907,1,20050.212935556534
AUS_cluster_2937,Australia,-33.41416886291784,151.3214164979157,0,11116.920134715265
AUS_cluster_3234,Australia,-26.936004808892427,152.38310559312674,1,37063.84670343876
EGY_cluster_159,EGY,31.17743898761216,27.647500245541703,0,161021.38683781252
PAK_cluster_4299,PAK,25.4706647641606,68.25642411296845,0,12508.179210587548
TUR_cluster_11879,TUR,38.023046279203065,39.9908329739575,0,3954.392929488566
