candidate_id,split
BRA_cluster_1039,inspected
BRA_cluster_10325,inspected
BRA_cluster_10356,inspected
BRA_cluster_10378,inspected
BRA_cluster_10625,val
BRA_cluster_10909,inspected
BRA_cluster_10592,inspected
BRA_cluster_10912,inspected
BRA_cluster_11,inspected
BRA_cluster_11393,inspected
BRA_cluster_1125,train
BRA_cluster_114,inspected
BRA_cluster_12075,inspected
BRA_cluster_12763,val
BRA_cluster_12764,inspected
BRA_cluster_1240,inspected
BRA_cluster_12901,inspected
BRA_cluster_13254,train
BRA_cluster_13486,train
BRA_cluster_13347,inspected
BRA_cluster_13509,train
BRA_cluster_14091,inspected
BRA_cluster_14100,train
BRA_cluster_14142,train
BRA_cluster_14175,val
BRA_cluster_14231,train
BRA_cluster_14242,train
BRA_cluster_14393,inspected
BRA_cluster_14508,train
BRA_cluster_14557,inspected
BRA_cluster_14610,train
BRA_cluster_14670,inspected
BRA_cluster_1482,inspected
BRA_cluster_14855,train
BRA_cluster_1556,train
BRA_cluster_15558,train
BRA_cluster_15643,train
BRA_cluster_15736,train
BRA_cluster_15760,train
BRA_cluster_15840,train
BRA_cluster_15883,inspected
BRA_cluster_15942,inspected
BRA_cluster_16065,train
BRA_cluster_15934,inspected
BRA_cluster_16350,inspected
BRA_cluster_16724,train
BRA_cluster_16438,inspected
BRA_cluster_16298,inspected
BRA_cluster_17131,inspected
BRA_cluster_172,train
BRA_cluster_1722,train
BRA_cluster_17316,val
BRA_cluster_1740,inspected
BRA_cluster_17718,inspected
BRA_cluster_17773,inspected
BRA_cluster_17979,inspected
BRA_cluster_18010,inspected
BRA_cluster_18059,train
BRA_cluster_18235,inspected
BRA_cluster_18292,test
BRA_cluster_18278,train
BRA_cluster_18305,train
BRA_cluster_18307,train
BRA_cluster_18355,inspected
BRA_cluster_18393,train
BRA_cluster_18406,inspected
BRA_cluster_18470,inspected
BRA_cluster_18593,train
BRA_cluster_18594,inspected
BRA_cluster_18597,train
BRA_cluster_18604,test
BRA_cluster_18648,train
BRA_cluster_18630,inspected
BRA_cluster_18690,train
BRA_cluster_18693,train
BRA_cluster_18714,train
BRA_cluster_18720,train
BRA_cluster_18741,train
BRA_cluster_18770,inspected
BRA_cluster_18605,train
BRA_cluster_18726,inspected
BRA_cluster_18751,inspected
BRA_cluster_18837,train
BRA_cluster_18824,inspected
BRA_cluster_18932,inspected
BRA_cluster_18970,inspected
BRA_cluster_18774,inspected
BRA_cluster_19229,train
BRA_cluster_19117,inspected
BRA_cluster_19645,inspected
BRA_cluster_19257,train
BRA_cluster_19235,test
BRA_cluster_19254,test
BRA_cluster_203,inspected
BRA_cluster_20309,inspected
BRA_cluster_20353,val
BRA_cluster_20187,inspected
BRA_cluster_20171,inspected
BRA_cluster_20371,train
BRA_cluster_20542,train
BRA_cluster_20567,inspected
BRA_cluster_21105,train
BRA_cluster_20572,inspected
BRA_cluster_21099,test
BRA_cluster_21123,test
BRA_cluster_21143,train
BRA_cluster_21153,test
BRA_cluster_21117,train
BRA_cluster_21132,val
BRA_cluster_21163,inspected
BRA_cluster_21175,train
BRA_cluster_21184,inspected
BRA_cluster_21200,train
BRA_cluster_21299,inspected
BRA_cluster_21320,inspected
BRA_cluster_21249,test
BRA_cluster_21353,train
BRA_cluster_21358,train
BRA_cluster_21214,test
BRA_cluster_21368,train
BRA_cluster_21424,train
BRA_cluster_21423,val
BRA_cluster_21438,train
BRA_cluster_2158,inspected
BRA_cluster_21597,train
BRA_cluster_21758,train
BRA_cluster_21920,val
BRA_cluster_22037,train
BRA_cluster_22063,inspected
BRA_cluster_22057,train
BRA_cluster_22141,inspected
BRA_cluster_22069,inspected
BRA_cluster_22146,train
BRA_cluster_22272,inspected
BRA_cluster_22840,inspected
BRA_cluster_22811,inspected
BRA_cluster_23106,test
BRA_cluster_23988,inspected
BRA_cluster_22282,inspected
BRA_cluster_23970,train
BRA_cluster_23996,inspected
BRA_cluster_24085,train
BRA_cluster_24096,train
BRA_cluster_24044,train
BRA_cluster_24003,inspected
BRA_cluster_24100,test
BRA_cluster_24219,train
BRA_cluster_24231,inspected
BRA_cluster_24234,train
BRA_cluster_24323,inspected
BRA_cluster_24324,val
BRA_cluster_24537,train
BRA_cluster_24597,val
BRA_cluster_24604,val
BRA_cluster_24627,train
BRA_cluster_24842,inspected
BRA_cluster_25967,inspected
BRA_cluster_26562,train
BRA_cluster_26682,inspected
BRA_cluster_25622,inspected
BRA_cluster_26932,inspected
BRA_cluster_26507,val
BRA_cluster_26947,train
BRA_cluster_2698,inspected
BRA_cluster_26997,inspected
BRA_cluster_27069,train
BRA_cluster_27035,train
BRA_cluster_27015,train
BRA_cluster_27726,inspected
BRA_cluster_2787,inspected
BRA_cluster_27896,inspected
BRA_cluster_28203,train
BRA_cluster_28004,inspected
BRA_cluster_28328,train
BRA_cluster_28417,train
BRA_cluster_28509,train
BRA_cluster_2900,train
BRA_cluster_2909,inspected
BRA_cluster_29390,test
BRA_cluster_29418,train
BRA_cluster_29419,train
BRA_cluster_29431,train
BRA_cluster_28485,test
BRA_cluster_2985,inspected
BRA_cluster_29659,inspected
BRA_cluster_296,inspected
BRA_cluster_3050,inspected
BRA_cluster_3084,inspected
BRA_cluster_30448,test
BRA_cluster_31020,inspected
BRA_cluster_31027,inspected
BRA_cluster_31348,inspected
BRA_cluster_31352,train
BRA_cluster_31455,train
BRA_cluster_31458,inspected
BRA_cluster_3147,inspected
BRA_cluster_31503,inspected
BRA_cluster_31502,inspected
BRA_cluster_31774,train
BRA_cluster_32747,inspected
BRA_cluster_31461,train
BRA_cluster_32850,inspected
BRA_cluster_32365,inspected
BRA_cluster_33304,inspected
BRA_cluster_33362,inspected
BRA_cluster_33813,inspected
BRA_cluster_3461,inspected
BRA_cluster_34659,train
BRA_cluster_3417,inspected
BRA_cluster_3469,inspected
BRA_cluster_34884,val
BRA_cluster_34892,train
BRA_cluster_34885,train
BRA_cluster_34986,inspected
BRA_cluster_35305,inspected
BRA_cluster_34981,inspected
BRA_cluster_3555,inspected
BRA_cluster_36094,train
BRA_cluster_35690,inspected
BRA_cluster_36448,train
BRA_cluster_36330,inspected
BRA_cluster_36461,train
BRA_cluster_36507,train
BRA_cluster_36532,inspected
BRA_cluster_36466,inspected
BRA_cluster_36570,train
BRA_cluster_36772,train
BRA_cluster_36983,inspected
BRA_cluster_36921,train
BRA_cluster_36991,inspected
BRA_cluster_36893,inspected
BRA_cluster_3709,inspected
BRA_cluster_37205,inspected
BRA_cluster_37501,train
BRA_cluster_37538,inspected
BRA_cluster_37613,train
BRA_cluster_37843,train
BRA_cluster_37949,inspected
BRA_cluster_38154,train
BRA_cluster_37970,inspected
BRA_cluster_38710,train
BRA_cluster_38590,train
BRA_cluster_38752,train
BRA_cluster_38745,inspected
BRA_cluster_39445,train
BRA_cluster_39450,train
BRA_cluster_39624,inspected
BRA_cluster_39505,inspected
BRA_cluster_39675,train
BRA_cluster_39697,train
BRA_cluster_40090,inspected
BRA_cluster_4010,train
BRA_cluster_4031,inspected
BRA_cluster_40651,train
BRA_cluster_39699,train
BRA_cluster_40297,test
BRA_cluster_40650,train
BRA_cluster_40822,inspected
BRA_cluster_41240,inspected
BRA_cluster_41270,inspected
BRA_cluster_41456,test
BRA_cluster_41267,inspected
BRA_cluster_41461,train
BRA_cluster_41449,train
BRA_cluster_41512,train
BRA_cluster_41801,train
BRA_cluster_41540,val
BRA_cluster_41788,inspected
BRA_cluster_41821,inspected
BRA_cluster_41923,train
BRA_cluster_41925,train
BRA_cluster_41916,train
BRA_cluster_41937,train
BRA_cluster_41948,inspected
BRA_cluster_41931,inspected
BRA_cluster_41951,test
BRA_cluster_41940,val
BRA_cluster_41955,inspected
BRA_cluster_41975,train
BRA_cluster_41960,val
BRA_cluster_41978,test
BRA_cluster_41976,inspected
BRA_cluster_41988,train
BRA_cluster_41989,train
BRA_cluster_41996,val
BRA_cluster_4199,inspected
BRA_cluster_41934,train
BRA_cluster_42000,inspected
BRA_cluster_41999,val
BRA_cluster_42003,train
BRA_cluster_42023,test
BRA_cluster_42019,train
BRA_cluster_42027,train
BRA_cluster_42032,train
BRA_cluster_42026,inspected
BRA_cluster_42033,train
BRA_cluster_42040,train
BRA_cluster_42041,train
BRA_cluster_42036,inspected
BRA_cluster_42057,train
BRA_cluster_42061,inspected
BRA_cluster_42068,train
BRA_cluster_42087,inspected
BRA_cluster_42088,train
BRA_cluster_42090,val
BRA_cluster_42098,train
BRA_cluster_42089,val
BRA_cluster_42108,inspected
BRA_cluster_42107,train
BRA_cluster_42118,train
BRA_cluster_42116,train
BRA_cluster_42122,train
BRA_cluster_42126,train
BRA_cluster_42131,inspected
BRA_cluster_42133,train
BRA_cluster_42134,train
BRA_cluster_42135,val
BRA_cluster_42138,inspected
BRA_cluster_42136,inspected
BRA_cluster_42137,inspected
BRA_cluster_42139,train
BRA_cluster_42140,inspected
BRA_cluster_42155,val
BRA_cluster_42149,inspected
BRA_cluster_42158,train
BRA_cluster_42127,inspected
BRA_cluster_42163,inspected
BRA_cluster_42161,inspected
BRA_cluster_42170,train
BRA_cluster_42164,val
BRA_cluster_42165,train
BRA_cluster_42168,train
BRA_cluster_42176,train
BRA_cluster_42177,train
BRA_cluster_42173,train
BRA_cluster_42174,train
BRA_cluster_42183,train
BRA_cluster_42193,inspected
BRA_cluster_42178,inspected
BRA_cluster_42189,inspected
BRA_cluster_42199,inspected
BRA_cluster_42205,train
BRA_cluster_42210,train
BRA_cluster_42212,inspected
BRA_cluster_42213,train
BRA_cluster_42215,train
BRA_cluster_42216,val
BRA_cluster_42220,test
BRA_cluster_42202,train
BRA_cluster_42223,train
BRA_cluster_42232,train
BRA_cluster_42229,val
BRA_cluster_42244,val
BRA_cluster_42243,inspected
BRA_cluster_42217,train
BRA_cluster_42246,train
BRA_cluster_42248,inspected
BRA_cluster_42249,inspected
BRA_cluster_42258,test
BRA_cluster_42252,val
BRA_cluster_42264,train
BRA_cluster_42265,test
BRA_cluster_42273,inspected
BRA_cluster_42266,train
BRA_cluster_42276,train
BRA_cluster_42289,train
BRA_cluster_42283,train
BRA_cluster_42292,train
BRA_cluster_42293,train
BRA_cluster_42297,train
BRA_cluster_42300,train
BRA_cluster_42301,train
BRA_cluster_42312,train
BRA_cluster_42305,train
BRA_cluster_42396,inspected
BRA_cluster_42462,inspected
BRA_cluster_4240,train
BRA_cluster_4272,inspected
BRA_cluster_43003,train
BRA_cluster_43174,inspected
BRA_cluster_4370,train
BRA_cluster_43725,train
BRA_cluster_43724,inspected
BRA_cluster_43731,train
BRA_cluster_43734,train
BRA_cluster_43733,inspected
BRA_cluster_43738,inspected
BRA_cluster_43744,train
BRA_cluster_43745,train
BRA_cluster_42238,inspected
BRA_cluster_43747,train
BRA_cluster_43732,train
BRA_cluster_43790,inspected
BRA_cluster_4380,train
BRA_cluster_43847,train
BRA_cluster_44080,inspected
BRA_cluster_44285,train
BRA_cluster_44353,train
BRA_cluster_44357,val
BRA_cluster_44360,val
BRA_cluster_44381,train
BRA_cluster_44375,test
BRA_cluster_44364,train
BRA_cluster_44397,inspected
BRA_cluster_44812,train
BRA_cluster_44789,inspected
BRA_cluster_4481,inspected
BRA_cluster_44986,train
BRA_cluster_44862,inspected
BRA_cluster_44987,train
BRA_cluster_45000,train
BRA_cluster_45004,test
BRA_cluster_45006,train
BRA_cluster_44988,train
BRA_cluster_45007,train
BRA_cluster_45008,val
BRA_cluster_45011,train
BRA_cluster_45020,inspected
BRA_cluster_45018,inspected
BRA_cluster_45016,test
BRA_cluster_45021,val
BRA_cluster_45022,val
BRA_cluster_45025,val
BRA_cluster_45023,val
BRA_cluster_45027,test
BRA_cluster_45028,train
BRA_cluster_45029,inspected
BRA_cluster_45030,train
BRA_cluster_45038,train
BRA_cluster_45040,test
BRA_cluster_45045,train
BRA_cluster_45044,train
BRA_cluster_45055,train
BRA_cluster_45056,train
BRA_cluster_45059,val
BRA_cluster_45063,train
BRA_cluster_45065,test
BRA_cluster_45066,inspected
BRA_cluster_45076,inspected
BRA_cluster_45067,inspected
BRA_cluster_45095,train
BRA_cluster_45089,train
BRA_cluster_45105,train
BRA_cluster_45098,test
BRA_cluster_45102,train
BRA_cluster_45111,train
BRA_cluster_45156,train
BRA_cluster_45147,test
BRA_cluster_45152,inspected
BRA_cluster_45207,inspected
BRA_cluster_45272,test
BRA_cluster_45268,test
BRA_cluster_45269,inspected
BRA_cluster_45432,inspected
BRA_cluster_45337,inspected
BRA_cluster_45633,inspected
BRA_cluster_45705,test
BRA_cluster_45619,inspected
BRA_cluster_45719,train
BRA_cluster_4589,inspected
BRA_cluster_46253,train
BRA_cluster_46438,train
BRA_cluster_4574,inspected
BRA_cluster_47012,inspected
BRA_cluster_47180,train
BRA_cluster_4647,inspected
BRA_cluster_47540,train
BRA_cluster_47545,train
BRA_cluster_47556,train
BRA_cluster_47553,train
BRA_cluster_47561,train
BRA_cluster_47625,val
BRA_cluster_48039,inspected
BRA_cluster_48134,inspected
BRA_cluster_4785,inspected
BRA_cluster_48200,inspected
BRA_cluster_49221,inspected
BRA_cluster_48275,train
BRA_cluster_49379,inspected
BRA_cluster_49381,val
BRA_cluster_49545,inspected
BRA_cluster_49993,inspected
BRA_cluster_5007,train
BRA_cluster_50193,inspected
BRA_cluster_50493,inspected
BRA_cluster_50506,test
BRA_cluster_50438,inspected
BRA_cluster_50655,inspected
BRA_cluster_50805,train
BRA_cluster_50688,train
BRA_cluster_50696,train
BRA_cluster_50846,inspected
BRA_cluster_5113,inspected
BRA_cluster_51340,train
BRA_cluster_51325,train
BRA_cluster_51341,train
BRA_cluster_51354,train
BRA_cluster_51360,inspected
BRA_cluster_51629,inspected
BRA_cluster_51481,inspected
BRA_cluster_51562,val
BRA_cluster_51516,train
BRA_cluster_52204,val
BRA_cluster_52236,train
BRA_cluster_5200,train
BRA_cluster_5227,val
BRA_cluster_52758,val
BRA_cluster_52438,train
BRA_cluster_52310,inspected
BRA_cluster_52774,inspected
BRA_cluster_52791,test
BRA_cluster_53161,inspected
BRA_cluster_53163,inspected
BRA_cluster_53172,inspected
BRA_cluster_53187,inspected
BRA_cluster_53175,inspected
BRA_cluster_53210,inspected
BRA_cluster_53224,inspected
BRA_cluster_53229,inspected
BRA_cluster_53262,inspected
BRA_cluster_53464,inspected
BRA_cluster_53528,inspected
BRA_cluster_53616,inspected
BRA_cluster_53589,inspected
BRA_cluster_5407,val
BRA_cluster_53827,train
BRA_cluster_54082,inspected
BRA_cluster_5411,train
BRA_cluster_5417,train
BRA_cluster_5418,test
BRA_cluster_54209,train
BRA_cluster_5421,train
BRA_cluster_54215,train
BRA_cluster_54214,train
BRA_cluster_5422,train
BRA_cluster_54252,inspected
BRA_cluster_5427,train
BRA_cluster_5430,train
BRA_cluster_54302,train
BRA_cluster_5432,train
BRA_cluster_5426,inspected
BRA_cluster_54473,train
BRA_cluster_54573,inspected
BRA_cluster_54601,inspected
BRA_cluster_54656,train
BRA_cluster_54685,val
BRA_cluster_54779,inspected
BRA_cluster_54683,train
BRA_cluster_5478,train
BRA_cluster_548,inspected
BRA_cluster_54932,inspected
BRA_cluster_54934,inspected
BRA_cluster_54964,val
BRA_cluster_54937,inspected
BRA_cluster_54936,train
BRA_cluster_54935,train
BRA_cluster_54968,test
BRA_cluster_54975,train
BRA_cluster_54976,train
BRA_cluster_55083,train
BRA_cluster_55107,train
BRA_cluster_55127,inspected
BRA_cluster_5515,train
BRA_cluster_54974,inspected
BRA_cluster_55211,val
BRA_cluster_54977,inspected
BRA_cluster_5537,train
BRA_cluster_55249,train
BRA_cluster_5572,inspected
BRA_cluster_5591,train
BRA_cluster_55944,inspected
BRA_cluster_55929,inspected
BRA_cluster_56130,inspected
BRA_cluster_56147,train
BRA_cluster_5617,val
BRA_cluster_56406,train
BRA_cluster_5635,val
BRA_cluster_56750,train
BRA_cluster_56791,train
BRA_cluster_56795,inspected
BRA_cluster_56797,train
BRA_cluster_57019,inspected
BRA_cluster_57115,inspected
BRA_cluster_5711,inspected
BRA_cluster_57212,inspected
BRA_cluster_57343,inspected
BRA_cluster_57355,train
BRA_cluster_57441,train
BRA_cluster_57475,test
BRA_cluster_57497,inspected
BRA_cluster_57508,train
BRA_cluster_5802,inspected
BRA_cluster_58313,inspected
BRA_cluster_58241,inspected
BRA_cluster_58520,inspected
BRA_cluster_58598,train
BRA_cluster_58526,train
BRA_cluster_58633,train
BRA_cluster_59100,test
BRA_cluster_59245,train
BRA_cluster_59287,inspected
BRA_cluster_59377,train
BRA_cluster_59317,inspected
BRA_cluster_59340,train
BRA_cluster_59509,train
BRA_cluster_59645,train
BRA_cluster_59635,train
BRA_cluster_59649,val
BRA_cluster_59634,train
BRA_cluster_59653,test
BRA_cluster_59676,train
BRA_cluster_59684,train
BRA_cluster_59686,train
BRA_cluster_60084,test
BRA_cluster_59672,test
BRA_cluster_59661,train
BRA_cluster_60100,train
BRA_cluster_59691,train
BRA_cluster_60504,inspected
BRA_cluster_60463,inspected
BRA_cluster_60695,train
BRA_cluster_6058,train
BRA_cluster_60730,inspected
BRA_cluster_61,train
BRA_cluster_6137,train
BRA_cluster_6177,test
BRA_cluster_61806,test
BRA_cluster_61807,inspected
BRA_cluster_61815,train
BRA_cluster_62,test
BRA_cluster_6311,inspected
BRA_cluster_6286,inspected
BRA_cluster_6325,inspected
BRA_cluster_6354,inspected
BRA_cluster_6389,train
BRA_cluster_6390,inspected
BRA_cluster_6372,train
BRA_cluster_6444,inspected
BRA_cluster_6416,train
BRA_cluster_6469,test
BRA_cluster_6511,train
BRA_cluster_6530,inspected
BRA_cluster_6544,inspected
BRA_cluster_6576,inspected
BRA_cluster_70,val
BRA_cluster_6724,inspected
BRA_cluster_6681,train
BRA_cluster_7112,train
BRA_cluster_7176,inspected
BRA_cluster_7142,inspected
BRA_cluster_7227,test
BRA_cluster_7232,train
BRA_cluster_7284,inspected
BRA_cluster_7291,train
BRA_cluster_7282,train
BRA_cluster_7287,train
BRA_cluster_7386,test
BRA_cluster_7468,inspected
BRA_cluster_7423,test
BRA_cluster_8394,train
BRA_cluster_8269,train
BRA_cluster_8251,inspected
BRA_cluster_8515,train
BRA_cluster_8524,train
BRA_cluster_8700,inspected
BRA_cluster_8702,inspected
BRA_cluster_8706,train
BRA_cluster_8875,inspected
BRA_cluster_8918,val
BRA_cluster_8931,train
BRA_cluster_895,inspected
BRA_cluster_956,inspected
BRA_cluster_9456,inspected
BRA_cluster_971,train
BRA_cluster_9787,inspected
BRA_cluster_985,inspected
BRA_cluster_9804,test
BRA_cluster_9868,inspected
BRA_cluster_9877,train
CHL_cluster_1003,val
CHL_cluster_1004,inspected
CHL_cluster_1016,train
CHL_cluster_1007,train
CHL_cluster_1017,train
CHL_cluster_1025,val
CHL_cluster_1031,inspected
CHL_cluster_1032,inspected
CHL_cluster_1033,inspected
CHL_cluster_1029,inspected
CHL_cluster_1027,train
CHL_cluster_1034,inspected
CHL_cluster_1035,train
CHL_cluster_1037,test
CHL_cluster_1039,train
CHL_cluster_1036,inspected
CHL_cluster_1043,train
CHL_cluster_1041,inspected
CHL_cluster_1044,val
CHL_cluster_1057,inspected
CHL_cluster_1053,test
CHL_cluster_1059,train
CHL_cluster_1049,inspected
CHL_cluster_1060,inspected
CHL_cluster_1061,inspected
CHL_cluster_1064,inspected
CHL_cluster_1063,train
CHL_cluster_1071,train
CHL_cluster_1072,train
CHL_cluster_1075,train
CHL_cluster_1073,train
CHL_cluster_1078,train
CHL_cluster_1077,train
CHL_cluster_1079,train
CHL_cluster_1080,test
CHL_cluster_1084,val
CHL_cluster_1086,train
CHL_cluster_1083,inspected
CHL_cluster_1089,inspected
CHL_cluster_1091,test
CHL_cluster_1093,train
CHL_cluster_1094,train
CHL_cluster_1095,test
CHL_cluster_1100,val
CHL_cluster_1096,inspected
CHL_cluster_1098,inspected
CHL_cluster_1103,inspected
CHL_cluster_1104,test
CHL_cluster_1106,test
CHL_cluster_1109,train
CHL_cluster_1112,train
CHL_cluster_1113,inspected
CHL_cluster_1119,inspected
CHL_cluster_1115,train
CHL_cluster_1125,val
CHL_cluster_1127,train
CHL_cluster_1128,inspected
CHL_cluster_1131,train
CHL_cluster_1132,train
CHL_cluster_1133,inspected
CHL_cluster_1139,test
CHL_cluster_1138,inspected
CHL_cluster_1140,test
CHL_cluster_1146,train
CHL_cluster_1151,test
CHL_cluster_1149,train
CHL_cluster_1152,train
CHL_cluster_1153,train
CHL_cluster_1154,inspected
CHL_cluster_1156,train
CHL_cluster_1163,inspected
CHL_cluster_1167,inspected
CHL_cluster_1179,inspected
CHL_cluster_1171,inspected
CHL_cluster_1157,inspected
CHL_cluster_1181,inspected
CHL_cluster_1194,train
CHL_cluster_1201,inspected
CHL_cluster_1204,inspected
CHL_cluster_1220,train
CHL_cluster_1213,train
CHL_cluster_1210,inspected
CHL_cluster_1221,inspected
CHL_cluster_1224,train
CHL_cluster_1226,train
CHL_cluster_1223,inspected
CHL_cluster_1235,inspected
CHL_cluster_1241,inspected
CHL_cluster_1243,test
CHL_cluster_1242,inspected
CHL_cluster_1246,test
CHL_cluster_1248,inspected
CHL_cluster_1255,train
CHL_cluster_1251,inspected
CHL_cluster_1261,train
CHL_cluster_1268,test
CHL_cluster_1262,train
CHL_cluster_1271,val
CHL_cluster_1274,inspected
CHL_cluster_1273,inspected
CHL_cluster_1276,inspected
CHL_cluster_1275,train
CHL_cluster_1280,inspected
CHL_cluster_1282,inspected
CHL_cluster_1284,train
CHL_cluster_1292,train
CHL_cluster_1288,inspected
CHL_cluster_1293,val
CHL_cluster_1305,inspected
CHL_cluster_1319,inspected
CHL_cluster_1320,inspected
CHL_cluster_1321,inspected
CHL_cluster_1324,train
CHL_cluster_1325,train
CHL_cluster_1328,train
CHL_cluster_1330,inspected
CHL_cluster_1331,train
CHL_cluster_1340,val
CHL_cluster_1341,inspected
CHL_cluster_1344,inspected
CHL_cluster_1347,train
CHL_cluster_1345,train
CHL_cluster_1348,inspected
CHL_cluster_1352,train
CHL_cluster_1353,train
CHL_cluster_1354,val
CHL_cluster_1356,train
CHL_cluster_1355,val
CHL_cluster_1357,val
CHL_cluster_1360,test
CHL_cluster_1361,inspected
CHL_cluster_1358,train
CHL_cluster_1363,test
CHL_cluster_1365,train
CHL_cluster_1366,val
CHL_cluster_1362,train
CHL_cluster_1368,val
CHL_cluster_1369,inspected
CHL_cluster_1372,test
CHL_cluster_1371,inspected
CHL_cluster_1373,test
CHL_cluster_1374,train
CHL_cluster_1375,inspected
CHL_cluster_1376,inspected
CHL_cluster_1377,train
CHL_cluster_1381,train
CHL_cluster_1379,inspected
CHL_cluster_1382,test
CHL_cluster_1367,test
CHL_cluster_1384,inspected
CHL_cluster_1383,train
CHL_cluster_1385,train
CHL_cluster_1386,inspected
CHL_cluster_1387,train
CHL_cluster_1388,val
CHL_cluster_1389,inspected
CHL_cluster_1390,train
CHL_cluster_1391,val
CHL_cluster_1392,train
CHL_cluster_1394,test
CHL_cluster_1395,train
CHL_cluster_1396,val
CHL_cluster_1397,train
CHL_cluster_1399,test
CHL_cluster_1398,val
CHL_cluster_1400,inspected
CHL_cluster_1401,train
CHL_cluster_1403,train
CHL_cluster_1405,train
CHL_cluster_1404,train
CHL_cluster_1406,val
CHL_cluster_1407,inspected
CHL_cluster_1408,test
CHL_cluster_1409,train
CHL_cluster_1411,train
CHL_cluster_1412,train
CHL_cluster_1414,test
CHL_cluster_1415,train
CHL_cluster_1416,inspected
CHL_cluster_1417,test
CHL_cluster_1418,train
CHL_cluster_1421,inspected
CHL_cluster_1426,inspected
CHL_cluster_1423,inspected
CHL_cluster_1427,val
CHL_cluster_1429,train
CHL_cluster_1430,train
CHL_cluster_1431,inspected
CHL_cluster_1434,inspected
CHL_cluster_1435,train
CHL_cluster_1436,inspected
CHL_cluster_1437,inspected
CHL_cluster_1438,train
CHL_cluster_1439,inspected
CHL_cluster_1440,train
CHL_cluster_144,inspected
CHL_cluster_1441,inspected
CHL_cluster_1444,inspected
CHL_cluster_1446,inspected
CHL_cluster_1449,train
CHL_cluster_1448,val
CHL_cluster_1450,test
CHL_cluster_1456,train
CHL_cluster_1454,inspected
CHL_cluster_1453,train
CHL_cluster_1455,test
CHL_cluster_1459,inspected
CHL_cluster_1461,train
CHL_cluster_1460,train
CHL_cluster_146,inspected
CHL_cluster_1466,test
CHL_cluster_1469,train
CHL_cluster_1471,val
CHL_cluster_1478,inspected
CHL_cluster_1479,train
CHL_cluster_1476,train
CHL_cluster_1481,test
CHL_cluster_1474,inspected
CHL_cluster_1483,train
CHL_cluster_1486,val
CHL_cluster_1490,train
CHL_cluster_1492,train
CHL_cluster_1491,train
CHL_cluster_1494,train
CHL_cluster_1498,inspected
CHL_cluster_1497,val
CHL_cluster_1499,inspected
CHL_cluster_1503,train
CHL_cluster_1504,train
CHL_cluster_1509,train
CHL_cluster_1519,train
CHL_cluster_1535,train
CHL_cluster_1539,inspected
CHL_cluster_1536,inspected
CHL_cluster_1541,train
CHL_cluster_1544,inspected
CHL_cluster_1542,train
CHL_cluster_1560,inspected
CHL_cluster_1632,inspected
CHL_cluster_1633,train
CHL_cluster_1655,train
CHL_cluster_1635,inspected
CHL_cluster_1667,inspected
CHL_cluster_1684,val
CHL_cluster_168,test
CHL_cluster_169,train
CHL_cluster_170,train
CHL_cluster_1712,train
CHL_cluster_1707,train
CHL_cluster_172,inspected
CHL_cluster_1715,inspected
CHL_cluster_1755,train
CHL_cluster_1767,inspected
CHL_cluster_1770,inspected
CHL_cluster_1807,inspected
CHL_cluster_1768,inspected
CHL_cluster_1809,inspected
CHL_cluster_1814,inspected
CHL_cluster_1832,inspected
CHL_cluster_1877,inspected
CHL_cluster_1846,inspected
CHL_cluster_1899,inspected
CHL_cluster_1915,inspected
CHL_cluster_1918,inspected
CHL_cluster_1923,inspected
CHL_cluster_1919,inspected
CHL_cluster_195,inspected
CHL_cluster_1943,inspected
CHL_cluster_1959,train
CHL_cluster_1960,train
CHL_cluster_1961,train
CHL_cluster_1962,train
CHL_cluster_1964,train
CHL_cluster_1981,train
CHL_cluster_1991,inspected
CHL_cluster_1982,inspected
CHL_cluster_1992,inspected
CHL_cluster_1996,inspected
CHL_cluster_2009,inspected
CHL_cluster_200,inspected
CHL_cluster_2010,train
CHL_cluster_2012,inspected
CHL_cluster_2046,train
CHL_cluster_2033,train
CHL_cluster_204,inspected
CHL_cluster_2057,inspected
CHL_cluster_2056,inspected
CHL_cluster_205,train
CHL_cluster_2058,train
CHL_cluster_2060,test
CHL_cluster_2061,test
CHL_cluster_2062,train
CHL_cluster_2063,train
CHL_cluster_2064,val
CHL_cluster_2067,train
CHL_cluster_2069,train
CHL_cluster_2068,test
CHL_cluster_2074,train
CHL_cluster_2076,train
CHL_cluster_2078,val
CHL_cluster_2077,train
CHL_cluster_208,train
CHL_cluster_2084,val
CHL_cluster_2116,inspected
CHL_cluster_2095,test
CHL_cluster_2089,train
CHL_cluster_2117,test
CHL_cluster_2123,val
CHL_cluster_2119,val
CHL_cluster_2194,inspected
CHL_cluster_2197,train
CHL_cluster_2205,train
CHL_cluster_2218,train
CHL_cluster_2213,train
CHL_cluster_2208,train
CHL_cluster_2206,train
CHL_cluster_2220,inspected
CHL_cluster_2219,train
CHL_cluster_2224,train
CHL_cluster_2228,inspected
CHL_cluster_2229,val
CHL_cluster_2235,train
CHL_cluster_2233,train
CHL_cluster_2232,test
CHL_cluster_2237,train
CHL_cluster_2240,train
CHL_cluster_2244,inspected
CHL_cluster_2242,val
CHL_cluster_2245,test
CHL_cluster_2246,val
CHL_cluster_2253,train
CHL_cluster_2249,test
CHL_cluster_2262,val
CHL_cluster_2268,inspected
CHL_cluster_2278,train
CHL_cluster_2277,train
CHL_cluster_2279,train
CHL_cluster_2283,train
CHL_cluster_2280,train
CHL_cluster_2286,inspected
CHL_cluster_2297,train
CHL_cluster_2300,train
CHL_cluster_2308,train
CHL_cluster_2310,train
CHL_cluster_2309,train
CHL_cluster_2312,inspected
CHL_cluster_2318,train
CHL_cluster_2342,train
CHL_cluster_2317,train
CHL_cluster_2343,val
CHL_cluster_2345,test
CHL_cluster_2346,train
CHL_cluster_2344,test
CHL_cluster_2347,train
CHL_cluster_2349,train
CHL_cluster_2348,train
CHL_cluster_2350,train
CHL_cluster_2351,train
CHL_cluster_2353,val
CHL_cluster_2352,train
CHL_cluster_2355,train
CHL_cluster_2357,val
CHL_cluster_2354,test
CHL_cluster_2356,train
CHL_cluster_2382,val
CHL_cluster_2386,test
CHL_cluster_2411,train
CHL_cluster_2406,val
CHL_cluster_2414,train
CHL_cluster_2432,train
CHL_cluster_2464,train
CHL_cluster_2536,train
CHL_cluster_2660,test
CHL_cluster_2753,train
CHL_cluster_2680,train
CHL_cluster_277,train
CHL_cluster_284,train
CHL_cluster_385,inspected
CHL_cluster_285,train
CHL_cluster_33,val
CHL_cluster_39,train
CHL_cluster_407,train
CHL_cluster_47,inspected
CHL_cluster_44,train
CHL_cluster_517,train
CHL_cluster_495,inspected
CHL_cluster_519,val
CHL_cluster_520,train
CHL_cluster_521,train
CHL_cluster_518,train
CHL_cluster_522,train
CHL_cluster_525,train
CHL_cluster_524,train
CHL_cluster_527,inspected
CHL_cluster_523,test
CHL_cluster_532,train
CHL_cluster_543,train
CHL_cluster_544,train
CHL_cluster_541,train
CHL_cluster_545,train
CHL_cluster_549,train
CHL_cluster_528,train
CHL_cluster_550,val
CHL_cluster_556,inspected
CHL_cluster_555,inspected
CHL_cluster_558,inspected
CHL_cluster_56,train
CHL_cluster_560,inspected
CHL_cluster_562,train
CHL_cluster_568,test
CHL_cluster_565,test
CHL_cluster_564,inspected
CHL_cluster_570,train
CHL_cluster_575,train
CHL_cluster_587,train
CHL_cluster_580,train
CHL_cluster_582,train
CHL_cluster_589,train
CHL_cluster_593,val
CHL_cluster_594,train
CHL_cluster_591,val
CHL_cluster_590,train
CHL_cluster_595,train
CHL_cluster_598,inspected
CHL_cluster_599,train
CHL_cluster_600,train
CHL_cluster_603,train
CHL_cluster_604,train
CHL_cluster_608,inspected
CHL_cluster_612,train
CHL_cluster_618,train
CHL_cluster_619,train
CHL_cluster_620,inspected
CHL_cluster_615,inspected
CHL_cluster_621,train
CHL_cluster_631,train
CHL_cluster_628,train
CHL_cluster_651,train
CHL_cluster_635,train
CHL_cluster_626,train
CHL_cluster_637,val
CHL_cluster_661,inspected
CHL_cluster_662,test
CHL_cluster_665,val
CHL_cluster_664,inspected
CHL_cluster_667,train
CHL_cluster_673,train
CHL_cluster_663,train
CHL_cluster_669,train
CHL_cluster_672,train
CHL_cluster_678,val
CHL_cluster_674,train
CHL_cluster_681,inspected
CHL_cluster_682,train
CHL_cluster_683,val
CHL_cluster_684,test
CHL_cluster_688,train
CHL_cluster_687,inspected
CHL_cluster_696,val
CHL_cluster_699,inspected
CHL_cluster_700,train
CHL_cluster_689,inspected
CHL_cluster_702,inspected
CHL_cluster_709,train
CHL_cluster_713,inspected
CHL_cluster_711,inspected
CHL_cluster_754,inspected
CHL_cluster_799,train
CHL_cluster_787,inspected
CHL_cluster_826,train
CHL_cluster_839,train
CHL_cluster_844,inspected
CHL_cluster_838,test
CHL_cluster_858,inspected
CHL_cluster_883,train
CHL_cluster_891,inspected
CHL_cluster_887,inspected
CHL_cluster_894,inspected
CHL_cluster_895,test
CHL_cluster_892,train
CHL_cluster_896,train
CHL_cluster_930,test
CHL_cluster_897,train
CHL_cluster_91,val
CHL_cluster_938,inspected
CHL_cluster_944,inspected
CHL_cluster_963,inspected
CHL_cluster_950,train
CHL_cluster_966,train
CHL_cluster_971,inspected
CHL_cluster_975,train
CHL_cluster_978,train
CHL_cluster_972,train
CHL_cluster_983,train
CHL_cluster_990,train
CHL_cluster_984,train
CHL_cluster_994,inspected
MEX_cluster_10023,inspected
MEX_cluster_10151,train
MEX_cluster_10071,train
MEX_cluster_10117,train
MEX_cluster_1016,train
MEX_cluster_10175,train
MEX_cluster_10185,train
MEX_cluster_1017,train
MEX_cluster_10178,train
MEX_cluster_10186,train
MEX_cluster_10220,train
MEX_cluster_10228,train
MEX_cluster_1022,train
MEX_cluster_10231,train
MEX_cluster_10236,train
MEX_cluster_10240,inspected
MEX_cluster_1025,train
MEX_cluster_1028,train
MEX_cluster_10267,train
MEX_cluster_10285,test
MEX_cluster_10325,train
MEX_cluster_1031,train
MEX_cluster_10317,train
MEX_cluster_10351,train
MEX_cluster_10353,train
MEX_cluster_1037,train
MEX_cluster_10352,train
MEX_cluster_10377,inspected
MEX_cluster_10376,train
MEX_cluster_10389,train
MEX_cluster_10399,train
MEX_cluster_1039,train
MEX_cluster_1038,inspected
MEX_cluster_10407,train
MEX_cluster_1043,train
MEX_cluster_10452,train
MEX_cluster_1044,train
MEX_cluster_10455,inspected
MEX_cluster_1047,inspected
MEX_cluster_10480,train
MEX_cluster_1049,train
MEX_cluster_10526,train
MEX_cluster_1054,train
MEX_cluster_1051,train
MEX_cluster_10543,train
MEX_cluster_10570,train
MEX_cluster_10593,train
MEX_cluster_10594,inspected
MEX_cluster_10599,train
MEX_cluster_10600,train
MEX_cluster_10601,train
MEX_cluster_10619,inspected
MEX_cluster_1064,train
MEX_cluster_10631,test
MEX_cluster_1071,train
MEX_cluster_10735,test
MEX_cluster_10739,inspected
MEX_cluster_10742,train
MEX_cluster_10745,train
MEX_cluster_10766,train
MEX_cluster_10767,train
MEX_cluster_10769,train
MEX_cluster_10773,train
MEX_cluster_10771,train
MEX_cluster_10772,train
MEX_cluster_10774,train
MEX_cluster_10776,train
MEX_cluster_10777,train
MEX_cluster_1078,inspected
MEX_cluster_10779,train
MEX_cluster_10782,train
MEX_cluster_10780,train
MEX_cluster_10785,train
MEX_cluster_10786,train
MEX_cluster_10789,train
MEX_cluster_10787,inspected
MEX_cluster_10791,val
MEX_cluster_10794,train
MEX_cluster_10792,train
MEX_cluster_10810,train
MEX_cluster_10808,train
MEX_cluster_10812,train
MEX_cluster_10839,train
MEX_cluster_10811,train
MEX_cluster_10813,train
MEX_cluster_10861,train
MEX_cluster_10889,inspected
MEX_cluster_1088,inspected
MEX_cluster_10890,train
MEX_cluster_10882,train
MEX_cluster_10895,train
MEX_cluster_10902,train
MEX_cluster_10913,inspected
MEX_cluster_10912,train
MEX_cluster_10920,train
MEX_cluster_10942,train
MEX_cluster_10930,train
MEX_cluster_10945,train
MEX_cluster_10956,train
MEX_cluster_10953,train
MEX_cluster_10946,train
MEX_cluster_10965,train
MEX_cluster_10931,train
MEX_cluster_10984,train
MEX_cluster_11000,train
MEX_cluster_11013,inspected
MEX_cluster_11030,train
MEX_cluster_1104,train
MEX_cluster_11050,train
MEX_cluster_10985,train
MEX_cluster_10992,train
MEX_cluster_11056,train
MEX_cluster_11052,train
MEX_cluster_11057,train
MEX_cluster_11053,train
MEX_cluster_11060,train
MEX_cluster_1106,inspected
MEX_cluster_11095,train
MEX_cluster_11062,train
MEX_cluster_11100,train
MEX_cluster_11102,train
MEX_cluster_11107,train
MEX_cluster_11106,train
MEX_cluster_11108,train
MEX_cluster_11113,train
MEX_cluster_11122,inspected
MEX_cluster_11125,train
MEX_cluster_11123,train
MEX_cluster_11126,train
MEX_cluster_11136,train
MEX_cluster_11145,test
MEX_cluster_11146,inspected
MEX_cluster_11151,train
MEX_cluster_11153,train
MEX_cluster_11175,train
MEX_cluster_11185,train
MEX_cluster_11196,train
MEX_cluster_11201,test
MEX_cluster_11231,train
MEX_cluster_11276,train
MEX_cluster_11272,train
MEX_cluster_11288,train
MEX_cluster_11278,test
MEX_cluster_11289,train
MEX_cluster_11290,train
MEX_cluster_11296,train
MEX_cluster_11298,train
MEX_cluster_11303,train
MEX_cluster_11291,train
MEX_cluster_11304,val
MEX_cluster_11318,train
MEX_cluster_11319,train
MEX_cluster_1132,train
MEX_cluster_11329,train
MEX_cluster_11326,train
MEX_cluster_11336,train
MEX_cluster_11337,train
MEX_cluster_11339,train
MEX_cluster_11359,train
MEX_cluster_11363,train
MEX_cluster_11365,train
MEX_cluster_11362,train
MEX_cluster_11327,train
MEX_cluster_11366,train
MEX_cluster_11368,train
MEX_cluster_11367,train
MEX_cluster_11396,train
MEX_cluster_11402,train
MEX_cluster_11399,train
MEX_cluster_11424,train
MEX_cluster_11426,train
MEX_cluster_11437,train
MEX_cluster_11379,train
MEX_cluster_11459,train
MEX_cluster_11466,train
MEX_cluster_11467,train
MEX_cluster_11493,inspected
MEX_cluster_11482,train
MEX_cluster_11504,inspected
MEX_cluster_11484,train
MEX_cluster_11514,inspected
MEX_cluster_11507,train
MEX_cluster_11513,inspected
MEX_cluster_11549,train
MEX_cluster_11550,train
MEX_cluster_1156,train
MEX_cluster_11569,train
MEX_cluster_11566,inspected
MEX_cluster_11563,train
MEX_cluster_11571,train
MEX_cluster_11572,train
MEX_cluster_116,train
MEX_cluster_11580,train
MEX_cluster_11607,inspected
MEX_cluster_11610,train
MEX_cluster_11633,train
MEX_cluster_11652,train
MEX_cluster_11611,train
MEX_cluster_11654,train
MEX_cluster_11656,val
MEX_cluster_11664,inspected
MEX_cluster_11668,train
MEX_cluster_11669,train
MEX_cluster_11670,train
MEX_cluster_11666,train
MEX_cluster_11674,train
MEX_cluster_11672,train
MEX_cluster_11679,train
MEX_cluster_11680,train
MEX_cluster_11683,train
MEX_cluster_11685,inspected
MEX_cluster_11691,train
MEX_cluster_11692,train
MEX_cluster_11693,train
MEX_cluster_11706,test
MEX_cluster_11710,train
MEX_cluster_11712,train
MEX_cluster_11711,train
MEX_cluster_11713,inspected
MEX_cluster_11743,train
MEX_cluster_11719,train
MEX_cluster_11739,train
MEX_cluster_11749,train
MEX_cluster_11750,train
MEX_cluster_11788,train
MEX_cluster_11787,inspected
MEX_cluster_11752,train
MEX_cluster_11791,train
MEX_cluster_11797,train
MEX_cluster_11813,train
MEX_cluster_11814,train
MEX_cluster_11842,train
MEX_cluster_11818,train
MEX_cluster_11843,train
MEX_cluster_11844,train
MEX_cluster_11851,train
MEX_cluster_11858,train
MEX_cluster_11854,train
MEX_cluster_11848,train
MEX_cluster_11860,train
MEX_cluster_11887,train
MEX_cluster_11884,train
MEX_cluster_11871,train
MEX_cluster_11919,train
MEX_cluster_11943,train
MEX_cluster_11950,train
MEX_cluster_11953,train
MEX_cluster_11975,train
MEX_cluster_11965,train
MEX_cluster_1198,train
MEX_cluster_11891,train
MEX_cluster_12000,val
MEX_cluster_12001,train
MEX_cluster_11903,train
MEX_cluster_12006,train
MEX_cluster_12007,test
MEX_cluster_12008,train
MEX_cluster_12012,train
MEX_cluster_12011,train
MEX_cluster_12014,train
MEX_cluster_12019,train
MEX_cluster_12020,train
MEX_cluster_12022,train
MEX_cluster_12023,train
MEX_cluster_12025,train
MEX_cluster_12004,train
MEX_cluster_12028,train
MEX_cluster_12032,train
MEX_cluster_12033,train
MEX_cluster_12047,train
MEX_cluster_12053,train
MEX_cluster_12051,train
MEX_cluster_12128,train
MEX_cluster_12132,train
MEX_cluster_12062,train
MEX_cluster_12168,train
MEX_cluster_12169,train
MEX_cluster_12167,train
MEX_cluster_12165,train
MEX_cluster_12170,train
MEX_cluster_12174,train
MEX_cluster_12171,train
MEX_cluster_12173,train
MEX_cluster_12176,train
MEX_cluster_12189,train
MEX_cluster_12190,train
MEX_cluster_12180,train
MEX_cluster_12197,train
MEX_cluster_12191,train
MEX_cluster_12201,train
MEX_cluster_12203,train
MEX_cluster_12210,train
MEX_cluster_12204,train
MEX_cluster_12212,train
MEX_cluster_12211,train
MEX_cluster_12233,train
MEX_cluster_12227,train
MEX_cluster_12242,train
MEX_cluster_12247,inspected
MEX_cluster_12255,train
MEX_cluster_12244,train
MEX_cluster_12245,train
MEX_cluster_12260,train
MEX_cluster_12263,train
MEX_cluster_12257,train
MEX_cluster_12264,inspected
MEX_cluster_12266,train
MEX_cluster_12268,train
MEX_cluster_1232,inspected
MEX_cluster_12324,train
MEX_cluster_12327,train
MEX_cluster_12323,train
MEX_cluster_12408,inspected
MEX_cluster_12488,train
MEX_cluster_12464,train
MEX_cluster_12480,train
MEX_cluster_12517,train
MEX_cluster_1249,inspected
MEX_cluster_1252,train
MEX_cluster_12521,train
MEX_cluster_12525,train
MEX_cluster_12526,train
MEX_cluster_12528,train
MEX_cluster_12529,train
MEX_cluster_12531,train
MEX_cluster_12534,train
MEX_cluster_12539,train
MEX_cluster_12559,train
MEX_cluster_12551,train
MEX_cluster_12567,train
MEX_cluster_12570,train
MEX_cluster_12573,inspected
MEX_cluster_12579,train
MEX_cluster_12543,train
MEX_cluster_1259,train
MEX_cluster_12618,train
MEX_cluster_12614,train
MEX_cluster_12615,val
MEX_cluster_12627,train
MEX_cluster_12621,train
MEX_cluster_12622,train
MEX_cluster_12637,train
MEX_cluster_12671,train
MEX_cluster_1255,train
MEX_cluster_12672,train
MEX_cluster_12676,train
MEX_cluster_12634,train
MEX_cluster_12675,train
MEX_cluster_12678,train
MEX_cluster_12677,train
MEX_cluster_12681,train
MEX_cluster_12685,train
MEX_cluster_12684,inspected
MEX_cluster_12680,train
MEX_cluster_12688,val
MEX_cluster_12689,train
MEX_cluster_12705,train
MEX_cluster_12709,inspected
MEX_cluster_12720,train
MEX_cluster_12722,train
MEX_cluster_12723,train
MEX_cluster_12730,train
MEX_cluster_12736,train
MEX_cluster_12740,train
MEX_cluster_12739,train
MEX_cluster_12746,train
MEX_cluster_12750,train
MEX_cluster_12747,train
MEX_cluster_12758,train
MEX_cluster_12760,train
MEX_cluster_12771,train
MEX_cluster_12780,train
MEX_cluster_12755,train
MEX_cluster_12797,train
MEX_cluster_12822,train
MEX_cluster_12798,train
MEX_cluster_12811,train
MEX_cluster_12831,train
MEX_cluster_12843,train
MEX_cluster_1286,train
MEX_cluster_12851,train
MEX_cluster_12882,train
MEX_cluster_12874,train
MEX_cluster_12886,train
MEX_cluster_12884,train
MEX_cluster_12893,train
MEX_cluster_12889,train
MEX_cluster_12901,train
MEX_cluster_12908,train
MEX_cluster_12905,train
MEX_cluster_12909,train
MEX_cluster_12894,train
MEX_cluster_12911,train
MEX_cluster_12918,train
MEX_cluster_12914,train
MEX_cluster_12924,train
MEX_cluster_12923,train
MEX_cluster_12927,train
MEX_cluster_12933,train
MEX_cluster_12942,train
MEX_cluster_12980,train
MEX_cluster_12953,inspected
MEX_cluster_12982,test
MEX_cluster_12986,train
MEX_cluster_12984,train
MEX_cluster_12998,train
MEX_cluster_13002,inspected
MEX_cluster_13017,inspected
MEX_cluster_13018,train
MEX_cluster_13020,train
MEX_cluster_13026,train
MEX_cluster_13036,train
MEX_cluster_13041,inspected
MEX_cluster_13078,train
MEX_cluster_13081,train
MEX_cluster_13080,inspected
MEX_cluster_13079,train
MEX_cluster_13128,train
MEX_cluster_13085,train
MEX_cluster_1314,train
MEX_cluster_13136,train
MEX_cluster_13161,train
MEX_cluster_13154,train
MEX_cluster_13181,train
MEX_cluster_13200,train
MEX_cluster_13266,train
MEX_cluster_13252,train
MEX_cluster_13253,train
MEX_cluster_13269,inspected
MEX_cluster_13277,train
MEX_cluster_1331,train
MEX_cluster_13278,train
MEX_cluster_1332,train
MEX_cluster_13312,train
MEX_cluster_13369,train
MEX_cluster_13398,train
MEX_cluster_13402,inspected
MEX_cluster_1345,train
MEX_cluster_13466,inspected
MEX_cluster_13365,inspected
MEX_cluster_13482,train
MEX_cluster_13481,val
MEX_cluster_13463,train
MEX_cluster_1341,inspected
MEX_cluster_13484,train
MEX_cluster_13508,train
MEX_cluster_1352,train
MEX_cluster_13546,train
MEX_cluster_1357,inspected
MEX_cluster_1358,train
MEX_cluster_13630,train
MEX_cluster_1360,train
MEX_cluster_1365,val
MEX_cluster_13652,train
MEX_cluster_13650,train
MEX_cluster_13651,train
MEX_cluster_13653,train
MEX_cluster_13656,train
MEX_cluster_13657,train
MEX_cluster_13663,train
MEX_cluster_1368,train
MEX_cluster_13687,train
MEX_cluster_13681,train
MEX_cluster_13683,train
MEX_cluster_13684,train
MEX_cluster_13693,train
MEX_cluster_13696,train
MEX_cluster_13702,train
MEX_cluster_13697,train
MEX_cluster_13704,train
MEX_cluster_13703,train
MEX_cluster_13711,train
MEX_cluster_1371,train
MEX_cluster_13716,train
MEX_cluster_13712,train
MEX_cluster_13717,train
MEX_cluster_13718,train
MEX_cluster_13721,train
MEX_cluster_13723,train
MEX_cluster_13731,train
MEX_cluster_13730,train
MEX_cluster_1372,train
MEX_cluster_13771,train
MEX_cluster_13774,train
MEX_cluster_13775,train
MEX_cluster_13764,train
MEX_cluster_13777,train
MEX_cluster_13780,train
MEX_cluster_13782,train
MEX_cluster_13787,train
MEX_cluster_13798,train
MEX_cluster_13793,train
MEX_cluster_13809,train
MEX_cluster_13821,train
MEX_cluster_13808,train
MEX_cluster_13847,train
MEX_cluster_13841,train
MEX_cluster_13783,train
MEX_cluster_1385,train
MEX_cluster_13852,train
MEX_cluster_13860,train
MEX_cluster_13859,train
MEX_cluster_13861,train
MEX_cluster_13857,train
MEX_cluster_1387,train
MEX_cluster_1391,val
MEX_cluster_13872,train
MEX_cluster_1392,train
MEX_cluster_1393,val
MEX_cluster_13939,inspected
MEX_cluster_13933,train
MEX_cluster_13931,inspected
MEX_cluster_1394,test
MEX_cluster_13948,train
MEX_cluster_1397,train
MEX_cluster_13951,val
MEX_cluster_13959,train
MEX_cluster_13995,train
MEX_cluster_13999,train
MEX_cluster_13998,train
MEX_cluster_1400,train
MEX_cluster_14000,train
MEX_cluster_14005,test
MEX_cluster_14007,train
MEX_cluster_14006,train
MEX_cluster_14008,train
MEX_cluster_14011,train
MEX_cluster_14012,train
MEX_cluster_14009,train
MEX_cluster_14016,train
MEX_cluster_14024,train
MEX_cluster_14017,train
MEX_cluster_14063,train
MEX_cluster_1409,train
MEX_cluster_1408,train
MEX_cluster_1411,train
MEX_cluster_14103,val
MEX_cluster_1413,train
MEX_cluster_14155,train
MEX_cluster_14161,train
MEX_cluster_1412,train
MEX_cluster_14198,inspected
MEX_cluster_1421,train
MEX_cluster_14235,train
MEX_cluster_14238,train
MEX_cluster_14236,train
MEX_cluster_14240,train
MEX_cluster_14241,train
MEX_cluster_14244,train
MEX_cluster_14246,train
MEX_cluster_14255,train
MEX_cluster_14257,train
MEX_cluster_1426,train
MEX_cluster_14278,inspected
MEX_cluster_14273,train
MEX_cluster_14301,inspected
MEX_cluster_14303,train
MEX_cluster_1430,train
MEX_cluster_1431,train
MEX_cluster_14305,train
MEX_cluster_1428,train
MEX_cluster_14359,train
MEX_cluster_1432,test
MEX_cluster_14368,train
MEX_cluster_14361,train
MEX_cluster_14369,train
MEX_cluster_1436,train
MEX_cluster_1437,test
MEX_cluster_14385,train
MEX_cluster_14376,train
MEX_cluster_14393,train
MEX_cluster_14389,train
MEX_cluster_14397,train
MEX_cluster_14403,train
MEX_cluster_14410,train
MEX_cluster_14417,train
MEX_cluster_1442,train
MEX_cluster_14459,inspected
MEX_cluster_14420,train
MEX_cluster_1445,train
MEX_cluster_14462,train
MEX_cluster_14464,train
MEX_cluster_14470,train
MEX_cluster_14473,val
MEX_cluster_14476,train
MEX_cluster_14491,train
MEX_cluster_1448,train
MEX_cluster_14496,train
MEX_cluster_14505,train
MEX_cluster_14507,train
MEX_cluster_14510,train
MEX_cluster_14512,train
MEX_cluster_14513,train
MEX_cluster_1452,train
MEX_cluster_14516,train
MEX_cluster_14531,train
MEX_cluster_14520,train
MEX_cluster_14537,train
MEX_cluster_14546,train
MEX_cluster_14557,train
MEX_cluster_1455,train
MEX_cluster_14569,inspected
MEX_cluster_14612,train
MEX_cluster_14576,inspected
MEX_cluster_14600,train
MEX_cluster_14616,train
MEX_cluster_14617,train
MEX_cluster_14613,train
MEX_cluster_14615,train
MEX_cluster_14618,train
MEX_cluster_14619,train
MEX_cluster_14624,train
MEX_cluster_14621,test
MEX_cluster_14625,train
MEX_cluster_14626,train
MEX_cluster_1463,train
MEX_cluster_14630,inspected
MEX_cluster_14632,train
MEX_cluster_14635,train
MEX_cluster_14631,train
MEX_cluster_14640,train
MEX_cluster_14642,train
MEX_cluster_14641,train
MEX_cluster_14636,train
MEX_cluster_14643,train
MEX_cluster_14644,train
MEX_cluster_14647,train
MEX_cluster_14645,train
MEX_cluster_14656,train
MEX_cluster_14651,train
MEX_cluster_14652,train
MEX_cluster_14658,train
MEX_cluster_1466,train
MEX_cluster_14659,train
MEX_cluster_14654,train
MEX_cluster_14668,train
MEX_cluster_14660,train
MEX_cluster_1467,train
MEX_cluster_14669,train
MEX_cluster_14673,train
MEX_cluster_14671,train
MEX_cluster_14674,train
MEX_cluster_14677,train
MEX_cluster_14678,train
MEX_cluster_14676,train
MEX_cluster_14685,train
MEX_cluster_14679,train
MEX_cluster_14688,train
MEX_cluster_14690,train
MEX_cluster_14687,train
MEX_cluster_14686,train
MEX_cluster_14699,train
MEX_cluster_14692,inspected
MEX_cluster_14693,train
MEX_cluster_14701,train
MEX_cluster_14704,train
MEX_cluster_14703,train
MEX_cluster_14702,train
MEX_cluster_14708,train
MEX_cluster_14709,train
MEX_cluster_14707,train
MEX_cluster_14710,val
MEX_cluster_1471,train
MEX_cluster_14716,train
MEX_cluster_14715,train
MEX_cluster_14721,train
MEX_cluster_14720,train
MEX_cluster_14724,train
MEX_cluster_14722,train
MEX_cluster_14733,inspected
MEX_cluster_14734,train
MEX_cluster_14736,train
MEX_cluster_14728,train
MEX_cluster_14735,inspected
MEX_cluster_14738,train
MEX_cluster_14750,train
MEX_cluster_14757,train
MEX_cluster_14752,inspected
MEX_cluster_14747,train
MEX_cluster_14759,train
MEX_cluster_1476,train
MEX_cluster_14760,train
MEX_cluster_14763,train
MEX_cluster_14767,train
MEX_cluster_14784,inspected
MEX_cluster_14772,train
MEX_cluster_14779,train
MEX_cluster_14777,train
MEX_cluster_14788,train
MEX_cluster_14787,train
MEX_cluster_14792,train
MEX_cluster_14795,inspected
MEX_cluster_14791,train
MEX_cluster_14806,train
MEX_cluster_14800,inspected
MEX_cluster_14807,train
MEX_cluster_1481,train
MEX_cluster_14827,train
MEX_cluster_1486,train
MEX_cluster_14832,inspected
MEX_cluster_14882,train
MEX_cluster_14884,train
MEX_cluster_14883,train
MEX_cluster_14885,test
MEX_cluster_14887,train
MEX_cluster_14886,train
MEX_cluster_14888,train
MEX_cluster_14891,train
MEX_cluster_14893,train
MEX_cluster_14897,inspected
MEX_cluster_14898,train
MEX_cluster_14903,train
MEX_cluster_14899,train
MEX_cluster_14902,train
MEX_cluster_14904,inspected
MEX_cluster_14909,train
MEX_cluster_14907,train
MEX_cluster_14910,train
MEX_cluster_14916,train
MEX_cluster_14906,train
MEX_cluster_14917,train
MEX_cluster_14918,train
MEX_cluster_14915,train
MEX_cluster_14919,train
MEX_cluster_14921,train
MEX_cluster_14924,train
MEX_cluster_1492,train
MEX_cluster_14925,train
MEX_cluster_14930,train
MEX_cluster_14931,train
MEX_cluster_14929,train
MEX_cluster_14932,train
MEX_cluster_14940,train
MEX_cluster_14936,train
MEX_cluster_14938,inspected
MEX_cluster_14946,train
MEX_cluster_14944,train
MEX_cluster_14950,train
MEX_cluster_14942,train
MEX_cluster_14953,train
MEX_cluster_14949,train
MEX_cluster_14952,train
MEX_cluster_14954,train
MEX_cluster_14956,train
MEX_cluster_14958,train
MEX_cluster_14955,train
MEX_cluster_14961,train
MEX_cluster_14963,train
MEX_cluster_14964,train
MEX_cluster_14966,inspected
MEX_cluster_14970,train
MEX_cluster_14968,train
MEX_cluster_14972,train
MEX_cluster_14965,train
MEX_cluster_14981,inspected
MEX_cluster_14976,train
MEX_cluster_14979,train
MEX_cluster_14987,train
MEX_cluster_14983,train
MEX_cluster_14990,train
MEX_cluster_15000,train
MEX_cluster_15003,inspected
MEX_cluster_15004,train
MEX_cluster_15009,train
MEX_cluster_15061,train
MEX_cluster_15049,train
MEX_cluster_15112,train
MEX_cluster_1514,train
MEX_cluster_15086,train
MEX_cluster_14948,inspected
MEX_cluster_1521,train
MEX_cluster_15156,train
MEX_cluster_15153,train
MEX_cluster_1528,train
MEX_cluster_15341,train
MEX_cluster_15288,train
MEX_cluster_15340,train
MEX_cluster_15344,train
MEX_cluster_15355,train
MEX_cluster_15350,train
MEX_cluster_15351,train
MEX_cluster_15387,inspected
MEX_cluster_15389,train
MEX_cluster_15385,train
MEX_cluster_15398,inspected
MEX_cluster_15393,inspected
MEX_cluster_15436,train
MEX_cluster_15413,train
MEX_cluster_15416,train
MEX_cluster_15432,train
MEX_cluster_15440,train
MEX_cluster_15457,train
MEX_cluster_15465,train
MEX_cluster_15450,inspected
MEX_cluster_15468,test
MEX_cluster_15467,train
MEX_cluster_15460,train
MEX_cluster_15470,train
MEX_cluster_15474,train
MEX_cluster_15479,train
MEX_cluster_15482,train
MEX_cluster_15487,train
MEX_cluster_15480,inspected
MEX_cluster_15489,train
MEX_cluster_15497,train
MEX_cluster_15491,train
MEX_cluster_15507,train
MEX_cluster_15508,train
MEX_cluster_15494,train
MEX_cluster_15516,train
MEX_cluster_15514,train
MEX_cluster_15509,inspected
MEX_cluster_15522,test
MEX_cluster_15525,train
MEX_cluster_15533,inspected
MEX_cluster_15526,train
MEX_cluster_15547,train
MEX_cluster_15551,train
MEX_cluster_15554,train
MEX_cluster_15553,train
MEX_cluster_15568,train
MEX_cluster_15590,train
MEX_cluster_15576,train
MEX_cluster_15611,train
MEX_cluster_15613,train
MEX_cluster_15618,train
MEX_cluster_15614,train
MEX_cluster_15625,train
MEX_cluster_15627,train
MEX_cluster_15621,train
MEX_cluster_15633,train
MEX_cluster_15628,train
MEX_cluster_15643,train
MEX_cluster_15644,train
MEX_cluster_15661,train
MEX_cluster_15663,train
MEX_cluster_15647,inspected
MEX_cluster_15667,val
MEX_cluster_15665,train
MEX_cluster_15728,train
MEX_cluster_15742,val
MEX_cluster_15726,train
MEX_cluster_15745,train
MEX_cluster_1575,train
MEX_cluster_15758,train
MEX_cluster_15763,train
MEX_cluster_15767,train
MEX_cluster_15782,train
MEX_cluster_15846,train
MEX_cluster_1581,train
MEX_cluster_15863,train
MEX_cluster_15870,inspected
MEX_cluster_15871,train
MEX_cluster_15780,train
MEX_cluster_15941,train
MEX_cluster_15945,train
MEX_cluster_15948,train
MEX_cluster_15950,train
MEX_cluster_15965,inspected
MEX_cluster_15992,train
MEX_cluster_15964,train
MEX_cluster_16013,train
MEX_cluster_16014,train
MEX_cluster_16015,train
MEX_cluster_16018,train
MEX_cluster_1602,train
MEX_cluster_16017,train
MEX_cluster_16012,train
MEX_cluster_16021,train
MEX_cluster_16033,train
MEX_cluster_16034,train
MEX_cluster_16024,train
MEX_cluster_16046,train
MEX_cluster_16047,train
MEX_cluster_16049,train
MEX_cluster_16091,train
MEX_cluster_16050,train
MEX_cluster_16097,train
MEX_cluster_1611,train
MEX_cluster_16134,train
MEX_cluster_16136,train
MEX_cluster_16138,train
MEX_cluster_16142,train
MEX_cluster_16144,train
MEX_cluster_16143,train
MEX_cluster_16147,train
MEX_cluster_16149,train
MEX_cluster_16151,train
MEX_cluster_16145,train
MEX_cluster_16155,train
MEX_cluster_16152,train
MEX_cluster_16165,train
MEX_cluster_16161,train
MEX_cluster_1618,train
MEX_cluster_16166,train
MEX_cluster_16169,train
MEX_cluster_16193,train
MEX_cluster_16167,train
MEX_cluster_16195,train
MEX_cluster_1621,train
MEX_cluster_16233,train
MEX_cluster_1623,train
MEX_cluster_16236,train
MEX_cluster_16290,train
MEX_cluster_1627,train
MEX_cluster_16291,train
MEX_cluster_16235,train
MEX_cluster_16294,train
MEX_cluster_16293,train
MEX_cluster_16296,val
MEX_cluster_16298,train
MEX_cluster_16295,train
MEX_cluster_16297,train
MEX_cluster_16299,train
MEX_cluster_16301,train
MEX_cluster_16300,train
MEX_cluster_16304,train
MEX_cluster_16302,train
MEX_cluster_16308,train
MEX_cluster_16310,train
MEX_cluster_16309,train
MEX_cluster_16307,train
MEX_cluster_16311,train
MEX_cluster_16312,train
MEX_cluster_16313,train
MEX_cluster_16316,train
MEX_cluster_16315,train
MEX_cluster_16306,train
MEX_cluster_16322,train
MEX_cluster_16331,train
MEX_cluster_16321,train
MEX_cluster_16334,train
MEX_cluster_1634,train
MEX_cluster_16335,train
MEX_cluster_1635,train
MEX_cluster_16333,train
MEX_cluster_1636,train
MEX_cluster_1642,train
MEX_cluster_1646,train
MEX_cluster_1648,train
MEX_cluster_16568,train
MEX_cluster_1647,train
MEX_cluster_16573,train
MEX_cluster_16575,train
MEX_cluster_1658,train
MEX_cluster_16584,train
MEX_cluster_1660,train
MEX_cluster_1664,inspected
MEX_cluster_1666,train
MEX_cluster_16655,train
MEX_cluster_16680,train
MEX_cluster_16607,train
MEX_cluster_16691,train
MEX_cluster_16694,train
MEX_cluster_1667,train
MEX_cluster_16684,train
MEX_cluster_16697,inspected
MEX_cluster_16701,train
MEX_cluster_1673,train
MEX_cluster_16728,train
MEX_cluster_16730,train
MEX_cluster_16732,val
MEX_cluster_16729,train
MEX_cluster_1675,train
MEX_cluster_1678,train
MEX_cluster_16787,train
MEX_cluster_1670,train
MEX_cluster_16757,inspected
MEX_cluster_16791,train
MEX_cluster_16792,train
MEX_cluster_16803,train
MEX_cluster_16798,train
MEX_cluster_16807,val
MEX_cluster_16733,train
MEX_cluster_16815,train
MEX_cluster_16811,train
MEX_cluster_16821,train
MEX_cluster_16826,train
MEX_cluster_1685,train
MEX_cluster_16838,inspected
MEX_cluster_16876,inspected
MEX_cluster_17013,train
MEX_cluster_17014,train
MEX_cluster_17032,train
MEX_cluster_17042,train
MEX_cluster_17045,train
MEX_cluster_17012,train
MEX_cluster_17039,train
MEX_cluster_17077,train
MEX_cluster_17075,train
MEX_cluster_17079,train
MEX_cluster_17083,train
MEX_cluster_17099,train
MEX_cluster_17100,train
MEX_cluster_17104,train
MEX_cluster_17122,train
MEX_cluster_1717,train
MEX_cluster_17226,inspected
MEX_cluster_17203,train
MEX_cluster_1718,train
MEX_cluster_1725,train
MEX_cluster_17269,train
MEX_cluster_17232,inspected
MEX_cluster_17303,train
MEX_cluster_17334,train
MEX_cluster_17283,train
MEX_cluster_17316,train
MEX_cluster_17364,train
MEX_cluster_17339,inspected
MEX_cluster_17377,inspected
MEX_cluster_17379,train
MEX_cluster_1735,inspected
MEX_cluster_17409,train
MEX_cluster_17405,train
MEX_cluster_17429,train
MEX_cluster_1741,train
MEX_cluster_17450,inspected
MEX_cluster_17451,train
MEX_cluster_17418,train
MEX_cluster_17460,inspected
MEX_cluster_17466,inspected
MEX_cluster_1746,inspected
MEX_cluster_17492,inspected
MEX_cluster_17475,train
MEX_cluster_17495,train
MEX_cluster_17536,inspected
MEX_cluster_17543,train
MEX_cluster_17557,train
MEX_cluster_17562,train
MEX_cluster_17571,train
MEX_cluster_17588,test
MEX_cluster_1762,train
MEX_cluster_17565,train
MEX_cluster_17609,train
MEX_cluster_17616,train
MEX_cluster_1767,train
MEX_cluster_17712,train
MEX_cluster_17754,train
MEX_cluster_17704,val
MEX_cluster_17780,train
MEX_cluster_17862,train
MEX_cluster_17860,train
MEX_cluster_17865,train
MEX_cluster_17872,train
MEX_cluster_17882,train
MEX_cluster_17924,train
MEX_cluster_17914,inspected
MEX_cluster_17922,train
MEX_cluster_17925,inspected
MEX_cluster_17928,train
MEX_cluster_17944,train
MEX_cluster_17943,inspected
MEX_cluster_17999,inspected
MEX_cluster_17966,inspected
MEX_cluster_18034,train
MEX_cluster_18044,train
MEX_cluster_18045,train
MEX_cluster_17977,train
MEX_cluster_18080,train
MEX_cluster_18053,inspected
MEX_cluster_18052,train
MEX_cluster_18041,train
MEX_cluster_18087,train
MEX_cluster_18085,train
MEX_cluster_18105,inspected
MEX_cluster_18150,train
MEX_cluster_18161,inspected
MEX_cluster_1811,train
MEX_cluster_18163,train
MEX_cluster_18162,train
MEX_cluster_18160,val
MEX_cluster_18175,inspected
MEX_cluster_18180,train
MEX_cluster_18169,train
MEX_cluster_18188,train
MEX_cluster_18195,train
MEX_cluster_18178,train
MEX_cluster_18283,train
MEX_cluster_18287,train
MEX_cluster_18189,train
MEX_cluster_18292,train
MEX_cluster_18261,inspected
MEX_cluster_18337,train
MEX_cluster_18339,train
MEX_cluster_18338,train
MEX_cluster_18345,train
MEX_cluster_18346,train
MEX_cluster_18344,train
MEX_cluster_18295,train
MEX_cluster_18347,train
MEX_cluster_18351,train
MEX_cluster_18348,train
MEX_cluster_18350,train
MEX_cluster_18366,train
MEX_cluster_18353,train
MEX_cluster_18362,train
MEX_cluster_18664,train
MEX_cluster_1860,train
MEX_cluster_18696,test
MEX_cluster_1865,train
MEX_cluster_18698,test
MEX_cluster_18699,train
MEX_cluster_18697,train
MEX_cluster_18701,train
MEX_cluster_18700,train
MEX_cluster_18703,train
MEX_cluster_18709,train
MEX_cluster_18712,train
MEX_cluster_18710,train
MEX_cluster_1875,train
MEX_cluster_18706,train
MEX_cluster_1874,train
MEX_cluster_18781,train
MEX_cluster_18780,train
MEX_cluster_18783,train
MEX_cluster_18785,train
MEX_cluster_18786,inspected
MEX_cluster_18789,train
MEX_cluster_18800,train
MEX_cluster_18796,train
MEX_cluster_18791,inspected
MEX_cluster_18793,train
MEX_cluster_18804,train
MEX_cluster_18805,train
MEX_cluster_18807,train
MEX_cluster_18808,train
MEX_cluster_18810,train
MEX_cluster_18811,train
MEX_cluster_18814,train
MEX_cluster_18815,train
MEX_cluster_18819,train
MEX_cluster_1883,train
MEX_cluster_18834,inspected
MEX_cluster_18837,train
MEX_cluster_18843,train
MEX_cluster_18838,train
MEX_cluster_1887,train
MEX_cluster_18858,train
MEX_cluster_18879,train
MEX_cluster_1888,train
MEX_cluster_18880,train
MEX_cluster_18878,train
MEX_cluster_18885,train
MEX_cluster_18884,val
MEX_cluster_18886,train
MEX_cluster_18892,train
MEX_cluster_18900,train
MEX_cluster_18901,train
MEX_cluster_18895,train
MEX_cluster_1891,train
MEX_cluster_18902,train
MEX_cluster_18910,train
MEX_cluster_18920,train
MEX_cluster_18914,train
MEX_cluster_18911,train
MEX_cluster_18930,train
MEX_cluster_1893,train
MEX_cluster_1895,train
MEX_cluster_18957,train
MEX_cluster_18942,train
MEX_cluster_1894,inspected
MEX_cluster_18855,train
MEX_cluster_19011,inspected
MEX_cluster_19042,train
MEX_cluster_19010,inspected
MEX_cluster_19132,train
MEX_cluster_1907,train
MEX_cluster_19134,train
MEX_cluster_1906,train
MEX_cluster_1912,train
MEX_cluster_19146,train
MEX_cluster_19136,train
MEX_cluster_19155,train
MEX_cluster_19152,train
MEX_cluster_19151,train
MEX_cluster_19148,train
MEX_cluster_19157,test
MEX_cluster_19163,train
MEX_cluster_19170,train
MEX_cluster_19193,train
MEX_cluster_19183,train
MEX_cluster_19195,inspected
MEX_cluster_19201,train
MEX_cluster_1921,inspected
MEX_cluster_19210,train
MEX_cluster_19217,train
MEX_cluster_19212,test
MEX_cluster_19211,train
MEX_cluster_19221,train
MEX_cluster_1922,train
MEX_cluster_19204,train
MEX_cluster_19227,train
MEX_cluster_19236,train
MEX_cluster_19228,test
MEX_cluster_19258,train
MEX_cluster_19268,train
MEX_cluster_19263,train
MEX_cluster_19260,inspected
MEX_cluster_19276,train
MEX_cluster_19279,train
MEX_cluster_19286,inspected
MEX_cluster_19303,train
MEX_cluster_19293,train
MEX_cluster_19269,train
MEX_cluster_19304,inspected
MEX_cluster_19308,train
MEX_cluster_19316,inspected
MEX_cluster_19314,train
MEX_cluster_19319,val
MEX_cluster_19315,train
MEX_cluster_19328,train
MEX_cluster_19337,train
MEX_cluster_19340,train
MEX_cluster_19342,train
MEX_cluster_19356,train
MEX_cluster_19368,train
MEX_cluster_19354,train
MEX_cluster_19390,train
MEX_cluster_19388,train
MEX_cluster_19364,train
MEX_cluster_19396,train
MEX_cluster_19392,train
MEX_cluster_1940,train
MEX_cluster_19403,inspected
MEX_cluster_19399,inspected
MEX_cluster_19417,train
MEX_cluster_19409,train
MEX_cluster_19408,train
MEX_cluster_1943,train
MEX_cluster_19435,train
MEX_cluster_19440,train
MEX_cluster_19446,train
MEX_cluster_19442,train
MEX_cluster_19452,train
MEX_cluster_19457,train
MEX_cluster_19474,inspected
MEX_cluster_19473,train
MEX_cluster_19494,train
MEX_cluster_19514,inspected
MEX_cluster_19539,val
MEX_cluster_19500,train
MEX_cluster_19462,train
MEX_cluster_19545,train
MEX_cluster_19554,train
MEX_cluster_19558,train
MEX_cluster_19540,train
MEX_cluster_19562,train
MEX_cluster_19559,train
MEX_cluster_19397,train
MEX_cluster_19576,train
MEX_cluster_19570,train
MEX_cluster_19574,train
MEX_cluster_19575,train
MEX_cluster_19581,train
MEX_cluster_19585,train
MEX_cluster_19578,inspected
MEX_cluster_19586,train
MEX_cluster_19598,train
MEX_cluster_19609,train
MEX_cluster_19608,train
MEX_cluster_19612,train
MEX_cluster_19594,train
MEX_cluster_19617,train
MEX_cluster_19618,train
MEX_cluster_19621,train
MEX_cluster_19656,inspected
MEX_cluster_19665,inspected
MEX_cluster_19626,inspected
MEX_cluster_19679,train
MEX_cluster_19681,train
MEX_cluster_19682,train
MEX_cluster_19684,train
MEX_cluster_19687,train
MEX_cluster_19690,inspected
MEX_cluster_19694,train
MEX_cluster_19685,train
MEX_cluster_19706,inspected
MEX_cluster_1973,inspected
MEX_cluster_19736,train
MEX_cluster_19705,inspected
MEX_cluster_19737,train
MEX_cluster_19738,train
MEX_cluster_19743,train
MEX_cluster_19744,train
MEX_cluster_19741,train
MEX_cluster_19784,train
MEX_cluster_19591,train
MEX_cluster_19773,train
MEX_cluster_19792,train
MEX_cluster_19821,train
MEX_cluster_19875,train
MEX_cluster_19874,train
MEX_cluster_19815,inspected
MEX_cluster_19887,train
MEX_cluster_19895,train
MEX_cluster_19888,val
MEX_cluster_1990,train
MEX_cluster_19917,train
MEX_cluster_19942,inspected
MEX_cluster_19944,inspected
MEX_cluster_19946,train
MEX_cluster_1996,train
MEX_cluster_19966,train
MEX_cluster_19960,train
MEX_cluster_19971,train
MEX_cluster_19974,train
MEX_cluster_19973,train
MEX_cluster_19976,train
MEX_cluster_2001,train
MEX_cluster_2003,train
MEX_cluster_19979,train
MEX_cluster_19984,train
MEX_cluster_2012,train
MEX_cluster_2013,train
MEX_cluster_2006,train
MEX_cluster_2005,train
MEX_cluster_2021,train
MEX_cluster_2022,train
MEX_cluster_2023,train
MEX_cluster_2034,train
MEX_cluster_2028,train
MEX_cluster_2015,train
MEX_cluster_2038,train
MEX_cluster_2035,train
MEX_cluster_2039,test
MEX_cluster_2040,train
MEX_cluster_2043,train
MEX_cluster_2044,test
MEX_cluster_2041,train
MEX_cluster_2052,train
MEX_cluster_2055,train
MEX_cluster_2047,train
MEX_cluster_2057,test
MEX_cluster_2061,train
MEX_cluster_2068,train
MEX_cluster_2067,train
MEX_cluster_2069,train
MEX_cluster_2062,train
MEX_cluster_2076,train
MEX_cluster_2080,train
MEX_cluster_2086,train
MEX_cluster_2075,val
MEX_cluster_2099,train
MEX_cluster_2108,train
MEX_cluster_2117,train
MEX_cluster_2123,train
MEX_cluster_2122,train
MEX_cluster_2127,test
MEX_cluster_2125,train
MEX_cluster_2138,train
MEX_cluster_2135,train
MEX_cluster_2153,train
MEX_cluster_2158,train
MEX_cluster_2149,train
MEX_cluster_2155,train
MEX_cluster_2197,train
MEX_cluster_2190,val
MEX_cluster_2184,train
MEX_cluster_2245,train
MEX_cluster_2252,train
MEX_cluster_2258,inspected
MEX_cluster_2272,inspected
MEX_cluster_2275,train
MEX_cluster_2270,train
MEX_cluster_2295,train
MEX_cluster_2276,train
MEX_cluster_2308,train
MEX_cluster_2306,train
MEX_cluster_2313,train
MEX_cluster_2309,val
MEX_cluster_2299,train
MEX_cluster_2305,train
MEX_cluster_2314,train
MEX_cluster_2317,train
MEX_cluster_2318,train
MEX_cluster_2319,train
MEX_cluster_2375,train
MEX_cluster_2370,train
MEX_cluster_2323,train
MEX_cluster_2380,train
MEX_cluster_2391,train
MEX_cluster_2382,train
MEX_cluster_2408,inspected
MEX_cluster_2411,train
MEX_cluster_2413,train
MEX_cluster_2416,train
MEX_cluster_2418,train
MEX_cluster_2419,train
MEX_cluster_2424,train
MEX_cluster_2426,train
MEX_cluster_2425,train
MEX_cluster_2427,train
MEX_cluster_2429,train
MEX_cluster_2434,train
MEX_cluster_2436,train
MEX_cluster_2440,train
MEX_cluster_2442,train
MEX_cluster_2433,train
MEX_cluster_2443,train
MEX_cluster_2445,train
MEX_cluster_2444,train
MEX_cluster_2446,train
MEX_cluster_2452,train
MEX_cluster_2449,train
MEX_cluster_2458,inspected
MEX_cluster_2467,train
MEX_cluster_2492,train
MEX_cluster_2421,train
MEX_cluster_2457,train
MEX_cluster_2493,train
MEX_cluster_2495,train
MEX_cluster_2500,train
MEX_cluster_2501,train
MEX_cluster_2502,train
MEX_cluster_2509,train
MEX_cluster_2510,train
MEX_cluster_2511,train
MEX_cluster_2517,train
MEX_cluster_2527,train
MEX_cluster_2519,train
MEX_cluster_2530,inspected
MEX_cluster_2533,train
MEX_cluster_2532,train
MEX_cluster_2543,train
MEX_cluster_2549,train
MEX_cluster_2535,train
MEX_cluster_2569,train
MEX_cluster_2557,train
MEX_cluster_2571,train
MEX_cluster_2575,train
MEX_cluster_2577,inspected
MEX_cluster_2584,train
MEX_cluster_2586,train
MEX_cluster_2589,val
MEX_cluster_2588,train
MEX_cluster_2592,inspected
MEX_cluster_2591,train
MEX_cluster_2593,train
MEX_cluster_2597,inspected
MEX_cluster_2595,inspected
MEX_cluster_2596,train
MEX_cluster_2604,train
MEX_cluster_2606,train
MEX_cluster_2610,train
MEX_cluster_2611,train
MEX_cluster_2612,train
MEX_cluster_2614,inspected
MEX_cluster_2618,train
MEX_cluster_2508,train
MEX_cluster_2620,train
MEX_cluster_2617,train
MEX_cluster_2621,train
MEX_cluster_2629,train
MEX_cluster_2626,train
MEX_cluster_2631,train
MEX_cluster_2633,inspected
MEX_cluster_2632,train
MEX_cluster_2636,train
MEX_cluster_2635,train
MEX_cluster_2646,train
MEX_cluster_2639,train
MEX_cluster_2648,inspected
MEX_cluster_2642,train
MEX_cluster_2649,train
MEX_cluster_2651,train
MEX_cluster_2654,inspected
MEX_cluster_2656,train
MEX_cluster_2670,inspected
MEX_cluster_2665,test
MEX_cluster_2671,train
MEX_cluster_2657,train
MEX_cluster_2679,train
MEX_cluster_2680,train
MEX_cluster_2699,train
MEX_cluster_2691,train
MEX_cluster_2700,train
MEX_cluster_2693,inspected
MEX_cluster_2717,train
MEX_cluster_2716,train
MEX_cluster_2719,train
MEX_cluster_2715,train
MEX_cluster_2722,train
MEX_cluster_2706,train
MEX_cluster_2725,train
MEX_cluster_2724,inspected
MEX_cluster_2758,train
MEX_cluster_2823,train
MEX_cluster_2728,train
MEX_cluster_2825,train
MEX_cluster_2828,train
MEX_cluster_2761,test
MEX_cluster_2771,train
MEX_cluster_2830,train
MEX_cluster_2835,train
MEX_cluster_2832,train
MEX_cluster_2837,train
MEX_cluster_2838,train
MEX_cluster_2839,train
MEX_cluster_2836,train
MEX_cluster_2842,train
MEX_cluster_2847,train
MEX_cluster_2846,train
MEX_cluster_2848,train
MEX_cluster_2852,train
MEX_cluster_2854,train
MEX_cluster_2849,train
MEX_cluster_2856,train
MEX_cluster_2858,train
MEX_cluster_2850,train
MEX_cluster_2855,train
MEX_cluster_2862,inspected
MEX_cluster_2865,train
MEX_cluster_2859,test
MEX_cluster_2864,train
MEX_cluster_2869,inspected
MEX_cluster_2870,train
MEX_cluster_2875,train
MEX_cluster_2874,train
MEX_cluster_2876,train
MEX_cluster_2881,inspected
MEX_cluster_2882,train
MEX_cluster_2880,train
MEX_cluster_2883,train
MEX_cluster_2885,train
MEX_cluster_2886,train
MEX_cluster_2891,train
MEX_cluster_2890,inspected
MEX_cluster_2888,train
MEX_cluster_2895,train
MEX_cluster_2894,train
MEX_cluster_2896,train
MEX_cluster_2900,train
MEX_cluster_2901,train
MEX_cluster_2910,inspected
MEX_cluster_2917,train
MEX_cluster_2919,train
MEX_cluster_2922,train
MEX_cluster_2937,train
MEX_cluster_2931,test
MEX_cluster_2938,train
MEX_cluster_2939,train
MEX_cluster_2948,train
MEX_cluster_2940,train
MEX_cluster_2943,train
MEX_cluster_2950,train
MEX_cluster_2952,train
MEX_cluster_2954,train
MEX_cluster_2955,train
MEX_cluster_2958,train
MEX_cluster_2966,train
MEX_cluster_2944,inspected
MEX_cluster_2970,train
MEX_cluster_2979,train
MEX_cluster_2980,val
MEX_cluster_2967,train
MEX_cluster_2993,train
MEX_cluster_3008,train
MEX_cluster_3024,val
MEX_cluster_3025,train
MEX_cluster_2986,train
MEX_cluster_3026,train
MEX_cluster_2987,train
MEX_cluster_3027,train
MEX_cluster_3030,train
MEX_cluster_3029,train
MEX_cluster_3031,train
MEX_cluster_3028,train
MEX_cluster_3037,train
MEX_cluster_3035,train
MEX_cluster_3034,train
MEX_cluster_3038,train
MEX_cluster_3040,train
MEX_cluster_3044,val
MEX_cluster_3046,train
MEX_cluster_3048,train
MEX_cluster_3052,train
MEX_cluster_3050,train
MEX_cluster_3051,train
MEX_cluster_3049,train
MEX_cluster_3053,train
MEX_cluster_3056,train
MEX_cluster_3057,train
MEX_cluster_3054,train
MEX_cluster_3059,inspected
MEX_cluster_3058,train
MEX_cluster_3060,train
MEX_cluster_3061,train
MEX_cluster_3062,train
MEX_cluster_3063,train
MEX_cluster_3064,train
MEX_cluster_3067,train
MEX_cluster_3069,val
MEX_cluster_3071,train
MEX_cluster_3065,train
MEX_cluster_3072,train
MEX_cluster_3074,val
MEX_cluster_3073,train
MEX_cluster_3075,train
MEX_cluster_3079,train
MEX_cluster_3081,train
MEX_cluster_3087,train
MEX_cluster_3088,train
MEX_cluster_3085,train
MEX_cluster_31,train
MEX_cluster_3109,train
MEX_cluster_3114,inspected
MEX_cluster_3108,train
MEX_cluster_3151,train
MEX_cluster_3165,inspected
MEX_cluster_3191,train
MEX_cluster_3193,inspected
MEX_cluster_3192,train
MEX_cluster_3194,train
MEX_cluster_3196,train
MEX_cluster_3195,train
MEX_cluster_3198,train
MEX_cluster_3200,train
MEX_cluster_3201,train
MEX_cluster_3203,train
MEX_cluster_3204,train
MEX_cluster_3207,train
MEX_cluster_3210,train
MEX_cluster_3211,train
MEX_cluster_3212,train
MEX_cluster_3222,train
MEX_cluster_3218,train
MEX_cluster_3226,train
MEX_cluster_3227,train
MEX_cluster_3236,train
MEX_cluster_3239,train
MEX_cluster_3228,train
MEX_cluster_3247,train
MEX_cluster_3246,train
MEX_cluster_3259,train
MEX_cluster_3260,train
MEX_cluster_3263,train
MEX_cluster_3268,train
MEX_cluster_3267,train
MEX_cluster_3271,train
MEX_cluster_3264,train
MEX_cluster_3269,train
MEX_cluster_3295,train
MEX_cluster_3296,train
MEX_cluster_3300,train
MEX_cluster_3297,inspected
MEX_cluster_3299,train
MEX_cluster_3305,inspected
MEX_cluster_3308,train
MEX_cluster_3309,train
MEX_cluster_3304,train
MEX_cluster_3311,train
MEX_cluster_3313,train
MEX_cluster_3314,train
MEX_cluster_3315,train
MEX_cluster_3326,train
MEX_cluster_3333,inspected
MEX_cluster_3334,train
MEX_cluster_3338,inspected
MEX_cluster_3351,train
MEX_cluster_3345,train
MEX_cluster_3352,train
MEX_cluster_3353,train
MEX_cluster_3355,val
MEX_cluster_3358,train
MEX_cluster_3361,train
MEX_cluster_3365,train
MEX_cluster_3363,train
MEX_cluster_3366,inspected
MEX_cluster_3367,train
MEX_cluster_3368,train
MEX_cluster_3371,train
MEX_cluster_3377,train
MEX_cluster_3382,train
MEX_cluster_3380,train
MEX_cluster_3386,train
MEX_cluster_3392,train
MEX_cluster_3388,train
MEX_cluster_3389,train
MEX_cluster_3391,train
MEX_cluster_3395,train
MEX_cluster_3396,train
MEX_cluster_3394,train
MEX_cluster_3399,train
MEX_cluster_3403,train
MEX_cluster_3401,train
MEX_cluster_3404,train
MEX_cluster_3425,inspected
MEX_cluster_3422,train
MEX_cluster_3440,train
MEX_cluster_3430,train
MEX_cluster_3458,train
MEX_cluster_3754,train
MEX_cluster_4023,train
MEX_cluster_4026,train
MEX_cluster_4028,train
MEX_cluster_4030,train
MEX_cluster_4032,test
MEX_cluster_4035,train
MEX_cluster_4044,train
MEX_cluster_4052,train
MEX_cluster_4040,train
MEX_cluster_4049,train
MEX_cluster_4152,train
MEX_cluster_4173,train
MEX_cluster_4169,train
MEX_cluster_4172,train
MEX_cluster_4181,train
MEX_cluster_4175,train
MEX_cluster_4183,train
MEX_cluster_4198,test
MEX_cluster_4190,train
MEX_cluster_4182,train
MEX_cluster_4208,train
MEX_cluster_4230,train
MEX_cluster_4221,train
MEX_cluster_4202,train
MEX_cluster_4232,train
MEX_cluster_4241,test
MEX_cluster_4243,train
MEX_cluster_4248,train
MEX_cluster_4261,train
MEX_cluster_4249,train
MEX_cluster_4277,train
MEX_cluster_4267,train
MEX_cluster_4281,val
MEX_cluster_4282,train
MEX_cluster_4286,train
MEX_cluster_4285,train
MEX_cluster_4310,train
MEX_cluster_4291,train
MEX_cluster_4315,train
MEX_cluster_4320,train
MEX_cluster_4321,train
MEX_cluster_4311,train
MEX_cluster_4324,train
MEX_cluster_4328,train
MEX_cluster_4327,train
MEX_cluster_4325,train
MEX_cluster_4333,train
MEX_cluster_4362,train
MEX_cluster_4361,train
MEX_cluster_4449,train
MEX_cluster_4411,train
MEX_cluster_4451,inspected
MEX_cluster_4450,train
MEX_cluster_4452,train
MEX_cluster_4454,train
MEX_cluster_4456,train
MEX_cluster_4458,inspected
MEX_cluster_4459,train
MEX_cluster_4460,train
MEX_cluster_4462,train
MEX_cluster_4482,inspected
MEX_cluster_4463,val
MEX_cluster_4469,inspected
MEX_cluster_4485,train
MEX_cluster_4493,train
MEX_cluster_4495,train
MEX_cluster_4499,train
MEX_cluster_4522,train
MEX_cluster_4496,train
MEX_cluster_4536,inspected
MEX_cluster_4546,train
MEX_cluster_4548,train
MEX_cluster_4547,train
MEX_cluster_4552,train
MEX_cluster_4553,train
MEX_cluster_4555,train
MEX_cluster_4558,train
MEX_cluster_4563,train
MEX_cluster_4564,train
MEX_cluster_4565,train
MEX_cluster_4567,train
MEX_cluster_4566,train
MEX_cluster_4559,train
MEX_cluster_4575,train
MEX_cluster_4580,train
MEX_cluster_4585,train
MEX_cluster_4586,train
MEX_cluster_4587,train
MEX_cluster_4588,train
MEX_cluster_4578,train
MEX_cluster_4590,train
MEX_cluster_4598,train
MEX_cluster_4594,train
MEX_cluster_4636,train
MEX_cluster_4601,train
MEX_cluster_4634,train
MEX_cluster_4637,inspected
MEX_cluster_4639,train
MEX_cluster_4638,test
MEX_cluster_4652,train
MEX_cluster_4602,train
MEX_cluster_4654,train
MEX_cluster_4655,train
MEX_cluster_4646,train
MEX_cluster_4657,train
MEX_cluster_4658,train
MEX_cluster_4662,train
MEX_cluster_4663,train
MEX_cluster_4680,train
MEX_cluster_4685,train
MEX_cluster_4728,train
MEX_cluster_4716,train
MEX_cluster_4709,train
MEX_cluster_4707,train
MEX_cluster_4730,train
MEX_cluster_4737,train
MEX_cluster_4761,train
MEX_cluster_4847,train
MEX_cluster_4775,train
MEX_cluster_4770,inspected
MEX_cluster_4853,train
MEX_cluster_4858,inspected
MEX_cluster_4868,train
MEX_cluster_4862,train
MEX_cluster_4860,train
MEX_cluster_4884,train
MEX_cluster_4888,train
MEX_cluster_4900,inspected
MEX_cluster_4903,train
MEX_cluster_4906,train
MEX_cluster_4945,train
MEX_cluster_4959,train
MEX_cluster_5,train
MEX_cluster_505,train
MEX_cluster_5073,train
MEX_cluster_5069,train
MEX_cluster_5080,train
MEX_cluster_5081,train
MEX_cluster_5086,train
MEX_cluster_5090,train
MEX_cluster_5091,inspected
MEX_cluster_5096,train
MEX_cluster_5097,train
MEX_cluster_5100,train
MEX_cluster_5101,train
MEX_cluster_5103,train
MEX_cluster_5104,train
MEX_cluster_5105,inspected
MEX_cluster_5102,train
MEX_cluster_5108,train
MEX_cluster_5112,train
MEX_cluster_5117,train
MEX_cluster_5111,train
MEX_cluster_5121,train
MEX_cluster_5122,test
MEX_cluster_5118,train
MEX_cluster_5123,train
MEX_cluster_5127,test
MEX_cluster_5126,train
MEX_cluster_5129,train
MEX_cluster_5133,train
MEX_cluster_5139,train
MEX_cluster_5137,inspected
MEX_cluster_5146,train
MEX_cluster_5147,train
MEX_cluster_5150,train
MEX_cluster_5168,inspected
MEX_cluster_5153,train
MEX_cluster_5178,inspected
MEX_cluster_5182,train
MEX_cluster_5186,train
MEX_cluster_5191,train
MEX_cluster_5174,inspected
MEX_cluster_5198,train
MEX_cluster_5215,test
MEX_cluster_5306,train
MEX_cluster_5301,train
MEX_cluster_5277,train
MEX_cluster_5314,train
MEX_cluster_5316,train
MEX_cluster_5325,train
MEX_cluster_5349,inspected
MEX_cluster_5388,train
MEX_cluster_5328,inspected
MEX_cluster_5401,train
MEX_cluster_5406,train
MEX_cluster_5407,train
MEX_cluster_5413,train
MEX_cluster_5417,train
MEX_cluster_5420,train
MEX_cluster_5418,inspected
MEX_cluster_5421,train
MEX_cluster_5431,train
MEX_cluster_5433,train
MEX_cluster_5490,train
MEX_cluster_5437,train
MEX_cluster_5491,train
MEX_cluster_548,train
MEX_cluster_5493,train
MEX_cluster_5507,train
MEX_cluster_5514,test
MEX_cluster_5511,train
MEX_cluster_5530,train
MEX_cluster_5541,train
MEX_cluster_555,train
MEX_cluster_5560,train
MEX_cluster_5581,train
MEX_cluster_5697,train
MEX_cluster_5748,train
MEX_cluster_5749,train
MEX_cluster_5752,train
MEX_cluster_5758,train
MEX_cluster_5755,train
MEX_cluster_5756,train
MEX_cluster_5761,train
MEX_cluster_5764,train
MEX_cluster_5767,train
MEX_cluster_5768,train
MEX_cluster_5773,train
MEX_cluster_5775,train
MEX_cluster_5770,train
MEX_cluster_5785,train
MEX_cluster_5776,train
MEX_cluster_5783,train
MEX_cluster_5797,train
MEX_cluster_5800,train
MEX_cluster_5799,val
MEX_cluster_5798,train
MEX_cluster_5805,train
MEX_cluster_5819,train
MEX_cluster_5827,train
MEX_cluster_5823,train
MEX_cluster_5833,train
MEX_cluster_5837,train
MEX_cluster_5836,val
MEX_cluster_5843,train
MEX_cluster_5839,train
MEX_cluster_5853,train
MEX_cluster_5854,train
MEX_cluster_5862,train
MEX_cluster_5860,train
MEX_cluster_5863,test
MEX_cluster_5887,train
MEX_cluster_5874,train
MEX_cluster_5939,train
MEX_cluster_5908,train
MEX_cluster_5916,train
MEX_cluster_5905,train
MEX_cluster_5956,train
MEX_cluster_5958,train
MEX_cluster_5940,train
MEX_cluster_5950,train
MEX_cluster_5966,train
MEX_cluster_5983,val
MEX_cluster_6002,train
MEX_cluster_5965,train
MEX_cluster_6013,train
MEX_cluster_6094,train
MEX_cluster_6095,train
MEX_cluster_6089,train
MEX_cluster_6101,train
MEX_cluster_6104,train
MEX_cluster_6106,train
MEX_cluster_6110,train
MEX_cluster_6108,train
MEX_cluster_6114,train
MEX_cluster_6117,train
MEX_cluster_6135,train
MEX_cluster_6134,train
MEX_cluster_6137,inspected
MEX_cluster_6144,train
MEX_cluster_6141,train
MEX_cluster_6138,train
MEX_cluster_6159,train
MEX_cluster_6177,val
MEX_cluster_6163,train
MEX_cluster_6198,train
MEX_cluster_6228,train
MEX_cluster_6204,train
MEX_cluster_6232,train
MEX_cluster_6235,train
MEX_cluster_6231,train
MEX_cluster_6236,train
MEX_cluster_6238,train
MEX_cluster_6240,train
MEX_cluster_6243,train
MEX_cluster_6291,train
MEX_cluster_6253,train
MEX_cluster_6256,train
MEX_cluster_6300,train
MEX_cluster_6301,train
MEX_cluster_6321,train
MEX_cluster_6322,train
MEX_cluster_6317,train
MEX_cluster_6329,train
MEX_cluster_6344,inspected
MEX_cluster_6332,inspected
MEX_cluster_6346,inspected
MEX_cluster_635,train
MEX_cluster_637,train
MEX_cluster_640,train
MEX_cluster_6395,train
MEX_cluster_6401,train
MEX_cluster_6450,train
MEX_cluster_643,train
MEX_cluster_644,train
MEX_cluster_6447,train
MEX_cluster_6456,train
MEX_cluster_6451,train
MEX_cluster_6458,train
MEX_cluster_648,train
MEX_cluster_6486,inspected
MEX_cluster_651,train
MEX_cluster_6491,test
MEX_cluster_6527,train
MEX_cluster_6590,train
MEX_cluster_6591,train
MEX_cluster_6569,train
MEX_cluster_6593,train
MEX_cluster_6596,train
MEX_cluster_6595,train
MEX_cluster_6616,train
MEX_cluster_6597,val
MEX_cluster_6623,train
MEX_cluster_666,train
MEX_cluster_6630,inspected
MEX_cluster_6715,train
MEX_cluster_6779,inspected
MEX_cluster_6856,train
MEX_cluster_703,train
MEX_cluster_707,train
MEX_cluster_705,train
MEX_cluster_709,train
MEX_cluster_7094,train
MEX_cluster_7109,train
MEX_cluster_710,train
MEX_cluster_7114,train
MEX_cluster_711,train
MEX_cluster_7140,inspected
MEX_cluster_7207,train
MEX_cluster_719,train
MEX_cluster_7208,train
MEX_cluster_7168,train
MEX_cluster_726,train
MEX_cluster_7210,train
MEX_cluster_7221,train
MEX_cluster_7268,train
MEX_cluster_7272,train
MEX_cluster_7279,train
MEX_cluster_7285,train
MEX_cluster_7280,train
MEX_cluster_729,train
MEX_cluster_7296,train
MEX_cluster_730,train
MEX_cluster_7300,train
MEX_cluster_7301,train
MEX_cluster_7302,train
MEX_cluster_7304,train
MEX_cluster_7303,train
MEX_cluster_7307,train
MEX_cluster_7308,train
MEX_cluster_731,train
MEX_cluster_7309,train
MEX_cluster_7313,train
MEX_cluster_732,inspected
MEX_cluster_733,train
MEX_cluster_736,train
MEX_cluster_739,train
MEX_cluster_7385,train
MEX_cluster_744,train
MEX_cluster_7445,train
MEX_cluster_7444,train
MEX_cluster_7450,train
MEX_cluster_7455,train
MEX_cluster_7491,inspected
MEX_cluster_7493,train
MEX_cluster_7494,train
MEX_cluster_7474,train
MEX_cluster_7496,train
MEX_cluster_7495,train
MEX_cluster_7497,train
MEX_cluster_7506,train
MEX_cluster_7504,train
MEX_cluster_7505,train
MEX_cluster_7509,train
MEX_cluster_7507,train
MEX_cluster_751,train
MEX_cluster_7510,train
MEX_cluster_7517,train
MEX_cluster_7511,train
MEX_cluster_7518,test
MEX_cluster_752,train
MEX_cluster_7519,train
MEX_cluster_7520,train
MEX_cluster_7524,train
MEX_cluster_7528,train
MEX_cluster_7521,train
MEX_cluster_7530,train
MEX_cluster_7534,train
MEX_cluster_7533,inspected
MEX_cluster_7535,train
MEX_cluster_7532,train
MEX_cluster_7542,train
MEX_cluster_754,val
MEX_cluster_7536,train
MEX_cluster_7543,train
MEX_cluster_7544,train
MEX_cluster_7545,train
MEX_cluster_7551,val
MEX_cluster_7552,train
MEX_cluster_7556,inspected
MEX_cluster_7561,train
MEX_cluster_7563,train
MEX_cluster_7570,train
MEX_cluster_7572,train
MEX_cluster_7576,train
MEX_cluster_7579,train
MEX_cluster_7580,train
MEX_cluster_7582,train
MEX_cluster_7584,inspected
MEX_cluster_7587,train
MEX_cluster_7564,train
MEX_cluster_7588,train
MEX_cluster_7589,train
MEX_cluster_7592,train
MEX_cluster_7591,train
MEX_cluster_7595,train
MEX_cluster_7601,train
MEX_cluster_7598,train
MEX_cluster_7602,train
MEX_cluster_7603,train
MEX_cluster_7605,train
MEX_cluster_7616,test
MEX_cluster_7619,train
MEX_cluster_7626,train
MEX_cluster_7621,train
MEX_cluster_7622,train
MEX_cluster_7627,train
MEX_cluster_7628,train
MEX_cluster_7630,val
MEX_cluster_763,train
MEX_cluster_7633,train
MEX_cluster_7636,train
MEX_cluster_7641,train
MEX_cluster_7647,train
MEX_cluster_7650,test
MEX_cluster_7653,train
MEX_cluster_7657,train
MEX_cluster_7656,train
MEX_cluster_7658,train
MEX_cluster_7659,train
MEX_cluster_7666,train
MEX_cluster_767,inspected
MEX_cluster_7673,inspected
MEX_cluster_7672,train
MEX_cluster_7674,train
MEX_cluster_7691,train
MEX_cluster_7675,val
MEX_cluster_7682,train
MEX_cluster_7693,inspected
MEX_cluster_7718,inspected
MEX_cluster_7703,inspected
MEX_cluster_772,train
MEX_cluster_7699,train
MEX_cluster_7732,train
MEX_cluster_7745,train
MEX_cluster_7720,inspected
MEX_cluster_7738,train
MEX_cluster_7753,train
MEX_cluster_7750,train
MEX_cluster_7748,train
MEX_cluster_7751,train
MEX_cluster_7758,train
MEX_cluster_7759,train
MEX_cluster_7761,train
MEX_cluster_7760,train
MEX_cluster_7769,train
MEX_cluster_7763,train
MEX_cluster_7757,train
MEX_cluster_7762,train
MEX_cluster_7773,train
MEX_cluster_7772,train
MEX_cluster_7774,train
MEX_cluster_7775,train
MEX_cluster_7777,train
MEX_cluster_778,train
MEX_cluster_7778,train
MEX_cluster_7781,train
MEX_cluster_7787,train
MEX_cluster_7790,train
MEX_cluster_7783,train
MEX_cluster_7791,train
MEX_cluster_780,train
MEX_cluster_7793,train
MEX_cluster_7799,train
MEX_cluster_7806,inspected
MEX_cluster_7807,train
MEX_cluster_7800,train
MEX_cluster_7810,train
MEX_cluster_7826,train
MEX_cluster_7829,train
MEX_cluster_7838,train
MEX_cluster_783,train
MEX_cluster_7837,train
MEX_cluster_7840,train
MEX_cluster_7841,train
MEX_cluster_7847,train
MEX_cluster_7848,train
MEX_cluster_7833,train
MEX_cluster_7844,train
MEX_cluster_785,train
MEX_cluster_7852,train
MEX_cluster_786,train
MEX_cluster_7861,train
MEX_cluster_7850,train
MEX_cluster_7869,train
MEX_cluster_7867,train
MEX_cluster_7868,inspected
MEX_cluster_7870,train
MEX_cluster_7871,train
MEX_cluster_7874,train
MEX_cluster_7875,train
MEX_cluster_7872,train
MEX_cluster_7877,train
MEX_cluster_7889,train
MEX_cluster_7888,train
MEX_cluster_7879,train
MEX_cluster_7897,val
MEX_cluster_7892,train
MEX_cluster_7899,train
MEX_cluster_7900,train
MEX_cluster_7912,train
MEX_cluster_7921,train
MEX_cluster_7913,train
MEX_cluster_7914,train
MEX_cluster_7927,train
MEX_cluster_7923,train
MEX_cluster_7933,inspected
MEX_cluster_7922,train
MEX_cluster_7934,train
MEX_cluster_7937,train
MEX_cluster_7943,train
MEX_cluster_7944,train
MEX_cluster_7957,train
MEX_cluster_7953,train
MEX_cluster_795,train
MEX_cluster_7967,train
MEX_cluster_7988,train
MEX_cluster_7971,train
MEX_cluster_7979,train
MEX_cluster_7992,train
MEX_cluster_7996,train
MEX_cluster_8009,train
MEX_cluster_8013,train
MEX_cluster_8028,train
MEX_cluster_8034,train
MEX_cluster_8046,train
MEX_cluster_8042,train
MEX_cluster_8062,train
MEX_cluster_8061,train
MEX_cluster_8064,train
MEX_cluster_8070,train
MEX_cluster_8073,train
MEX_cluster_8080,train
MEX_cluster_8084,train
MEX_cluster_8082,train
MEX_cluster_8095,train
MEX_cluster_813,inspected
MEX_cluster_8143,train
MEX_cluster_8124,train
MEX_cluster_8108,train
MEX_cluster_8146,train
MEX_cluster_8153,train
MEX_cluster_8151,train
MEX_cluster_8144,train
MEX_cluster_8168,test
MEX_cluster_8166,train
MEX_cluster_8171,train
MEX_cluster_8169,train
MEX_cluster_8173,train
MEX_cluster_8176,train
MEX_cluster_8178,train
MEX_cluster_8180,train
MEX_cluster_8181,train
MEX_cluster_8192,train
MEX_cluster_8202,train
MEX_cluster_8199,train
MEX_cluster_8205,inspected
MEX_cluster_8211,train
MEX_cluster_8222,train
MEX_cluster_8214,train
MEX_cluster_8225,train
MEX_cluster_8228,train
MEX_cluster_8233,train
MEX_cluster_8237,train
MEX_cluster_8244,train
MEX_cluster_8241,train
MEX_cluster_8245,train
MEX_cluster_8262,train
MEX_cluster_8255,inspected
MEX_cluster_8266,train
MEX_cluster_829,train
MEX_cluster_828,train
MEX_cluster_8302,train
MEX_cluster_8200,train
MEX_cluster_831,train
MEX_cluster_8307,train
MEX_cluster_8308,train
MEX_cluster_8310,train
MEX_cluster_8313,train
MEX_cluster_8312,train
MEX_cluster_8303,train
MEX_cluster_8327,train
MEX_cluster_8331,inspected
MEX_cluster_833,train
MEX_cluster_8335,train
MEX_cluster_8337,test
MEX_cluster_8363,train
MEX_cluster_8340,train
MEX_cluster_8338,train
MEX_cluster_8364,train
MEX_cluster_8367,train
MEX_cluster_8366,inspected
MEX_cluster_8370,train
MEX_cluster_8388,train
MEX_cluster_8385,train
MEX_cluster_8389,test
MEX_cluster_8393,train
MEX_cluster_8391,test
MEX_cluster_8392,train
MEX_cluster_8394,train
MEX_cluster_8397,train
MEX_cluster_8396,train
MEX_cluster_8399,train
MEX_cluster_8400,val
MEX_cluster_841,train
MEX_cluster_8421,train
MEX_cluster_8420,train
MEX_cluster_8429,train
MEX_cluster_843,train
MEX_cluster_8442,inspected
MEX_cluster_8437,train
MEX_cluster_846,train
MEX_cluster_848,inspected
MEX_cluster_85,inspected
MEX_cluster_850,train
MEX_cluster_851,train
MEX_cluster_8530,train
MEX_cluster_853,train
MEX_cluster_8525,train
MEX_cluster_8535,train
MEX_cluster_8532,train
MEX_cluster_8547,inspected
MEX_cluster_855,train
MEX_cluster_8558,inspected
MEX_cluster_8555,train
MEX_cluster_8565,train
MEX_cluster_856,train
MEX_cluster_8568,train
MEX_cluster_8569,train
MEX_cluster_8572,train
MEX_cluster_8571,train
MEX_cluster_8573,train
MEX_cluster_8574,train
MEX_cluster_8576,train
MEX_cluster_8577,train
MEX_cluster_8575,train
MEX_cluster_8579,train
MEX_cluster_8580,val
MEX_cluster_8582,train
MEX_cluster_8585,train
MEX_cluster_8586,inspected
MEX_cluster_8592,train
MEX_cluster_8595,test
MEX_cluster_8598,train
MEX_cluster_8597,train
MEX_cluster_8599,train
MEX_cluster_8601,train
MEX_cluster_8608,inspected
MEX_cluster_863,train
MEX_cluster_8628,train
MEX_cluster_8656,train
MEX_cluster_8622,train
MEX_cluster_866,train
MEX_cluster_8697,train
MEX_cluster_8717,train
MEX_cluster_870,train
MEX_cluster_8725,inspected
MEX_cluster_873,train
MEX_cluster_882,train
MEX_cluster_879,inspected
MEX_cluster_886,train
MEX_cluster_885,train
MEX_cluster_8875,inspected
MEX_cluster_8933,train
MEX_cluster_888,train
MEX_cluster_895,train
MEX_cluster_8935,train
MEX_cluster_8937,train
MEX_cluster_8882,train
MEX_cluster_902,train
MEX_cluster_8995,train
MEX_cluster_8971,train
MEX_cluster_9017,train
MEX_cluster_9051,train
MEX_cluster_913,train
MEX_cluster_9102,inspected
MEX_cluster_9135,train
MEX_cluster_9152,train
MEX_cluster_9137,train
MEX_cluster_9160,train
MEX_cluster_917,train
MEX_cluster_918,train
MEX_cluster_9238,train
MEX_cluster_9243,val
MEX_cluster_921,train
MEX_cluster_9245,inspected
MEX_cluster_9258,inspected
MEX_cluster_928,train
MEX_cluster_9273,train
MEX_cluster_929,train
MEX_cluster_930,train
MEX_cluster_932,train
MEX_cluster_931,train
MEX_cluster_933,train
MEX_cluster_935,train
MEX_cluster_938,train
MEX_cluster_9446,train
MEX_cluster_9459,train
MEX_cluster_9487,train
MEX_cluster_9489,train
MEX_cluster_9498,train
MEX_cluster_9457,train
MEX_cluster_951,train
MEX_cluster_9501,train
MEX_cluster_9538,train
MEX_cluster_9525,train
MEX_cluster_959,train
MEX_cluster_9593,inspected
MEX_cluster_9639,train
MEX_cluster_9624,inspected
MEX_cluster_9648,test
MEX_cluster_9647,train
MEX_cluster_9666,inspected
MEX_cluster_97,train
MEX_cluster_9962,train
MEX_cluster_9915,train
THA_cluster_1005,train
THA_cluster_10319,train
THA_cluster_10305,train
THA_cluster_10233,inspected
THA_cluster_10321,train
THA_cluster_10338,train
THA_cluster_10332,train
THA_cluster_10709,train
THA_cluster_10674,val
THA_cluster_10725,inspected
THA_cluster_10716,train
THA_cluster_10727,train
THA_cluster_10771,train
THA_cluster_10775,train
THA_cluster_10797,inspected
THA_cluster_10830,train
THA_cluster_10834,test
THA_cluster_10867,train
THA_cluster_10930,train
THA_cluster_10943,train
THA_cluster_10962,train
THA_cluster_10978,train
THA_cluster_11010,train
THA_cluster_11025,train
THA_cluster_11067,train
THA_cluster_11074,train
THA_cluster_1111,train
THA_cluster_1124,train
THA_cluster_1115,train
THA_cluster_11250,train
THA_cluster_11297,train
THA_cluster_11351,train
THA_cluster_11353,train
THA_cluster_11356,train
THA_cluster_11357,train
THA_cluster_11483,train
THA_cluster_11394,train
THA_cluster_11369,train
THA_cluster_11383,train
THA_cluster_11485,train
THA_cluster_11513,train
THA_cluster_11540,train
THA_cluster_11586,train
THA_cluster_11529,train
THA_cluster_11683,train
THA_cluster_11692,inspected
THA_cluster_11649,train
THA_cluster_11640,train
THA_cluster_11733,test
THA_cluster_11737,train
THA_cluster_11761,val
THA_cluster_11725,train
THA_cluster_11768,val
THA_cluster_11869,train
THA_cluster_11910,train
THA_cluster_1194,train
THA_cluster_12035,train
THA_cluster_12049,train
THA_cluster_11864,train
THA_cluster_12160,train
THA_cluster_12145,train
THA_cluster_12088,inspected
THA_cluster_12201,train
THA_cluster_12161,train
THA_cluster_12211,train
THA_cluster_12191,inspected
THA_cluster_12222,train
THA_cluster_12214,train
THA_cluster_12221,train
THA_cluster_12227,train
THA_cluster_12246,train
THA_cluster_12249,train
THA_cluster_12295,inspected
THA_cluster_12336,train
THA_cluster_12398,train
THA_cluster_12437,test
THA_cluster_12452,train
THA_cluster_12402,train
THA_cluster_12455,val
THA_cluster_12485,train
THA_cluster_12463,train
THA_cluster_12589,inspected
THA_cluster_12590,train
THA_cluster_12594,train
THA_cluster_126,train
THA_cluster_12654,inspected
THA_cluster_12605,train
THA_cluster_12635,train
THA_cluster_12651,train
THA_cluster_12663,train
THA_cluster_12688,inspected
THA_cluster_12697,train
THA_cluster_12655,train
THA_cluster_12712,train
THA_cluster_12773,train
THA_cluster_1278,inspected
THA_cluster_12781,train
THA_cluster_12831,train
THA_cluster_12833,train
THA_cluster_12847,inspected
THA_cluster_12707,train
THA_cluster_12787,train
THA_cluster_12848,train
THA_cluster_1287,train
THA_cluster_12882,train
THA_cluster_12855,inspected
THA_cluster_12905,train
THA_cluster_12844,test
THA_cluster_12968,train
THA_cluster_12967,inspected
THA_cluster_12893,train
THA_cluster_12992,train
THA_cluster_13072,val
THA_cluster_13084,train
THA_cluster_13090,train
THA_cluster_13091,train
THA_cluster_13093,train
THA_cluster_13096,train
THA_cluster_13098,train
THA_cluster_13102,val
THA_cluster_13119,inspected
THA_cluster_13109,train
THA_cluster_13115,val
THA_cluster_13120,inspected
THA_cluster_13154,train
THA_cluster_13122,train
THA_cluster_13171,inspected
THA_cluster_13173,train
THA_cluster_13185,inspected
THA_cluster_13183,train
THA_cluster_13174,train
THA_cluster_13196,inspected
THA_cluster_13207,train
THA_cluster_13189,train
THA_cluster_13212,inspected
THA_cluster_13216,train
THA_cluster_13243,train
THA_cluster_13218,inspected
THA_cluster_13321,train
THA_cluster_13350,train
THA_cluster_13360,train
THA_cluster_13351,train
THA_cluster_13366,train
THA_cluster_13398,test
THA_cluster_13367,train
THA_cluster_13401,train
THA_cluster_13410,train
THA_cluster_13432,train
THA_cluster_13486,train
THA_cluster_13517,train
THA_cluster_13540,train
THA_cluster_13531,train
THA_cluster_13542,train
THA_cluster_13581,train
THA_cluster_13556,train
THA_cluster_13571,test
THA_cluster_13617,train
THA_cluster_13626,train
THA_cluster_13640,train
THA_cluster_13423,train
THA_cluster_13644,train
THA_cluster_13662,train
THA_cluster_13655,inspected
THA_cluster_13762,val
THA_cluster_138,train
THA_cluster_13738,train
THA_cluster_13673,train
THA_cluster_13800,test
THA_cluster_13817,train
THA_cluster_13834,train
THA_cluster_13836,train
THA_cluster_13926,test
THA_cluster_13893,train
THA_cluster_13903,train
THA_cluster_13970,train
THA_cluster_14063,train
THA_cluster_14015,train
THA_cluster_14075,train
THA_cluster_14098,val
THA_cluster_14096,train
THA_cluster_14138,train
THA_cluster_14110,test
THA_cluster_14189,val
THA_cluster_14200,val
THA_cluster_14215,train
THA_cluster_14249,train
THA_cluster_14251,train
THA_cluster_14345,train
THA_cluster_14388,train
THA_cluster_14392,train
THA_cluster_14422,train
THA_cluster_14397,train
THA_cluster_14426,train
THA_cluster_14427,train
THA_cluster_14433,val
THA_cluster_14441,train
THA_cluster_13837,train
THA_cluster_14467,train
THA_cluster_14465,val
THA_cluster_14470,train
THA_cluster_14479,val
THA_cluster_14475,train
THA_cluster_14486,train
THA_cluster_14474,train
THA_cluster_14515,train
THA_cluster_14540,train
THA_cluster_14525,train
THA_cluster_14547,train
THA_cluster_14548,train
THA_cluster_14562,train
THA_cluster_14571,train
THA_cluster_14811,train
THA_cluster_14821,train
THA_cluster_14689,train
THA_cluster_14739,test
THA_cluster_14879,train
THA_cluster_14927,train
THA_cluster_14933,inspected
THA_cluster_14938,inspected
THA_cluster_14976,train
THA_cluster_14948,train
THA_cluster_14963,train
THA_cluster_14959,inspected
THA_cluster_150,train
THA_cluster_1503,train
THA_cluster_15004,test
THA_cluster_1514,train
THA_cluster_15096,train
THA_cluster_15042,train
THA_cluster_15140,val
THA_cluster_15144,train
THA_cluster_15143,train
THA_cluster_15149,train
THA_cluster_15162,test
THA_cluster_15168,train
THA_cluster_15186,train
THA_cluster_15177,test
THA_cluster_15188,inspected
THA_cluster_15228,test
THA_cluster_15229,inspected
THA_cluster_15257,train
THA_cluster_15250,train
THA_cluster_15263,train
THA_cluster_15269,train
THA_cluster_15299,test
THA_cluster_15295,val
THA_cluster_15315,inspected
THA_cluster_15343,train
THA_cluster_15330,train
THA_cluster_15391,inspected
THA_cluster_15363,train
THA_cluster_15466,test
THA_cluster_15488,train
THA_cluster_15502,train
THA_cluster_15598,train
THA_cluster_1560,train
THA_cluster_15614,train
THA_cluster_15820,train
THA_cluster_15893,train
THA_cluster_15960,train
THA_cluster_15996,train
THA_cluster_1605,train
THA_cluster_16140,train
THA_cluster_1620,train
THA_cluster_16230,train
THA_cluster_16215,train
THA_cluster_1607,train
THA_cluster_16254,train
THA_cluster_16262,train
THA_cluster_1628,train
THA_cluster_16299,train
THA_cluster_16334,train
THA_cluster_16498,train
THA_cluster_16489,train
THA_cluster_16451,train
THA_cluster_1651,train
THA_cluster_16501,train
THA_cluster_16550,train
THA_cluster_1654,train
THA_cluster_1658,train
THA_cluster_16614,train
THA_cluster_16615,train
THA_cluster_16673,train
THA_cluster_16682,train
THA_cluster_16683,train
THA_cluster_16726,train
THA_cluster_16736,train
THA_cluster_16979,train
THA_cluster_16789,train
THA_cluster_1704,train
THA_cluster_16865,train
THA_cluster_17239,train
THA_cluster_17216,train
THA_cluster_17294,train
THA_cluster_17300,test
THA_cluster_173,train
THA_cluster_17385,train
THA_cluster_17317,train
THA_cluster_17397,train
THA_cluster_17437,val
THA_cluster_17405,train
THA_cluster_17396,train
THA_cluster_17644,train
THA_cluster_17689,train
THA_cluster_17695,train
THA_cluster_1762,train
THA_cluster_17710,train
THA_cluster_17725,train
THA_cluster_17728,train
THA_cluster_17735,train
THA_cluster_17739,val
THA_cluster_17781,train
THA_cluster_1778,val
THA_cluster_17780,train
THA_cluster_17806,train
THA_cluster_17820,train
THA_cluster_17867,train
THA_cluster_17813,val
THA_cluster_17907,train
THA_cluster_17988,train
THA_cluster_17947,train
THA_cluster_18,train
THA_cluster_18016,train
THA_cluster_1809,val
THA_cluster_18111,train
THA_cluster_18083,train
THA_cluster_18048,val
THA_cluster_18149,train
THA_cluster_18205,train
THA_cluster_18158,inspected
THA_cluster_18248,train
THA_cluster_18280,test
THA_cluster_18341,train
THA_cluster_18375,train
THA_cluster_18506,train
THA_cluster_18390,train
THA_cluster_18549,train
THA_cluster_18699,train
THA_cluster_18731,train
THA_cluster_18737,train
THA_cluster_18755,val
THA_cluster_18743,train
THA_cluster_18770,val
THA_cluster_18791,train
THA_cluster_18848,train
THA_cluster_18852,val
THA_cluster_18856,train
THA_cluster_18850,train
THA_cluster_18866,train
THA_cluster_18898,train
THA_cluster_18906,train
THA_cluster_1889,train
THA_cluster_18915,train
THA_cluster_18936,train
THA_cluster_18919,train
THA_cluster_18916,train
THA_cluster_18948,train
THA_cluster_18981,train
THA_cluster_19,train
THA_cluster_18937,train
THA_cluster_19075,inspected
THA_cluster_19012,train
THA_cluster_19074,inspected
THA_cluster_19044,train
THA_cluster_19089,train
THA_cluster_19088,val
THA_cluster_19077,test
THA_cluster_19094,train
THA_cluster_19101,inspected
THA_cluster_19106,train
THA_cluster_19118,train
THA_cluster_19162,train
THA_cluster_19130,train
THA_cluster_19192,train
THA_cluster_19223,train
THA_cluster_19258,train
THA_cluster_19224,val
THA_cluster_19261,train
THA_cluster_19301,train
THA_cluster_19346,train
THA_cluster_19370,train
THA_cluster_19384,train
THA_cluster_19438,inspected
THA_cluster_19433,train
THA_cluster_1949,train
THA_cluster_19544,train
THA_cluster_19543,train
THA_cluster_1948,train
THA_cluster_19608,train
THA_cluster_19582,train
THA_cluster_19601,inspected
THA_cluster_19621,train
THA_cluster_19626,train
THA_cluster_19622,inspected
THA_cluster_19625,train
THA_cluster_19636,test
THA_cluster_19630,inspected
THA_cluster_19644,inspected
THA_cluster_19652,train
THA_cluster_19696,train
THA_cluster_19699,train
THA_cluster_19695,train
THA_cluster_19679,train
THA_cluster_19700,train
THA_cluster_19706,train
THA_cluster_19709,train
THA_cluster_19724,val
THA_cluster_19790,train
THA_cluster_19755,train
THA_cluster_19763,train
THA_cluster_19796,train
THA_cluster_19799,train
THA_cluster_19797,train
THA_cluster_198,train
THA_cluster_19800,train
THA_cluster_19812,train
THA_cluster_19801,test
THA_cluster_19942,train
THA_cluster_19973,train
THA_cluster_20142,train
THA_cluster_20131,train
THA_cluster_20138,inspected
THA_cluster_20002,train
THA_cluster_20300,train
THA_cluster_20152,train
THA_cluster_20219,train
THA_cluster_20312,train
THA_cluster_20357,train
THA_cluster_20396,inspected
THA_cluster_20399,train
THA_cluster_20443,train
THA_cluster_2050,train
THA_cluster_20523,train
THA_cluster_20628,train
THA_cluster_20629,train
THA_cluster_20697,train
THA_cluster_207,train
THA_cluster_20571,train
THA_cluster_20731,inspected
THA_cluster_20702,train
THA_cluster_20851,train
THA_cluster_20785,test
THA_cluster_20790,train
THA_cluster_20998,train
THA_cluster_21063,test
THA_cluster_21252,train
THA_cluster_21266,train
THA_cluster_21453,train
THA_cluster_21506,train
THA_cluster_2153,inspected
THA_cluster_21480,train
THA_cluster_21541,train
THA_cluster_21664,train
THA_cluster_21678,train
THA_cluster_21718,inspected
THA_cluster_21726,inspected
THA_cluster_21738,train
THA_cluster_21766,train
THA_cluster_21837,test
THA_cluster_21873,train
THA_cluster_21877,train
THA_cluster_21910,train
THA_cluster_21927,train
THA_cluster_21941,train
THA_cluster_21886,train
THA_cluster_21956,train
THA_cluster_21954,train
THA_cluster_21942,train
THA_cluster_22039,train
THA_cluster_2207,test
THA_cluster_22082,train
THA_cluster_22222,train
THA_cluster_22061,train
THA_cluster_22223,train
THA_cluster_22229,train
THA_cluster_22226,train
THA_cluster_22234,train
THA_cluster_22239,train
THA_cluster_22251,train
THA_cluster_22250,train
THA_cluster_22258,inspected
THA_cluster_22266,inspected
THA_cluster_22259,inspected
THA_cluster_22308,train
THA_cluster_22389,val
THA_cluster_22405,train
THA_cluster_22401,test
THA_cluster_2246,train
THA_cluster_22474,train
THA_cluster_22522,train
THA_cluster_22535,train
THA_cluster_22765,train
THA_cluster_22670,train
THA_cluster_22824,train
THA_cluster_22863,train
THA_cluster_22882,train
THA_cluster_22842,train
THA_cluster_22850,val
THA_cluster_22883,val
THA_cluster_22886,train
THA_cluster_22889,inspected
THA_cluster_22893,train
THA_cluster_22908,train
THA_cluster_22911,train
THA_cluster_22956,train
THA_cluster_22929,train
THA_cluster_22985,train
THA_cluster_23094,test
THA_cluster_23101,train
THA_cluster_23103,train
THA_cluster_23110,train
THA_cluster_2312,train
THA_cluster_23114,train
THA_cluster_23142,train
THA_cluster_23137,val
THA_cluster_2315,train
THA_cluster_23149,train
THA_cluster_23165,inspected
THA_cluster_23189,train
THA_cluster_23206,train
THA_cluster_23221,train
THA_cluster_23304,train
THA_cluster_23284,test
THA_cluster_23311,train
THA_cluster_23317,train
THA_cluster_23322,train
THA_cluster_23345,train
THA_cluster_23375,train
THA_cluster_23426,train
THA_cluster_23432,train
THA_cluster_23406,train
THA_cluster_23473,train
THA_cluster_23462,train
THA_cluster_23482,train
THA_cluster_23493,train
THA_cluster_23559,train
THA_cluster_23603,inspected
THA_cluster_23610,train
THA_cluster_2366,train
THA_cluster_23668,train
THA_cluster_23670,train
THA_cluster_23671,train
THA_cluster_23674,train
THA_cluster_23675,val
THA_cluster_23676,train
THA_cluster_23746,train
THA_cluster_23708,test
THA_cluster_23873,train
THA_cluster_23858,inspected
THA_cluster_23800,train
THA_cluster_23859,inspected
THA_cluster_23883,train
THA_cluster_2395,train
THA_cluster_23907,train
THA_cluster_23904,train
THA_cluster_24084,test
THA_cluster_23966,train
THA_cluster_24180,train
THA_cluster_24017,inspected
THA_cluster_244,inspected
THA_cluster_24293,train
THA_cluster_24433,train
THA_cluster_24437,train
THA_cluster_24459,train
THA_cluster_24467,train
THA_cluster_2453,inspected
THA_cluster_24525,train
THA_cluster_24650,val
THA_cluster_24619,train
THA_cluster_2466,train
THA_cluster_24877,train
THA_cluster_24822,inspected
THA_cluster_24879,train
THA_cluster_24916,train
THA_cluster_24983,train
THA_cluster_24987,train
THA_cluster_2501,train
THA_cluster_2556,train
THA_cluster_2639,train
THA_cluster_2624,train
THA_cluster_2637,train
THA_cluster_2640,train
THA_cluster_2644,train
THA_cluster_2648,train
THA_cluster_2651,inspected
THA_cluster_266,train
THA_cluster_2661,inspected
THA_cluster_268,train
THA_cluster_2709,train
THA_cluster_2732,train
THA_cluster_2737,train
THA_cluster_2733,train
THA_cluster_2755,inspected
THA_cluster_2742,train
THA_cluster_2759,train
THA_cluster_2785,val
THA_cluster_2758,train
THA_cluster_2786,train
THA_cluster_2793,train
THA_cluster_2806,train
THA_cluster_2809,inspected
THA_cluster_2801,inspected
THA_cluster_2810,inspected
THA_cluster_2815,train
THA_cluster_2812,train
THA_cluster_2820,train
THA_cluster_2838,train
THA_cluster_2892,test
THA_cluster_2888,train
THA_cluster_2897,train
THA_cluster_2900,train
THA_cluster_2898,inspected
THA_cluster_2901,train
THA_cluster_2906,train
THA_cluster_2909,inspected
THA_cluster_2910,train
THA_cluster_2921,train
THA_cluster_2950,train
THA_cluster_2933,train
THA_cluster_2951,train
THA_cluster_2954,train
THA_cluster_2963,val
THA_cluster_2987,train
THA_cluster_3008,train
THA_cluster_2974,inspected
THA_cluster_3036,train
THA_cluster_3012,train
THA_cluster_3043,train
THA_cluster_3070,train
THA_cluster_3073,train
THA_cluster_310,inspected
THA_cluster_3104,inspected
THA_cluster_3103,train
THA_cluster_3110,train
THA_cluster_3123,train
THA_cluster_3140,inspected
THA_cluster_3168,train
THA_cluster_3255,train
THA_cluster_3262,inspected
THA_cluster_3164,inspected
THA_cluster_3268,train
THA_cluster_3269,val
THA_cluster_3271,train
THA_cluster_3295,inspected
THA_cluster_3327,inspected
THA_cluster_3332,train
THA_cluster_3334,train
THA_cluster_3344,inspected
THA_cluster_3340,inspected
THA_cluster_3346,inspected
THA_cluster_3358,train
THA_cluster_3388,val
THA_cluster_3459,train
THA_cluster_3430,train
THA_cluster_3495,val
THA_cluster_3522,inspected
THA_cluster_3502,inspected
THA_cluster_3503,inspected
THA_cluster_3570,train
THA_cluster_3618,inspected
THA_cluster_3650,train
THA_cluster_3564,train
THA_cluster_3666,train
THA_cluster_3809,train
THA_cluster_3819,test
THA_cluster_3860,train
THA_cluster_3866,train
THA_cluster_3904,val
THA_cluster_3887,train
THA_cluster_3914,train
THA_cluster_3911,test
THA_cluster_3918,train
THA_cluster_3975,train
THA_cluster_3992,train
THA_cluster_4065,train
THA_cluster_4064,train
THA_cluster_4198,train
THA_cluster_4080,train
THA_cluster_4203,val
THA_cluster_4238,train
THA_cluster_4300,train
THA_cluster_4214,train
THA_cluster_4301,train
THA_cluster_4366,train
THA_cluster_4335,train
THA_cluster_4465,inspected
THA_cluster_4493,train
THA_cluster_4662,inspected
THA_cluster_457,train
THA_cluster_4722,train
THA_cluster_4789,train
THA_cluster_4854,train
THA_cluster_4869,train
THA_cluster_4901,train
THA_cluster_506,train
THA_cluster_5025,train
THA_cluster_511,train
THA_cluster_518,train
THA_cluster_5276,train
THA_cluster_5278,train
THA_cluster_5292,train
THA_cluster_5323,train
THA_cluster_5291,val
THA_cluster_5340,test
THA_cluster_540,train
THA_cluster_5386,train
THA_cluster_5403,train
THA_cluster_5406,train
THA_cluster_5414,train
THA_cluster_5420,train
THA_cluster_5423,train
THA_cluster_5427,train
THA_cluster_5452,train
THA_cluster_5429,train
THA_cluster_5475,train
THA_cluster_5486,val
THA_cluster_5665,train
THA_cluster_5791,train
THA_cluster_5830,train
THA_cluster_5888,train
THA_cluster_5910,train
THA_cluster_6017,inspected
THA_cluster_6039,train
THA_cluster_607,inspected
THA_cluster_6151,train
THA_cluster_6148,train
THA_cluster_6164,train
THA_cluster_6199,train
THA_cluster_6228,inspected
THA_cluster_6221,val
THA_cluster_6320,train
THA_cluster_631,train
THA_cluster_6308,train
THA_cluster_6324,test
THA_cluster_6330,train
THA_cluster_6325,train
THA_cluster_6326,val
THA_cluster_6332,train
THA_cluster_6339,inspected
THA_cluster_6353,train
THA_cluster_6348,train
THA_cluster_6371,train
THA_cluster_6373,train
THA_cluster_6374,train
THA_cluster_6382,inspected
THA_cluster_6397,train
THA_cluster_6396,train
THA_cluster_6399,train
THA_cluster_6407,inspected
THA_cluster_6420,train
THA_cluster_6419,train
THA_cluster_6435,train
THA_cluster_6466,train
THA_cluster_6467,train
THA_cluster_6472,train
THA_cluster_648,train
THA_cluster_6482,inspected
THA_cluster_6493,train
THA_cluster_6501,train
THA_cluster_6512,val
THA_cluster_6534,train
THA_cluster_6538,train
THA_cluster_6525,train
THA_cluster_6544,train
THA_cluster_6615,train
THA_cluster_6670,train
THA_cluster_6677,train
THA_cluster_6691,train
THA_cluster_6698,test
THA_cluster_6700,train
THA_cluster_6707,train
THA_cluster_671,train
THA_cluster_6737,train
THA_cluster_6699,inspected
THA_cluster_6744,train
THA_cluster_676,train
THA_cluster_6766,train
THA_cluster_6777,train
THA_cluster_6806,train
THA_cluster_6924,train
THA_cluster_681,train
THA_cluster_6895,train
THA_cluster_6930,train
THA_cluster_6932,test
THA_cluster_7158,train
THA_cluster_7203,train
THA_cluster_7204,train
THA_cluster_7211,train
THA_cluster_7205,train
THA_cluster_7218,train
THA_cluster_7236,train
THA_cluster_7220,train
THA_cluster_7243,train
THA_cluster_7244,train
THA_cluster_7258,train
THA_cluster_7428,train
THA_cluster_745,train
THA_cluster_7453,train
THA_cluster_749,train
THA_cluster_7494,train
THA_cluster_7642,test
THA_cluster_7643,train
THA_cluster_7645,train
THA_cluster_7658,test
THA_cluster_7653,train
THA_cluster_77,inspected
THA_cluster_7726,test
THA_cluster_7853,test
THA_cluster_7875,test
THA_cluster_8000,train
THA_cluster_8048,val
THA_cluster_8008,train
THA_cluster_8062,inspected
THA_cluster_8074,test
THA_cluster_8076,train
THA_cluster_8112,train
THA_cluster_8110,test
THA_cluster_8161,train
THA_cluster_8193,inspected
THA_cluster_8175,train
THA_cluster_8207,train
THA_cluster_8280,inspected
THA_cluster_8284,train
THA_cluster_8297,train
THA_cluster_8231,train
THA_cluster_8326,inspected
THA_cluster_8367,val
THA_cluster_8327,train
THA_cluster_8313,train
THA_cluster_8436,train
THA_cluster_8468,train
THA_cluster_8473,train
THA_cluster_8431,train
THA_cluster_8478,train
THA_cluster_8481,inspected
THA_cluster_8494,train
THA_cluster_8482,train
THA_cluster_8507,train
THA_cluster_8508,train
THA_cluster_8514,train
THA_cluster_8537,train
THA_cluster_8547,train
THA_cluster_8559,inspected
THA_cluster_8570,train
THA_cluster_8571,train
THA_cluster_8585,test
THA_cluster_8601,train
THA_cluster_8586,train
THA_cluster_8673,train
THA_cluster_8675,test
THA_cluster_8682,inspected
THA_cluster_8684,train
THA_cluster_868,train
THA_cluster_8692,train
THA_cluster_8706,train
THA_cluster_87,train
THA_cluster_8703,train
THA_cluster_8707,train
THA_cluster_872,inspected
THA_cluster_8750,test
THA_cluster_871,train
THA_cluster_8755,train
THA_cluster_8774,train
THA_cluster_8756,inspected
THA_cluster_8775,test
THA_cluster_8799,inspected
THA_cluster_8850,val
THA_cluster_881,test
THA_cluster_8859,train
THA_cluster_8992,train
THA_cluster_9070,inspected
THA_cluster_8948,train
THA_cluster_9100,train
THA_cluster_9078,inspected
THA_cluster_9085,inspected
THA_cluster_9105,train
THA_cluster_9224,train
THA_cluster_9106,train
THA_cluster_9240,train
THA_cluster_9291,train
THA_cluster_9285,train
THA_cluster_930,train
THA_cluster_9272,train
THA_cluster_9327,inspected
THA_cluster_9419,train
THA_cluster_9411,inspected
THA_cluster_942,train
THA_cluster_9454,inspected
THA_cluster_9479,train
THA_cluster_9501,train
THA_cluster_9645,train
THA_cluster_953,train
THA_cluster_96,test
THA_cluster_9655,train
THA_cluster_9714,train
THA_cluster_9778,val
THA_cluster_9717,train
THA_cluster_9796,train
THA_cluster_9852,train
THA_cluster_9842,train
THA_cluster_9781,train
THA_cluster_987,train
THA_cluster_9896,train
THA_cluster_993,inspected
THA_cluster_9875,inspected
USA_cluster_100000,train
USA_cluster_0,train
USA_cluster_100013,train
USA_cluster_100019,train
USA_cluster_100027,train
USA_cluster_100033,train
USA_cluster_100036,train
USA_cluster_100060,train
USA_cluster_100079,train
USA_cluster_100071,train
USA_cluster_100082,train
USA_cluster_100110,train
USA_cluster_100089,train
USA_cluster_100097,train
USA_cluster_100118,train
USA_cluster_100139,train
USA_cluster_100153,test
USA_cluster_100159,train
USA_cluster_100169,train
USA_cluster_100199,train
USA_cluster_100191,train
USA_cluster_10017,train
USA_cluster_100207,train
USA_cluster_100222,train
USA_cluster_100251,train
USA_cluster_100248,train
USA_cluster_100263,train
USA_cluster_100264,train
USA_cluster_100267,train
USA_cluster_100270,train
USA_cluster_100271,train
USA_cluster_100269,train
USA_cluster_100274,train
USA_cluster_100273,train
USA_cluster_100275,train
USA_cluster_100276,train
USA_cluster_100277,train
USA_cluster_100280,train
USA_cluster_100279,train
USA_cluster_100282,train
USA_cluster_100284,train
USA_cluster_100285,train
USA_cluster_100290,train
USA_cluster_100294,train
USA_cluster_100293,train
USA_cluster_100297,train
USA_cluster_100303,train
USA_cluster_100300,train
USA_cluster_100304,train
USA_cluster_100305,train
USA_cluster_100307,train
USA_cluster_100310,train
USA_cluster_100308,train
USA_cluster_100306,train
USA_cluster_100311,train
USA_cluster_100313,train
USA_cluster_100315,train
USA_cluster_100312,train
USA_cluster_100316,train
USA_cluster_100324,train
USA_cluster_100318,train
USA_cluster_100320,train
USA_cluster_100325,train
USA_cluster_100327,train
USA_cluster_100328,train
USA_cluster_100326,train
USA_cluster_100330,train
USA_cluster_100329,train
USA_cluster_100334,train
USA_cluster_100333,train
USA_cluster_100338,train
USA_cluster_100336,train
USA_cluster_100339,train
USA_cluster_100340,train
USA_cluster_100346,train
USA_cluster_100343,train
USA_cluster_100347,train
USA_cluster_100349,train
USA_cluster_100348,train
USA_cluster_100350,train
USA_cluster_100351,train
USA_cluster_100355,train
USA_cluster_100359,train
USA_cluster_100358,train
USA_cluster_100360,train
USA_cluster_100361,train
USA_cluster_100365,train
USA_cluster_100362,train
USA_cluster_100366,train
USA_cluster_100367,train
USA_cluster_100371,train
USA_cluster_100372,train
USA_cluster_100375,train
USA_cluster_100373,train
USA_cluster_100376,train
USA_cluster_100377,train
USA_cluster_100379,train
USA_cluster_100378,train
USA_cluster_100380,train
USA_cluster_100381,train
USA_cluster_100384,train
USA_cluster_100383,train
USA_cluster_100385,train
USA_cluster_100389,train
USA_cluster_100388,train
USA_cluster_100392,train
USA_cluster_100395,train
USA_cluster_100396,train
USA_cluster_100397,train
USA_cluster_100391,train
USA_cluster_100390,train
USA_cluster_100387,train
USA_cluster_100399,train
USA_cluster_100398,train
USA_cluster_100400,train
USA_cluster_100402,train
USA_cluster_100404,train
USA_cluster_100407,train
USA_cluster_100410,train
USA_cluster_100413,train
USA_cluster_100415,train
USA_cluster_100416,train
USA_cluster_100414,train
USA_cluster_100417,train
USA_cluster_100426,train
USA_cluster_100469,train
USA_cluster_100432,train
USA_cluster_100481,train
USA_cluster_100482,train
USA_cluster_100483,train
USA_cluster_100486,train
USA_cluster_100485,train
USA_cluster_100488,train
USA_cluster_100491,train
USA_cluster_100492,train
USA_cluster_100493,train
USA_cluster_100495,train
USA_cluster_100496,train
USA_cluster_100499,train
USA_cluster_100500,train
USA_cluster_100504,train
USA_cluster_100505,train
USA_cluster_100507,train
USA_cluster_100506,train
USA_cluster_100509,train
USA_cluster_100521,train
USA_cluster_100529,train
USA_cluster_100538,train
USA_cluster_100548,train
USA_cluster_100537,train
USA_cluster_100544,train
USA_cluster_100554,train
USA_cluster_100559,train
USA_cluster_100560,train
USA_cluster_100568,train
USA_cluster_100570,train
USA_cluster_100571,train
USA_cluster_100572,train
USA_cluster_100597,test
USA_cluster_100601,train
USA_cluster_100603,train
USA_cluster_100619,train
USA_cluster_100579,train
USA_cluster_100621,train
USA_cluster_100628,train
USA_cluster_100629,train
USA_cluster_100643,train
USA_cluster_100678,train
USA_cluster_100701,train
USA_cluster_100680,train
USA_cluster_100748,inspected
USA_cluster_100750,inspected
USA_cluster_100752,inspected
USA_cluster_100758,train
USA_cluster_100807,train
USA_cluster_100811,train
USA_cluster_100859,train
USA_cluster_100842,train
USA_cluster_100868,inspected
USA_cluster_1009,train
USA_cluster_100905,inspected
USA_cluster_10091,train
USA_cluster_100913,train
USA_cluster_100910,train
USA_cluster_10092,train
USA_cluster_101026,train
USA_cluster_101036,train
USA_cluster_1011,train
USA_cluster_101153,train
USA_cluster_101217,val
USA_cluster_101155,train
USA_cluster_101230,train
USA_cluster_101110,train
USA_cluster_101260,train
USA_cluster_101430,train
USA_cluster_101439,train
USA_cluster_101548,train
USA_cluster_101604,train
USA_cluster_101763,train
USA_cluster_101795,train
USA_cluster_101775,train
USA_cluster_101837,train
USA_cluster_101810,train
USA_cluster_101812,train
USA_cluster_101750,train
USA_cluster_101869,train
USA_cluster_101856,train
USA_cluster_101873,train
USA_cluster_101882,train
USA_cluster_101893,train
USA_cluster_101902,train
USA_cluster_101907,train
USA_cluster_101928,train
USA_cluster_101933,train
USA_cluster_101925,train
USA_cluster_101946,train
USA_cluster_101994,inspected
USA_cluster_101975,inspected
USA_cluster_10204,train
USA_cluster_102040,train
USA_cluster_102165,train
USA_cluster_102068,train
USA_cluster_102218,train
USA_cluster_102242,train
USA_cluster_102257,train
USA_cluster_102381,train
USA_cluster_102383,train
USA_cluster_102395,train
USA_cluster_102384,train
USA_cluster_102431,train
USA_cluster_102464,train
USA_cluster_102440,train
USA_cluster_102414,train
USA_cluster_102519,train
USA_cluster_102474,train
USA_cluster_102572,train
USA_cluster_102583,train
USA_cluster_10258,train
USA_cluster_102616,train
USA_cluster_102499,train
USA_cluster_102627,train
USA_cluster_102629,train
USA_cluster_102625,train
USA_cluster_102631,train
USA_cluster_102643,train
USA_cluster_102647,train
USA_cluster_102654,train
USA_cluster_102670,train
USA_cluster_102702,train
USA_cluster_102679,train
USA_cluster_102732,train
USA_cluster_102808,train
USA_cluster_102734,train
USA_cluster_102823,train
USA_cluster_102824,train
USA_cluster_102877,train
USA_cluster_102875,train
USA_cluster_102878,inspected
USA_cluster_102893,train
USA_cluster_102895,train
USA_cluster_102894,train
USA_cluster_102909,train
USA_cluster_102919,inspected
USA_cluster_102932,train
USA_cluster_102946,train
USA_cluster_102979,train
USA_cluster_102988,train
USA_cluster_103006,train
USA_cluster_103083,train
USA_cluster_103082,train
USA_cluster_103085,train
USA_cluster_103087,train
USA_cluster_103086,train
USA_cluster_103088,train
USA_cluster_103089,train
USA_cluster_103090,train
USA_cluster_103093,train
USA_cluster_103092,train
USA_cluster_103094,train
USA_cluster_103097,train
USA_cluster_103098,train
USA_cluster_103095,train
USA_cluster_103099,train
USA_cluster_103101,train
USA_cluster_103102,train
USA_cluster_103104,train
USA_cluster_103105,train
USA_cluster_103106,train
USA_cluster_103107,train
USA_cluster_103108,train
USA_cluster_103109,train
USA_cluster_10311,train
USA_cluster_103111,train
USA_cluster_103110,train
USA_cluster_103114,train
USA_cluster_103115,train
USA_cluster_103120,train
USA_cluster_103116,train
USA_cluster_103121,train
USA_cluster_103125,train
USA_cluster_103122,train
USA_cluster_103126,train
USA_cluster_103128,train
USA_cluster_103131,train
USA_cluster_103134,train
USA_cluster_103132,train
USA_cluster_103139,train
USA_cluster_103141,train
USA_cluster_103142,train
USA_cluster_103144,train
USA_cluster_103147,train
USA_cluster_103149,train
USA_cluster_103152,train
USA_cluster_103153,train
USA_cluster_103154,train
USA_cluster_103156,train
USA_cluster_103155,train
USA_cluster_103160,train
USA_cluster_103157,train
USA_cluster_103163,train
USA_cluster_103161,train
USA_cluster_103164,train
USA_cluster_103162,train
USA_cluster_103165,train
USA_cluster_103168,train
USA_cluster_103167,train
USA_cluster_103172,train
USA_cluster_103169,train
USA_cluster_103174,train
USA_cluster_103175,train
USA_cluster_103170,train
USA_cluster_103178,train
USA_cluster_103180,train
USA_cluster_103181,train
USA_cluster_103183,train
USA_cluster_103186,train
USA_cluster_103187,train
USA_cluster_103182,train
USA_cluster_103192,train
USA_cluster_103188,train
USA_cluster_103191,train
USA_cluster_103189,train
USA_cluster_103193,train
USA_cluster_103194,train
USA_cluster_103199,train
USA_cluster_103197,train
USA_cluster_103200,train
USA_cluster_103201,train
USA_cluster_103202,train
USA_cluster_103203,train
USA_cluster_103207,train
USA_cluster_103205,train
USA_cluster_103206,train
USA_cluster_103208,train
USA_cluster_103212,train
USA_cluster_103210,train
USA_cluster_103211,train
USA_cluster_103213,train
USA_cluster_103215,train
USA_cluster_103218,train
USA_cluster_103219,train
USA_cluster_103220,train
USA_cluster_103222,train
USA_cluster_103226,train
USA_cluster_103224,train
USA_cluster_103227,train
USA_cluster_103228,train
USA_cluster_103230,train
USA_cluster_103235,train
USA_cluster_103231,train
USA_cluster_103239,train
USA_cluster_103240,train
USA_cluster_103242,train
USA_cluster_103243,train
USA_cluster_103245,train
USA_cluster_103249,train
USA_cluster_103253,train
USA_cluster_103254,train
USA_cluster_103247,train
USA_cluster_103255,train
USA_cluster_103259,train
USA_cluster_103257,train
USA_cluster_103260,train
USA_cluster_103263,train
USA_cluster_103262,train
USA_cluster_103268,train
USA_cluster_103270,train
USA_cluster_103256,train
USA_cluster_103271,train
USA_cluster_103272,train
USA_cluster_103274,train
USA_cluster_103276,train
USA_cluster_103265,train
USA_cluster_103279,train
USA_cluster_103277,train
USA_cluster_103281,train
USA_cluster_103283,train
USA_cluster_103284,train
USA_cluster_103288,train
USA_cluster_103282,train
USA_cluster_103290,train
USA_cluster_103291,train
USA_cluster_103293,train
USA_cluster_103292,train
USA_cluster_103294,train
USA_cluster_103296,train
USA_cluster_103297,train
USA_cluster_103299,train
USA_cluster_103298,train
USA_cluster_103301,train
USA_cluster_103302,train
USA_cluster_103304,train
USA_cluster_103303,train
USA_cluster_103306,train
USA_cluster_103313,train
USA_cluster_103314,train
USA_cluster_103310,train
USA_cluster_103315,train
USA_cluster_103316,train
USA_cluster_103319,train
USA_cluster_103317,train
USA_cluster_103320,train
USA_cluster_103321,train
USA_cluster_103322,train
USA_cluster_103323,train
USA_cluster_103324,train
USA_cluster_103326,train
USA_cluster_103328,train
USA_cluster_103329,train
USA_cluster_103330,train
USA_cluster_103333,train
USA_cluster_103331,train
USA_cluster_103334,train
USA_cluster_103335,train
USA_cluster_103340,train
USA_cluster_103336,train
USA_cluster_103337,train
USA_cluster_103341,train
USA_cluster_103342,train
USA_cluster_103345,train
USA_cluster_103348,train
USA_cluster_103349,train
USA_cluster_103351,train
USA_cluster_103354,train
USA_cluster_103356,train
USA_cluster_103359,train
USA_cluster_103353,train
USA_cluster_103362,train
USA_cluster_103360,train
USA_cluster_103366,train
USA_cluster_103367,train
USA_cluster_103369,train
USA_cluster_103368,train
USA_cluster_103370,train
USA_cluster_103372,train
USA_cluster_103374,train
USA_cluster_103373,train
USA_cluster_103376,train
USA_cluster_103377,train
USA_cluster_103378,train
USA_cluster_103379,train
USA_cluster_103371,train
USA_cluster_103383,train
USA_cluster_103385,train
USA_cluster_103387,train
USA_cluster_103384,train
USA_cluster_103389,train
USA_cluster_103395,train
USA_cluster_103392,train
USA_cluster_103393,train
USA_cluster_103396,train
USA_cluster_103401,train
USA_cluster_103405,train
USA_cluster_103399,train
USA_cluster_103406,train
USA_cluster_103407,train
USA_cluster_103409,train
USA_cluster_103408,train
USA_cluster_103413,train
USA_cluster_103415,train
USA_cluster_103418,train
USA_cluster_103417,train
USA_cluster_103419,train
USA_cluster_103420,train
USA_cluster_103423,train
USA_cluster_103422,val
USA_cluster_103424,train
USA_cluster_103426,train
USA_cluster_103428,train
USA_cluster_103427,train
USA_cluster_103431,train
USA_cluster_103432,train
USA_cluster_103434,train
USA_cluster_103429,train
USA_cluster_103437,train
USA_cluster_103439,train
USA_cluster_103435,train
USA_cluster_103441,train
USA_cluster_103444,train
USA_cluster_103445,train
USA_cluster_103440,train
USA_cluster_103447,train
USA_cluster_103449,train
USA_cluster_103450,train
USA_cluster_103452,train
USA_cluster_103456,train
USA_cluster_103457,train
USA_cluster_103459,train
USA_cluster_103460,train
USA_cluster_103461,train
USA_cluster_103454,train
USA_cluster_103463,train
USA_cluster_103464,train
USA_cluster_103466,train
USA_cluster_103468,train
USA_cluster_103471,train
USA_cluster_103473,train
USA_cluster_103474,train
USA_cluster_103475,train
USA_cluster_103476,train
USA_cluster_103479,train
USA_cluster_103477,train
USA_cluster_103484,train
USA_cluster_103480,train
USA_cluster_103482,train
USA_cluster_103481,train
USA_cluster_103486,train
USA_cluster_103485,train
USA_cluster_103488,train
USA_cluster_103487,train
USA_cluster_103489,train
USA_cluster_103490,train
USA_cluster_103495,train
USA_cluster_103493,train
USA_cluster_103494,train
USA_cluster_103499,train
USA_cluster_103505,train
USA_cluster_103507,train
USA_cluster_103513,train
USA_cluster_103503,train
USA_cluster_103516,train
USA_cluster_103517,train
USA_cluster_103518,train
USA_cluster_103519,train
USA_cluster_103520,train
USA_cluster_103521,train
USA_cluster_103527,train
USA_cluster_103524,train
USA_cluster_103528,train
USA_cluster_103530,train
USA_cluster_103534,train
USA_cluster_103532,train
USA_cluster_103535,train
USA_cluster_103538,train
USA_cluster_103537,train
USA_cluster_103539,train
USA_cluster_103541,train
USA_cluster_103542,train
USA_cluster_103547,train
USA_cluster_103548,train
USA_cluster_103549,train
USA_cluster_103551,train
USA_cluster_103552,train
USA_cluster_103554,train
USA_cluster_103564,train
USA_cluster_103563,train
USA_cluster_10356,train
USA_cluster_103568,train
USA_cluster_103569,train
USA_cluster_103573,train
USA_cluster_103574,train
USA_cluster_103558,train
USA_cluster_103576,train
USA_cluster_103578,train
USA_cluster_103566,train
USA_cluster_103579,train
USA_cluster_103580,train
USA_cluster_103583,train
USA_cluster_103582,train
USA_cluster_103585,train
USA_cluster_103588,test
USA_cluster_103589,train
USA_cluster_103592,train
USA_cluster_103595,train
USA_cluster_103571,train
USA_cluster_103600,train
USA_cluster_103596,train
USA_cluster_103597,train
USA_cluster_103591,train
USA_cluster_103602,train
USA_cluster_103607,train
USA_cluster_103613,train
USA_cluster_103616,train
USA_cluster_103608,train
USA_cluster_103611,train
USA_cluster_103610,train
USA_cluster_103618,train
USA_cluster_103621,train
USA_cluster_103617,train
USA_cluster_103619,train
USA_cluster_103624,train
USA_cluster_103629,train
USA_cluster_103630,train
USA_cluster_103625,train
USA_cluster_103634,train
USA_cluster_103635,train
USA_cluster_103636,train
USA_cluster_103639,train
USA_cluster_103641,train
USA_cluster_103642,train
USA_cluster_103646,train
USA_cluster_103648,train
USA_cluster_103645,train
USA_cluster_103651,train
USA_cluster_103654,train
USA_cluster_103659,train
USA_cluster_103660,train
USA_cluster_103655,train
USA_cluster_103669,train
USA_cluster_103674,train
USA_cluster_103671,train
USA_cluster_103677,train
USA_cluster_103678,train
USA_cluster_103680,train
USA_cluster_103683,train
USA_cluster_103685,train
USA_cluster_103693,train
USA_cluster_103690,train
USA_cluster_103679,train
USA_cluster_103696,train
USA_cluster_103694,train
USA_cluster_103698,train
USA_cluster_103695,train
USA_cluster_103701,train
USA_cluster_103704,train
USA_cluster_103713,train
USA_cluster_103716,train
USA_cluster_103715,train
USA_cluster_103726,train
USA_cluster_103724,train
USA_cluster_103763,train
USA_cluster_103736,train
USA_cluster_103775,train
USA_cluster_103776,train
USA_cluster_103766,train
USA_cluster_10377,val
USA_cluster_103799,train
USA_cluster_103797,train
USA_cluster_103807,train
USA_cluster_103817,train
USA_cluster_103815,train
USA_cluster_103812,train
USA_cluster_103833,train
USA_cluster_103849,train
USA_cluster_103855,train
USA_cluster_103856,train
USA_cluster_103862,train
USA_cluster_10386,train
USA_cluster_103868,train
USA_cluster_103777,train
USA_cluster_103879,train
USA_cluster_103911,train
USA_cluster_103915,train
USA_cluster_103902,train
USA_cluster_103919,train
USA_cluster_103934,train
USA_cluster_103921,train
USA_cluster_103940,train
USA_cluster_103941,train
USA_cluster_103947,train
USA_cluster_103949,train
USA_cluster_103964,train
USA_cluster_103966,train
USA_cluster_103967,train
USA_cluster_103963,train
USA_cluster_103970,train
USA_cluster_103973,train
USA_cluster_103977,train
USA_cluster_103981,train
USA_cluster_103982,train
USA_cluster_103985,train
USA_cluster_103979,train
USA_cluster_103987,train
USA_cluster_103991,train
USA_cluster_103992,train
USA_cluster_103997,train
USA_cluster_103999,train
USA_cluster_104001,train
USA_cluster_104005,train
USA_cluster_104002,train
USA_cluster_104004,train
USA_cluster_104006,train
USA_cluster_104007,train
USA_cluster_104008,train
USA_cluster_104009,train
USA_cluster_104010,train
USA_cluster_104011,train
USA_cluster_104013,train
USA_cluster_104015,train
USA_cluster_104014,train
USA_cluster_104021,train
USA_cluster_104023,train
USA_cluster_104031,train
USA_cluster_104029,train
USA_cluster_104057,train
USA_cluster_104059,train
USA_cluster_104061,train
USA_cluster_104070,train
USA_cluster_104079,train
USA_cluster_104088,train
USA_cluster_104101,train
USA_cluster_104102,train
USA_cluster_104103,train
USA_cluster_104104,train
USA_cluster_104107,train
USA_cluster_104105,train
USA_cluster_104108,train
USA_cluster_104109,train
USA_cluster_104111,train
USA_cluster_104113,train
USA_cluster_104114,train
USA_cluster_104116,train
USA_cluster_104117,train
USA_cluster_104118,train
USA_cluster_104119,train
USA_cluster_104172,train
USA_cluster_104174,train
USA_cluster_104123,train
USA_cluster_104219,train
USA_cluster_104329,train
USA_cluster_104318,test
USA_cluster_104332,train
USA_cluster_104346,train
USA_cluster_104334,train
USA_cluster_104371,train
USA_cluster_10438,train
USA_cluster_104377,train
USA_cluster_104381,train
USA_cluster_1045,train
USA_cluster_104540,train
USA_cluster_104546,train
USA_cluster_104602,train
USA_cluster_104548,train
USA_cluster_104553,train
USA_cluster_104544,train
USA_cluster_104688,train
USA_cluster_104696,train
USA_cluster_104709,train
USA_cluster_104652,train
USA_cluster_104727,train
USA_cluster_104734,train
USA_cluster_104752,train
USA_cluster_104756,train
USA_cluster_104831,inspected
USA_cluster_104865,train
USA_cluster_104880,train
USA_cluster_104854,train
USA_cluster_104926,inspected
USA_cluster_104929,train
USA_cluster_104962,train
USA_cluster_104971,train
USA_cluster_10494,train
USA_cluster_10509,train
USA_cluster_10510,train
USA_cluster_10520,train
USA_cluster_10513,train
USA_cluster_10521,train
USA_cluster_105301,train
USA_cluster_105340,train
USA_cluster_105402,train
USA_cluster_105431,train
USA_cluster_1061,train
USA_cluster_10553,train
USA_cluster_105522,train
USA_cluster_10680,train
USA_cluster_10689,train
USA_cluster_10696,train
USA_cluster_10847,train
USA_cluster_10887,inspected
USA_cluster_10900,train
USA_cluster_10942,train
USA_cluster_1104,train
USA_cluster_1106,train
USA_cluster_10998,train
USA_cluster_11070,train
USA_cluster_11069,train
USA_cluster_11071,train
USA_cluster_11073,inspected
USA_cluster_11076,inspected
USA_cluster_11074,inspected
USA_cluster_11087,train
USA_cluster_11084,train
USA_cluster_11114,train
USA_cluster_11172,train
USA_cluster_11179,inspected
USA_cluster_11311,train
USA_cluster_11251,train
USA_cluster_11399,train
USA_cluster_11390,train
USA_cluster_11462,train
USA_cluster_11489,inspected
USA_cluster_1142,train
USA_cluster_11491,train
USA_cluster_11502,train
USA_cluster_11496,train
USA_cluster_11525,train
USA_cluster_11538,train
USA_cluster_11539,train
USA_cluster_11540,train
USA_cluster_11555,train
USA_cluster_11556,train
USA_cluster_11571,train
USA_cluster_11582,train
USA_cluster_11580,train
USA_cluster_11599,train
USA_cluster_11596,train
USA_cluster_11621,train
USA_cluster_11625,train
USA_cluster_11637,train
USA_cluster_11629,train
USA_cluster_11644,train
USA_cluster_11645,train
USA_cluster_11650,train
USA_cluster_11647,train
USA_cluster_11653,train
USA_cluster_11656,test
USA_cluster_11663,train
USA_cluster_11657,train
USA_cluster_11664,train
USA_cluster_11671,train
USA_cluster_11676,train
USA_cluster_11674,train
USA_cluster_11680,train
USA_cluster_11686,train
USA_cluster_11692,train
USA_cluster_1169,train
USA_cluster_11701,train
USA_cluster_11725,train
USA_cluster_11762,train
USA_cluster_11737,train
USA_cluster_11884,train
USA_cluster_11942,train
USA_cluster_1177,train
USA_cluster_11945,train
USA_cluster_12014,train
USA_cluster_11948,train
USA_cluster_11999,train
USA_cluster_11993,train
USA_cluster_12032,train
USA_cluster_12061,train
USA_cluster_12092,train
USA_cluster_121,train
USA_cluster_12149,train
USA_cluster_12162,train
USA_cluster_12165,train
USA_cluster_12246,inspected
USA_cluster_12375,train
USA_cluster_12192,train
USA_cluster_1247,inspected
USA_cluster_12475,train
USA_cluster_12493,train
USA_cluster_12497,train
USA_cluster_12494,train
USA_cluster_12499,train
USA_cluster_12544,train
USA_cluster_12514,train
USA_cluster_1254,train
USA_cluster_1255,train
USA_cluster_12617,train
USA_cluster_12576,train
USA_cluster_12640,train
USA_cluster_12645,train
USA_cluster_12647,train
USA_cluster_12735,inspected
USA_cluster_1274,train
USA_cluster_12795,train
USA_cluster_12768,train
USA_cluster_12825,train
USA_cluster_12796,train
USA_cluster_12832,train
USA_cluster_12965,train
USA_cluster_12920,inspected
USA_cluster_13033,train
USA_cluster_12970,train
USA_cluster_13036,train
USA_cluster_13130,inspected
USA_cluster_13049,train
USA_cluster_13052,train
USA_cluster_13146,train
USA_cluster_13134,train
USA_cluster_13140,train
USA_cluster_1317,train
USA_cluster_13154,train
USA_cluster_1307,train
USA_cluster_13210,train
USA_cluster_13228,train
USA_cluster_13221,train
USA_cluster_13225,train
USA_cluster_13232,train
USA_cluster_1324,train
USA_cluster_13348,train
USA_cluster_13358,train
USA_cluster_1336,train
USA_cluster_1340,train
USA_cluster_13405,train
USA_cluster_1344,train
USA_cluster_1347,train
USA_cluster_1355,train
USA_cluster_1348,train
USA_cluster_13477,train
USA_cluster_13568,val
USA_cluster_13573,train
USA_cluster_13569,train
USA_cluster_13574,train
USA_cluster_13578,train
USA_cluster_1359,train
USA_cluster_13587,train
USA_cluster_13590,train
USA_cluster_13594,train
USA_cluster_13604,train
USA_cluster_1362,train
USA_cluster_1363,train
USA_cluster_13711,train
USA_cluster_13739,train
USA_cluster_13746,train
USA_cluster_13759,train
USA_cluster_13749,inspected
USA_cluster_13762,train
USA_cluster_13765,inspected
USA_cluster_13779,train
USA_cluster_13786,train
USA_cluster_13797,train
USA_cluster_13796,train
USA_cluster_13643,train
USA_cluster_13799,train
USA_cluster_13802,train
USA_cluster_13801,train
USA_cluster_13833,train
USA_cluster_13815,train
USA_cluster_13825,train
USA_cluster_13834,train
USA_cluster_13867,train
USA_cluster_13838,train
USA_cluster_13936,train
USA_cluster_13955,train
USA_cluster_141,train
USA_cluster_13957,train
USA_cluster_1397,train
USA_cluster_14131,train
USA_cluster_14229,train
USA_cluster_14186,train
USA_cluster_14232,train
USA_cluster_14230,train
USA_cluster_14245,train
USA_cluster_14240,test
USA_cluster_14250,train
USA_cluster_14267,train
USA_cluster_14316,train
USA_cluster_14285,train
USA_cluster_14366,train
USA_cluster_14319,train
USA_cluster_14369,train
USA_cluster_14383,inspected
USA_cluster_14399,train
USA_cluster_14390,train
USA_cluster_14393,train
USA_cluster_14404,train
USA_cluster_14406,train
USA_cluster_14427,train
USA_cluster_14447,train
USA_cluster_14474,train
USA_cluster_14483,train
USA_cluster_14506,train
USA_cluster_1452,train
USA_cluster_1476,train
USA_cluster_14787,train
USA_cluster_1479,train
USA_cluster_14856,train
USA_cluster_14863,train
USA_cluster_14876,train
USA_cluster_14883,train
USA_cluster_14881,train
USA_cluster_14885,train
USA_cluster_14944,train
USA_cluster_1494,train
USA_cluster_14958,train
USA_cluster_15004,train
USA_cluster_15065,train
USA_cluster_15068,inspected
USA_cluster_15069,train
USA_cluster_1518,train
USA_cluster_15180,train
USA_cluster_1519,train
USA_cluster_1520,train
USA_cluster_15446,train
USA_cluster_15426,train
USA_cluster_1547,train
USA_cluster_1509,train
USA_cluster_15555,train
USA_cluster_15491,train
USA_cluster_15583,train
USA_cluster_15571,train
USA_cluster_15587,train
USA_cluster_15594,train
USA_cluster_15599,train
USA_cluster_15616,train
USA_cluster_1561,train
USA_cluster_15619,train
USA_cluster_15638,train
USA_cluster_15651,train
USA_cluster_15607,train
USA_cluster_15656,train
USA_cluster_15655,train
USA_cluster_15667,train
USA_cluster_15660,train
USA_cluster_15724,train
USA_cluster_15695,train
USA_cluster_15727,train
USA_cluster_15734,train
USA_cluster_15746,train
USA_cluster_15754,train
USA_cluster_15742,train
USA_cluster_15764,train
USA_cluster_15770,train
USA_cluster_15778,train
USA_cluster_15774,train
USA_cluster_15786,train
USA_cluster_15940,inspected
USA_cluster_15790,train
USA_cluster_15854,train
USA_cluster_15945,train
USA_cluster_16039,train
USA_cluster_16071,train
USA_cluster_15974,train
USA_cluster_16096,train
USA_cluster_16130,train
USA_cluster_16126,train
USA_cluster_16152,train
USA_cluster_1614,train
USA_cluster_16182,train
USA_cluster_16165,train
USA_cluster_16188,train
USA_cluster_16204,train
USA_cluster_16212,train
USA_cluster_16208,train
USA_cluster_16218,train
USA_cluster_16229,train
USA_cluster_16239,train
USA_cluster_16450,train
USA_cluster_16454,train
USA_cluster_16464,train
USA_cluster_1646,train
USA_cluster_16483,train
USA_cluster_16502,train
USA_cluster_16511,train
USA_cluster_16547,train
USA_cluster_16556,train
USA_cluster_16563,train
USA_cluster_16567,train
USA_cluster_16577,train
USA_cluster_16651,train
USA_cluster_16654,train
USA_cluster_16660,train
USA_cluster_16664,train
USA_cluster_16666,train
USA_cluster_16676,train
USA_cluster_16678,train
USA_cluster_16690,train
USA_cluster_16694,train
USA_cluster_16695,train
USA_cluster_16721,train
USA_cluster_16761,train
USA_cluster_16774,train
USA_cluster_16720,train
USA_cluster_16776,train
USA_cluster_16796,train
USA_cluster_16799,train
USA_cluster_16810,train
USA_cluster_1692,train
USA_cluster_16966,train
USA_cluster_16845,train
USA_cluster_169,train
USA_cluster_16977,train
USA_cluster_16974,train
USA_cluster_16972,train
USA_cluster_16982,train
USA_cluster_16985,train
USA_cluster_1699,train
USA_cluster_17127,train
USA_cluster_17253,train
USA_cluster_17257,train
USA_cluster_1701,train
USA_cluster_17258,inspected
USA_cluster_17267,train
USA_cluster_17303,train
USA_cluster_17275,train
USA_cluster_17272,train
USA_cluster_17324,train
USA_cluster_17319,train
USA_cluster_17330,train
USA_cluster_17367,train
USA_cluster_17387,train
USA_cluster_17381,train
USA_cluster_17388,train
USA_cluster_17433,train
USA_cluster_17444,inspected
USA_cluster_17455,train
USA_cluster_17486,train
USA_cluster_17528,train
USA_cluster_17543,train
USA_cluster_17540,train
USA_cluster_17604,train
USA_cluster_17620,test
USA_cluster_17624,train
USA_cluster_17393,train
USA_cluster_17649,train
USA_cluster_17644,inspected
USA_cluster_17655,train
USA_cluster_17663,train
USA_cluster_17859,train
USA_cluster_17860,train
USA_cluster_1780,train
USA_cluster_17841,train
USA_cluster_17930,inspected
USA_cluster_18004,train
USA_cluster_18028,train
USA_cluster_1806,train
USA_cluster_18280,train
USA_cluster_18309,train
USA_cluster_18381,train
USA_cluster_18428,train
USA_cluster_1847,train
USA_cluster_1845,train
USA_cluster_1848,train
USA_cluster_18325,train
USA_cluster_18517,train
USA_cluster_1853,train
USA_cluster_1850,train
USA_cluster_18598,train
USA_cluster_18570,inspected
USA_cluster_1859,train
USA_cluster_1861,train
USA_cluster_18670,train
USA_cluster_18686,train
USA_cluster_1871,train
USA_cluster_1875,train
USA_cluster_1873,train
USA_cluster_1878,train
USA_cluster_1880,train
USA_cluster_18880,train
USA_cluster_1881,train
USA_cluster_18907,train
USA_cluster_18915,train
USA_cluster_18978,train
USA_cluster_18925,train
USA_cluster_19108,train
USA_cluster_19088,train
USA_cluster_19219,train
USA_cluster_1923,train
USA_cluster_1925,train
USA_cluster_1929,train
USA_cluster_19516,train
USA_cluster_19589,train
USA_cluster_1963,train
USA_cluster_1961,train
USA_cluster_1966,train
USA_cluster_1971,test
USA_cluster_1979,train
USA_cluster_19795,train
USA_cluster_19834,train
USA_cluster_19855,train
USA_cluster_19879,train
USA_cluster_19885,train
USA_cluster_19888,train
USA_cluster_19895,train
USA_cluster_19986,train
USA_cluster_19923,train
USA_cluster_19994,inspected
USA_cluster_2,train
USA_cluster_2011,train
USA_cluster_205,train
USA_cluster_203,train
USA_cluster_20502,inspected
USA_cluster_206,train
USA_cluster_20838,train
USA_cluster_20839,train
USA_cluster_20834,train
USA_cluster_20840,train
USA_cluster_20846,train
USA_cluster_20859,train
USA_cluster_20847,train
USA_cluster_20857,train
USA_cluster_20849,train
USA_cluster_20869,train
USA_cluster_20863,train
USA_cluster_20900,train
USA_cluster_20909,train
USA_cluster_20905,train
USA_cluster_20913,train
USA_cluster_20916,train
USA_cluster_20919,train
USA_cluster_20922,train
USA_cluster_20934,train
USA_cluster_20936,train
USA_cluster_20938,train
USA_cluster_20939,train
USA_cluster_20941,train
USA_cluster_20940,train
USA_cluster_20943,train
USA_cluster_20946,train
USA_cluster_20948,train
USA_cluster_20952,train
USA_cluster_20959,train
USA_cluster_20956,train
USA_cluster_20967,train
USA_cluster_20969,train
USA_cluster_20983,train
USA_cluster_20958,val
USA_cluster_20987,train
USA_cluster_20988,train
USA_cluster_20973,train
USA_cluster_20992,train
USA_cluster_21001,train
USA_cluster_210,train
USA_cluster_21013,train
USA_cluster_21014,train
USA_cluster_21030,train
USA_cluster_21031,train
USA_cluster_21043,train
USA_cluster_21044,train
USA_cluster_21051,train
USA_cluster_21052,train
USA_cluster_21049,inspected
USA_cluster_21057,train
USA_cluster_21058,train
USA_cluster_21055,train
USA_cluster_21061,train
USA_cluster_21072,train
USA_cluster_21062,train
USA_cluster_21073,train
USA_cluster_21069,train
USA_cluster_21076,train
USA_cluster_21077,train
USA_cluster_21079,train
USA_cluster_21082,train
USA_cluster_21094,inspected
USA_cluster_21084,train
USA_cluster_21096,train
USA_cluster_21099,train
USA_cluster_211,train
USA_cluster_21100,train
USA_cluster_21086,train
USA_cluster_21089,train
USA_cluster_21101,train
USA_cluster_21103,inspected
USA_cluster_21104,train
USA_cluster_21105,train
USA_cluster_21106,train
USA_cluster_21107,train
USA_cluster_21110,train
USA_cluster_21111,train
USA_cluster_21112,inspected
USA_cluster_21115,train
USA_cluster_21116,train
USA_cluster_21119,train
USA_cluster_21121,train
USA_cluster_21117,train
USA_cluster_21123,inspected
USA_cluster_21125,train
USA_cluster_21127,train
USA_cluster_21124,inspected
USA_cluster_21129,train
USA_cluster_21130,train
USA_cluster_21131,inspected
USA_cluster_21132,train
USA_cluster_21135,train
USA_cluster_21133,train
USA_cluster_21138,train
USA_cluster_21140,train
USA_cluster_21141,train
USA_cluster_21142,train
USA_cluster_21143,val
USA_cluster_21149,train
USA_cluster_21145,train
USA_cluster_21144,train
USA_cluster_21156,train
USA_cluster_21158,train
USA_cluster_21160,train
USA_cluster_21162,train
USA_cluster_21168,train
USA_cluster_21172,train
USA_cluster_21171,train
USA_cluster_21174,train
USA_cluster_21178,train
USA_cluster_21175,train
USA_cluster_21183,train
USA_cluster_21186,train
USA_cluster_21187,train
USA_cluster_21189,train
USA_cluster_21190,train
USA_cluster_21196,train
USA_cluster_21197,train
USA_cluster_21198,train
USA_cluster_21201,inspected
USA_cluster_21202,train
USA_cluster_21205,train
USA_cluster_21209,train
USA_cluster_21210,train
USA_cluster_21212,train
USA_cluster_21214,train
USA_cluster_21216,train
USA_cluster_21221,train
USA_cluster_21222,train
USA_cluster_21227,train
USA_cluster_21229,train
USA_cluster_21230,train
USA_cluster_21231,train
USA_cluster_21236,train
USA_cluster_21241,train
USA_cluster_21237,train
USA_cluster_21233,train
USA_cluster_21159,train
USA_cluster_21246,train
USA_cluster_21245,train
USA_cluster_21251,train
USA_cluster_21248,train
USA_cluster_21256,train
USA_cluster_21255,train
USA_cluster_21261,train
USA_cluster_21259,train
USA_cluster_21262,train
USA_cluster_21265,train
USA_cluster_21269,train
USA_cluster_21271,train
USA_cluster_21274,train
USA_cluster_21275,train
USA_cluster_21280,train
USA_cluster_21279,train
USA_cluster_21281,train
USA_cluster_21282,train
USA_cluster_21286,train
USA_cluster_21284,train
USA_cluster_21287,train
USA_cluster_21288,train
USA_cluster_21289,train
USA_cluster_21290,train
USA_cluster_21291,train
USA_cluster_21292,train
USA_cluster_21293,train
USA_cluster_21297,train
USA_cluster_21301,train
USA_cluster_21302,train
USA_cluster_21305,train
USA_cluster_21307,train
USA_cluster_21316,train
USA_cluster_21317,train
USA_cluster_21321,train
USA_cluster_21322,train
USA_cluster_21329,train
USA_cluster_21332,train
USA_cluster_21323,train
USA_cluster_21345,train
USA_cluster_21346,train
USA_cluster_21353,train
USA_cluster_21354,train
USA_cluster_21355,train
USA_cluster_21356,train
USA_cluster_21366,train
USA_cluster_21368,train
USA_cluster_21369,train
USA_cluster_21371,train
USA_cluster_21373,train
USA_cluster_21374,train
USA_cluster_21377,train
USA_cluster_21375,train
USA_cluster_21379,train
USA_cluster_21378,train
USA_cluster_21381,train
USA_cluster_21383,inspected
USA_cluster_21384,train
USA_cluster_21386,train
USA_cluster_21388,train
USA_cluster_21389,train
USA_cluster_21399,train
USA_cluster_21406,train
USA_cluster_21393,train
USA_cluster_21412,train
USA_cluster_21415,inspected
USA_cluster_21413,train
USA_cluster_21421,train
USA_cluster_21432,inspected
USA_cluster_21470,train
USA_cluster_21434,train
USA_cluster_21451,train
USA_cluster_21479,train
USA_cluster_21474,train
USA_cluster_21506,train
USA_cluster_21524,train
USA_cluster_21522,train
USA_cluster_21556,train
USA_cluster_21567,train
USA_cluster_21779,train
USA_cluster_21777,train
USA_cluster_21780,train
USA_cluster_21781,train
USA_cluster_21889,train
USA_cluster_21828,train
USA_cluster_21774,train
USA_cluster_21892,train
USA_cluster_219,train
USA_cluster_21930,train
USA_cluster_21905,train
USA_cluster_21997,train
USA_cluster_21967,train
USA_cluster_22,train
USA_cluster_2200,train
USA_cluster_22117,train
USA_cluster_22120,train
USA_cluster_22198,train
USA_cluster_22222,train
USA_cluster_22237,train
USA_cluster_22228,train
USA_cluster_22248,train
USA_cluster_22348,train
USA_cluster_22360,train
USA_cluster_22374,inspected
USA_cluster_22375,train
USA_cluster_22378,train
USA_cluster_22381,inspected
USA_cluster_22385,train
USA_cluster_22386,train
USA_cluster_22389,train
USA_cluster_22390,train
USA_cluster_22388,train
USA_cluster_22395,train
USA_cluster_22396,train
USA_cluster_22400,train
USA_cluster_22399,train
USA_cluster_22406,train
USA_cluster_22408,train
USA_cluster_22415,train
USA_cluster_22410,train
USA_cluster_22419,train
USA_cluster_22421,train
USA_cluster_22430,train
USA_cluster_22428,train
USA_cluster_22431,train
USA_cluster_22433,train
USA_cluster_22434,train
USA_cluster_22441,train
USA_cluster_22437,train
USA_cluster_22442,train
USA_cluster_22446,train
USA_cluster_22445,train
USA_cluster_22447,train
USA_cluster_22455,train
USA_cluster_22460,train
USA_cluster_22452,train
USA_cluster_22467,train
USA_cluster_22466,train
USA_cluster_22475,train
USA_cluster_22473,train
USA_cluster_22474,inspected
USA_cluster_22476,train
USA_cluster_22482,train
USA_cluster_22483,train
USA_cluster_22487,train
USA_cluster_22484,train
USA_cluster_22488,train
USA_cluster_22491,train
USA_cluster_22489,train
USA_cluster_22493,train
USA_cluster_22494,train
USA_cluster_22505,train
USA_cluster_22504,train
USA_cluster_22508,train
USA_cluster_22509,train
USA_cluster_2251,train
USA_cluster_22510,train
USA_cluster_22511,train
USA_cluster_22515,train
USA_cluster_22516,inspected
USA_cluster_22522,train
USA_cluster_22523,train
USA_cluster_22529,train
USA_cluster_22532,train
USA_cluster_22534,train
USA_cluster_22536,train
USA_cluster_22537,train
USA_cluster_22540,train
USA_cluster_22538,train
USA_cluster_22549,train
USA_cluster_22556,train
USA_cluster_22559,train
USA_cluster_22558,train
USA_cluster_22560,train
USA_cluster_22564,train
USA_cluster_22574,train
USA_cluster_22577,train
USA_cluster_22580,train
USA_cluster_22567,train
USA_cluster_22586,train
USA_cluster_22583,train
USA_cluster_22587,train
USA_cluster_22588,train
USA_cluster_22589,train
USA_cluster_22590,train
USA_cluster_22595,train
USA_cluster_22606,train
USA_cluster_22605,train
USA_cluster_22598,train
USA_cluster_22608,train
USA_cluster_22611,train
USA_cluster_22610,train
USA_cluster_22612,train
USA_cluster_22623,train
USA_cluster_22621,train
USA_cluster_22614,train
USA_cluster_22624,train
USA_cluster_22630,train
USA_cluster_22629,train
USA_cluster_22627,train
USA_cluster_22632,train
USA_cluster_22638,train
USA_cluster_22635,train
USA_cluster_22643,train
USA_cluster_22639,train
USA_cluster_22647,train
USA_cluster_22653,train
USA_cluster_22654,train
USA_cluster_22661,train
USA_cluster_22670,train
USA_cluster_22672,train
USA_cluster_22667,train
USA_cluster_22675,train
USA_cluster_22678,train
USA_cluster_22680,train
USA_cluster_22682,train
USA_cluster_22686,train
USA_cluster_22688,train
USA_cluster_22689,train
USA_cluster_22690,inspected
USA_cluster_22694,train
USA_cluster_22697,train
USA_cluster_22704,train
USA_cluster_22709,train
USA_cluster_22723,inspected
USA_cluster_22724,train
USA_cluster_22726,train
USA_cluster_22732,train
USA_cluster_22728,train
USA_cluster_22738,train
USA_cluster_22737,train
USA_cluster_22744,train
USA_cluster_22745,train
USA_cluster_22743,train
USA_cluster_22747,train
USA_cluster_22748,train
USA_cluster_22749,train
USA_cluster_22750,train
USA_cluster_22751,train
USA_cluster_22752,train
USA_cluster_22756,train
USA_cluster_22754,train
USA_cluster_22758,train
USA_cluster_22760,train
USA_cluster_22759,train
USA_cluster_22762,train
USA_cluster_22763,train
USA_cluster_22764,train
USA_cluster_22767,inspected
USA_cluster_22769,train
USA_cluster_22770,train
USA_cluster_22773,train
USA_cluster_22775,train
USA_cluster_22776,train
USA_cluster_22779,train
USA_cluster_22781,train
USA_cluster_22782,train
USA_cluster_22784,train
USA_cluster_22785,train
USA_cluster_22789,train
USA_cluster_22786,train
USA_cluster_22798,train
USA_cluster_22797,train
USA_cluster_22799,train
USA_cluster_22801,train
USA_cluster_22805,train
USA_cluster_22809,train
USA_cluster_22811,train
USA_cluster_22808,train
USA_cluster_22812,train
USA_cluster_22814,train
USA_cluster_22820,train
USA_cluster_22823,train
USA_cluster_22819,train
USA_cluster_22824,train
USA_cluster_22825,train
USA_cluster_22829,train
USA_cluster_22832,train
USA_cluster_22835,train
USA_cluster_22836,train
USA_cluster_22842,train
USA_cluster_22845,train
USA_cluster_22844,train
USA_cluster_22846,train
USA_cluster_22849,train
USA_cluster_22853,train
USA_cluster_22838,train
USA_cluster_22856,train
USA_cluster_22859,train
USA_cluster_22858,train
USA_cluster_22864,train
USA_cluster_22865,train
USA_cluster_22867,train
USA_cluster_22870,train
USA_cluster_22876,train
USA_cluster_22879,train
USA_cluster_22881,train
USA_cluster_22885,train
USA_cluster_22904,train
USA_cluster_22889,train
USA_cluster_22897,train
USA_cluster_22898,train
USA_cluster_22905,train
USA_cluster_22912,train
USA_cluster_22913,train
USA_cluster_22911,train
USA_cluster_22916,train
USA_cluster_22983,train
USA_cluster_22987,train
USA_cluster_22998,train
USA_cluster_23002,train
USA_cluster_22999,train
USA_cluster_23009,train
USA_cluster_23011,train
USA_cluster_23015,train
USA_cluster_23018,train
USA_cluster_23020,train
USA_cluster_23037,train
USA_cluster_23038,train
USA_cluster_23047,train
USA_cluster_2308,train
USA_cluster_23067,train
USA_cluster_23093,train
USA_cluster_23089,train
USA_cluster_23095,train
USA_cluster_23094,inspected
USA_cluster_23097,train
USA_cluster_23098,inspected
USA_cluster_23103,train
USA_cluster_23109,train
USA_cluster_23116,train
USA_cluster_23124,train
USA_cluster_23125,train
USA_cluster_23126,train
USA_cluster_23134,train
USA_cluster_23135,train
USA_cluster_23137,inspected
USA_cluster_23140,train
USA_cluster_23145,train
USA_cluster_23141,train
USA_cluster_23150,inspected
USA_cluster_23152,train
USA_cluster_23154,train
USA_cluster_23161,train
USA_cluster_23157,train
USA_cluster_23163,train
USA_cluster_23167,train
USA_cluster_23165,train
USA_cluster_23168,train
USA_cluster_23172,val
USA_cluster_23173,train
USA_cluster_23162,train
USA_cluster_23175,train
USA_cluster_23177,train
USA_cluster_23181,train
USA_cluster_23176,train
USA_cluster_23185,train
USA_cluster_23213,inspected
USA_cluster_23197,train
USA_cluster_23222,train
USA_cluster_23186,train
USA_cluster_23227,train
USA_cluster_23231,train
USA_cluster_23233,train
USA_cluster_23229,train
USA_cluster_2325,train
USA_cluster_2333,inspected
USA_cluster_233,train
USA_cluster_23221,train
USA_cluster_2384,train
USA_cluster_2386,train
USA_cluster_23875,train
USA_cluster_23947,inspected
USA_cluster_23896,train
USA_cluster_24026,train
USA_cluster_24022,train
USA_cluster_24029,train
USA_cluster_24039,train
USA_cluster_24087,train
USA_cluster_24057,train
USA_cluster_24243,inspected
USA_cluster_24181,train
USA_cluster_24251,train
USA_cluster_24253,train
USA_cluster_24269,train
USA_cluster_2426,train
USA_cluster_24262,inspected
USA_cluster_24307,train
USA_cluster_24311,train
USA_cluster_24313,train
USA_cluster_24315,train
USA_cluster_24321,train
USA_cluster_24330,train
USA_cluster_24337,train
USA_cluster_24339,train
USA_cluster_24338,train
USA_cluster_24345,train
USA_cluster_24352,train
USA_cluster_24359,train
USA_cluster_24360,train
USA_cluster_24366,train
USA_cluster_24370,train
USA_cluster_24365,train
USA_cluster_24374,train
USA_cluster_24383,train
USA_cluster_24411,train
USA_cluster_24424,train
USA_cluster_24422,train
USA_cluster_24416,train
USA_cluster_24433,train
USA_cluster_24456,train
USA_cluster_24466,train
USA_cluster_24468,train
USA_cluster_24566,train
USA_cluster_245,train
USA_cluster_24475,inspected
USA_cluster_24568,train
USA_cluster_24569,train
USA_cluster_24585,train
USA_cluster_24584,train
USA_cluster_24574,train
USA_cluster_24586,train
USA_cluster_24589,train
USA_cluster_24651,train
USA_cluster_250,train
USA_cluster_25337,inspected
USA_cluster_25293,inspected
USA_cluster_25401,train
USA_cluster_25412,train
USA_cluster_2553,train
USA_cluster_25348,inspected
USA_cluster_2554,train
USA_cluster_25547,train
USA_cluster_2555,train
USA_cluster_25554,train
USA_cluster_25548,inspected
USA_cluster_2558,train
USA_cluster_25558,inspected
USA_cluster_25588,train
USA_cluster_2559,train
USA_cluster_25590,train
USA_cluster_25595,train
USA_cluster_25596,train
USA_cluster_25598,train
USA_cluster_25600,train
USA_cluster_25617,train
USA_cluster_25601,train
USA_cluster_25631,train
USA_cluster_25634,train
USA_cluster_25633,train
USA_cluster_25620,train
USA_cluster_25644,train
USA_cluster_2566,inspected
USA_cluster_25677,train
USA_cluster_2571,train
USA_cluster_25754,train
USA_cluster_2580,train
USA_cluster_2574,train
USA_cluster_2581,train
USA_cluster_25827,train
USA_cluster_25844,train
USA_cluster_25843,train
USA_cluster_25833,train
USA_cluster_25849,train
USA_cluster_25856,train
USA_cluster_25863,train
USA_cluster_25858,train
USA_cluster_25873,train
USA_cluster_25928,train
USA_cluster_25944,train
USA_cluster_25946,train
USA_cluster_25950,test
USA_cluster_25951,train
USA_cluster_25948,train
USA_cluster_25952,train
USA_cluster_25955,train
USA_cluster_25957,train
USA_cluster_25959,train
USA_cluster_25953,train
USA_cluster_25966,train
USA_cluster_25969,train
USA_cluster_2597,train
USA_cluster_25974,train
USA_cluster_25978,train
USA_cluster_25976,train
USA_cluster_25979,train
USA_cluster_25980,train
USA_cluster_25986,train
USA_cluster_25989,train
USA_cluster_25994,train
USA_cluster_25996,train
USA_cluster_25997,train
USA_cluster_26004,train
USA_cluster_26005,train
USA_cluster_26013,train
USA_cluster_26020,train
USA_cluster_26017,train
USA_cluster_26029,train
USA_cluster_2603,train
USA_cluster_26035,train
USA_cluster_26036,train
USA_cluster_26025,train
USA_cluster_26038,train
USA_cluster_26039,train
USA_cluster_26057,train
USA_cluster_26061,train
USA_cluster_26034,train
USA_cluster_26076,train
USA_cluster_26074,train
USA_cluster_26086,inspected
USA_cluster_26115,train
USA_cluster_26120,train
USA_cluster_26122,train
USA_cluster_26127,train
USA_cluster_26137,train
USA_cluster_26156,train
USA_cluster_26158,train
USA_cluster_26169,train
USA_cluster_26161,train
USA_cluster_26159,train
USA_cluster_26194,train
USA_cluster_26190,train
USA_cluster_26205,train
USA_cluster_26203,train
USA_cluster_26184,train
USA_cluster_26209,train
USA_cluster_26226,train
USA_cluster_26196,train
USA_cluster_26227,train
USA_cluster_26228,train
USA_cluster_26240,train
USA_cluster_26234,train
USA_cluster_26241,train
USA_cluster_26256,train
USA_cluster_26257,train
USA_cluster_26259,train
USA_cluster_26261,train
USA_cluster_26260,train
USA_cluster_26264,train
USA_cluster_26263,inspected
USA_cluster_2630,train
USA_cluster_26412,train
USA_cluster_26418,train
USA_cluster_26411,train
USA_cluster_26262,train
USA_cluster_26426,train
USA_cluster_26431,train
USA_cluster_26434,train
USA_cluster_26440,train
USA_cluster_26457,train
USA_cluster_2646,train
USA_cluster_26463,train
USA_cluster_26466,train
USA_cluster_26471,train
USA_cluster_26473,inspected
USA_cluster_26476,train
USA_cluster_26489,train
USA_cluster_26488,train
USA_cluster_26490,train
USA_cluster_26495,train
USA_cluster_26502,train
USA_cluster_26497,train
USA_cluster_26503,train
USA_cluster_26507,train
USA_cluster_26515,train
USA_cluster_26520,train
USA_cluster_26526,train
USA_cluster_26527,train
USA_cluster_26534,train
USA_cluster_26529,train
USA_cluster_26519,train
USA_cluster_26540,train
USA_cluster_26543,train
USA_cluster_26546,train
USA_cluster_26552,train
USA_cluster_26557,train
USA_cluster_26558,train
USA_cluster_26554,train
USA_cluster_26563,train
USA_cluster_26567,train
USA_cluster_26569,train
USA_cluster_26578,train
USA_cluster_26576,train
USA_cluster_26585,train
USA_cluster_26589,train
USA_cluster_26597,train
USA_cluster_26586,train
USA_cluster_26606,train
USA_cluster_266,train
USA_cluster_26607,train
USA_cluster_26598,train
USA_cluster_26612,train
USA_cluster_26608,train
USA_cluster_26620,test
USA_cluster_26626,train
USA_cluster_26628,train
USA_cluster_26631,train
USA_cluster_26623,train
USA_cluster_26634,train
USA_cluster_26655,train
USA_cluster_26649,train
USA_cluster_26658,train
USA_cluster_26668,train
USA_cluster_26693,train
USA_cluster_26836,inspected
USA_cluster_26844,train
USA_cluster_26840,train
USA_cluster_26848,train
USA_cluster_26858,train
USA_cluster_26884,train
USA_cluster_26860,train
USA_cluster_26886,train
USA_cluster_26933,train
USA_cluster_26931,train
USA_cluster_26922,train
USA_cluster_26935,train
USA_cluster_26942,train
USA_cluster_26941,train
USA_cluster_26943,train
USA_cluster_26947,train
USA_cluster_26950,train
USA_cluster_26951,train
USA_cluster_26949,train
USA_cluster_26982,train
USA_cluster_26961,train
USA_cluster_26989,train
USA_cluster_26983,train
USA_cluster_26990,train
USA_cluster_26992,train
USA_cluster_27005,train
USA_cluster_27011,train
USA_cluster_2706,train
USA_cluster_27057,train
USA_cluster_27065,train
USA_cluster_27074,train
USA_cluster_27097,train
USA_cluster_27099,inspected
USA_cluster_271,train
USA_cluster_27100,train
USA_cluster_27115,train
USA_cluster_27092,train
USA_cluster_27102,train
USA_cluster_27117,train
USA_cluster_27119,train
USA_cluster_27125,train
USA_cluster_27122,train
USA_cluster_27133,train
USA_cluster_27137,inspected
USA_cluster_27140,inspected
USA_cluster_27144,train
USA_cluster_27145,train
USA_cluster_27158,train
USA_cluster_27159,train
USA_cluster_27207,train
USA_cluster_27186,train
USA_cluster_27188,train
USA_cluster_27212,train
USA_cluster_27228,train
USA_cluster_2723,train
USA_cluster_27213,train
USA_cluster_27263,train
USA_cluster_27308,train
USA_cluster_2748,train
USA_cluster_2749,train
USA_cluster_27567,inspected
USA_cluster_2782,train
USA_cluster_27979,train
USA_cluster_27996,train
USA_cluster_28,train
USA_cluster_27999,train
USA_cluster_28017,train
USA_cluster_28021,train
USA_cluster_28062,train
USA_cluster_28064,train
USA_cluster_28065,train
USA_cluster_28066,train
USA_cluster_28075,train
USA_cluster_28072,train
USA_cluster_28076,train
USA_cluster_28078,train
USA_cluster_28079,train
USA_cluster_28067,train
USA_cluster_28081,train
USA_cluster_28082,train
USA_cluster_28084,train
USA_cluster_28080,train
USA_cluster_28086,train
USA_cluster_28087,train
USA_cluster_28091,train
USA_cluster_28095,train
USA_cluster_28097,train
USA_cluster_28109,train
USA_cluster_28110,train
USA_cluster_28114,train
USA_cluster_28116,train
USA_cluster_28119,train
USA_cluster_28117,train
USA_cluster_28122,train
USA_cluster_28121,train
USA_cluster_28128,train
USA_cluster_28139,train
USA_cluster_28146,train
USA_cluster_28147,train
USA_cluster_28140,inspected
USA_cluster_28148,train
USA_cluster_28149,train
USA_cluster_28152,train
USA_cluster_28151,train
USA_cluster_28154,train
USA_cluster_28158,train
USA_cluster_28156,train
USA_cluster_28157,train
USA_cluster_28159,train
USA_cluster_28160,train
USA_cluster_28161,train
USA_cluster_28162,train
USA_cluster_28163,train
USA_cluster_28164,train
USA_cluster_28165,train
USA_cluster_28166,train
USA_cluster_28169,train
USA_cluster_28179,train
USA_cluster_28180,train
USA_cluster_28177,train
USA_cluster_28182,train
USA_cluster_28183,train
USA_cluster_28185,train
USA_cluster_28186,train
USA_cluster_28189,train
USA_cluster_28192,train
USA_cluster_28209,train
USA_cluster_28211,inspected
USA_cluster_28215,train
USA_cluster_28218,train
USA_cluster_28222,val
USA_cluster_28248,train
USA_cluster_28226,train
USA_cluster_28251,train
USA_cluster_28255,train
USA_cluster_28254,train
USA_cluster_28253,train
USA_cluster_28258,train
USA_cluster_2826,train
USA_cluster_28266,train
USA_cluster_28261,train
USA_cluster_28274,train
USA_cluster_28270,train
USA_cluster_2827,inspected
USA_cluster_28273,train
USA_cluster_28281,train
USA_cluster_28279,train
USA_cluster_28278,inspected
USA_cluster_28282,train
USA_cluster_28283,train
USA_cluster_28286,train
USA_cluster_28290,train
USA_cluster_2831,train
USA_cluster_28311,train
USA_cluster_28310,train
USA_cluster_28313,train
USA_cluster_28314,train
USA_cluster_2832,train
USA_cluster_28322,train
USA_cluster_28321,train
USA_cluster_28324,train
USA_cluster_28343,train
USA_cluster_2834,train
USA_cluster_28344,train
USA_cluster_28346,train
USA_cluster_28348,train
USA_cluster_28361,train
USA_cluster_28357,train
USA_cluster_28377,test
USA_cluster_28476,train
USA_cluster_2842,train
USA_cluster_28378,train
USA_cluster_2848,train
USA_cluster_28511,train
USA_cluster_28513,train
USA_cluster_28519,train
USA_cluster_28518,train
USA_cluster_28521,train
USA_cluster_28525,train
USA_cluster_28558,train
USA_cluster_28527,train
USA_cluster_28569,train
USA_cluster_28543,train
USA_cluster_28572,train
USA_cluster_28587,train
USA_cluster_28582,train
USA_cluster_28571,train
USA_cluster_28609,train
USA_cluster_28610,train
USA_cluster_28612,train
USA_cluster_28616,inspected
USA_cluster_28614,train
USA_cluster_28630,train
USA_cluster_28622,train
USA_cluster_28663,train
USA_cluster_28668,train
USA_cluster_28672,train
USA_cluster_28674,inspected
USA_cluster_28687,inspected
USA_cluster_28675,train
USA_cluster_28692,inspected
USA_cluster_28695,train
USA_cluster_28698,train
USA_cluster_28699,train
USA_cluster_2874,train
USA_cluster_28735,train
USA_cluster_28767,train
USA_cluster_28776,train
USA_cluster_28775,train
USA_cluster_28780,train
USA_cluster_28778,train
USA_cluster_28783,train
USA_cluster_28790,train
USA_cluster_28803,train
USA_cluster_2884,train
USA_cluster_2922,train
USA_cluster_2926,train
USA_cluster_2932,train
USA_cluster_29372,train
USA_cluster_2940,train
USA_cluster_29273,train
USA_cluster_2947,train
USA_cluster_2952,train
USA_cluster_2954,train
USA_cluster_29244,train
USA_cluster_2959,train
USA_cluster_2958,train
USA_cluster_2961,train
USA_cluster_29603,train
USA_cluster_2970,train
USA_cluster_2976,train
USA_cluster_2989,inspected
USA_cluster_2991,train
USA_cluster_2992,train
USA_cluster_3012,train
USA_cluster_30071,train
USA_cluster_303,train
USA_cluster_30372,train
USA_cluster_30361,train
USA_cluster_3036,train
USA_cluster_3031,train
USA_cluster_30394,train
USA_cluster_30395,train
USA_cluster_30417,train
USA_cluster_30418,train
USA_cluster_30396,train
USA_cluster_30426,train
USA_cluster_30420,train
USA_cluster_30422,train
USA_cluster_30429,train
USA_cluster_30437,train
USA_cluster_30441,train
USA_cluster_30448,train
USA_cluster_30648,train
USA_cluster_30738,train
USA_cluster_30452,test
USA_cluster_30743,inspected
USA_cluster_30755,train
USA_cluster_30766,train
USA_cluster_30788,train
USA_cluster_30792,train
USA_cluster_30813,train
USA_cluster_30795,train
USA_cluster_30820,train
USA_cluster_30836,train
USA_cluster_30841,train
USA_cluster_30840,train
USA_cluster_30878,train
USA_cluster_30885,train
USA_cluster_30937,train
USA_cluster_3091,inspected
USA_cluster_30983,train
USA_cluster_31003,train
USA_cluster_31006,train
USA_cluster_31057,train
USA_cluster_31207,train
USA_cluster_31212,train
USA_cluster_31210,train
USA_cluster_31224,train
USA_cluster_31144,train
USA_cluster_31226,train
USA_cluster_31228,train
USA_cluster_3123,train
USA_cluster_31276,train
USA_cluster_3124,train
USA_cluster_31277,train
USA_cluster_31270,train
USA_cluster_31278,train
USA_cluster_31279,train
USA_cluster_31287,inspected
USA_cluster_31280,train
USA_cluster_31281,train
USA_cluster_31293,train
USA_cluster_31292,train
USA_cluster_31300,train
USA_cluster_31301,train
USA_cluster_31303,train
USA_cluster_31311,train
USA_cluster_31342,train
USA_cluster_31312,train
USA_cluster_31343,train
USA_cluster_31325,train
USA_cluster_31345,train
USA_cluster_31349,train
USA_cluster_31348,train
USA_cluster_31350,train
USA_cluster_31360,train
USA_cluster_31364,train
USA_cluster_31367,train
USA_cluster_3137,train
USA_cluster_31378,train
USA_cluster_31371,train
USA_cluster_3142,train
USA_cluster_31411,train
USA_cluster_31431,train
USA_cluster_31432,train
USA_cluster_31433,train
USA_cluster_31439,train
USA_cluster_3145,train
USA_cluster_315,train
USA_cluster_31437,inspected
USA_cluster_31529,train
USA_cluster_31528,train
USA_cluster_3151,train
USA_cluster_31527,train
USA_cluster_31535,train
USA_cluster_31534,train
USA_cluster_31540,train
USA_cluster_31537,train
USA_cluster_31548,train
USA_cluster_31544,train
USA_cluster_31542,inspected
USA_cluster_31549,inspected
USA_cluster_31567,train
USA_cluster_31577,train
USA_cluster_31595,train
USA_cluster_31597,train
USA_cluster_31601,train
USA_cluster_31607,inspected
USA_cluster_31618,train
USA_cluster_31617,train
USA_cluster_31621,train
USA_cluster_31627,train
USA_cluster_31633,train
USA_cluster_31629,train
USA_cluster_31628,train
USA_cluster_31638,train
USA_cluster_31671,train
USA_cluster_31747,train
USA_cluster_31835,train
USA_cluster_31885,train
USA_cluster_31840,train
USA_cluster_31667,train
USA_cluster_31913,train
USA_cluster_3202,train
USA_cluster_32015,train
USA_cluster_32058,inspected
USA_cluster_3208,train
USA_cluster_32024,train
USA_cluster_32091,train
USA_cluster_32096,train
USA_cluster_32095,train
USA_cluster_32094,train
USA_cluster_32092,train
USA_cluster_32102,train
USA_cluster_32097,train
USA_cluster_32103,inspected
USA_cluster_32105,inspected
USA_cluster_32109,inspected
USA_cluster_32113,train
USA_cluster_3211,train
USA_cluster_32119,train
USA_cluster_3212,train
USA_cluster_3213,train
USA_cluster_32132,train
USA_cluster_32137,train
USA_cluster_32139,train
USA_cluster_32144,train
USA_cluster_32151,train
USA_cluster_32146,train
USA_cluster_32159,train
USA_cluster_32163,train
USA_cluster_32172,train
USA_cluster_32176,train
USA_cluster_32181,train
USA_cluster_32179,train
USA_cluster_32185,train
USA_cluster_32186,train
USA_cluster_32195,train
USA_cluster_32203,train
USA_cluster_32211,train
USA_cluster_32222,train
USA_cluster_32228,train
USA_cluster_32233,train
USA_cluster_32260,train
USA_cluster_32278,train
USA_cluster_32242,train
USA_cluster_32250,train
USA_cluster_32293,train
USA_cluster_32292,train
USA_cluster_32295,train
USA_cluster_32311,train
USA_cluster_32335,train
USA_cluster_32338,train
USA_cluster_32328,train
USA_cluster_32340,train
USA_cluster_32353,train
USA_cluster_32351,train
USA_cluster_32363,train
USA_cluster_3236,train
USA_cluster_324,train
USA_cluster_32495,train
USA_cluster_32498,train
USA_cluster_32442,train
USA_cluster_32510,train
USA_cluster_32530,train
USA_cluster_32545,train
USA_cluster_32519,train
USA_cluster_32554,train
USA_cluster_32568,train
USA_cluster_32603,train
USA_cluster_32670,train
USA_cluster_32665,train
USA_cluster_32672,train
USA_cluster_3280,train
USA_cluster_3277,train
USA_cluster_33201,train
USA_cluster_33202,train
USA_cluster_33150,train
USA_cluster_3325,inspected
USA_cluster_3347,train
USA_cluster_3353,train
USA_cluster_33553,inspected
USA_cluster_33569,train
USA_cluster_33563,train
USA_cluster_33572,train
USA_cluster_33590,train
USA_cluster_33603,train
USA_cluster_33605,train
USA_cluster_33606,train
USA_cluster_3360,train
USA_cluster_33610,train
USA_cluster_33611,train
USA_cluster_33613,train
USA_cluster_33614,train
USA_cluster_33612,train
USA_cluster_33615,train
USA_cluster_33617,train
USA_cluster_33620,train
USA_cluster_33621,train
USA_cluster_33646,train
USA_cluster_3365,train
USA_cluster_3363,train
USA_cluster_33666,train
USA_cluster_33656,train
USA_cluster_33677,train
USA_cluster_33672,train
USA_cluster_33706,train
USA_cluster_33730,train
USA_cluster_33731,train
USA_cluster_33734,train
USA_cluster_33737,train
USA_cluster_33735,train
USA_cluster_33742,train
USA_cluster_33745,train
USA_cluster_33750,train
USA_cluster_33769,train
USA_cluster_33753,train
USA_cluster_33770,inspected
USA_cluster_33776,train
USA_cluster_33771,train
USA_cluster_33791,train
USA_cluster_33784,train
USA_cluster_33795,train
USA_cluster_33799,train
USA_cluster_33823,inspected
USA_cluster_33803,train
USA_cluster_33834,train
USA_cluster_33839,train
USA_cluster_33864,train
USA_cluster_33889,train
USA_cluster_33890,train
USA_cluster_33895,train
USA_cluster_33893,train
USA_cluster_33897,train
USA_cluster_33899,train
USA_cluster_33900,train
USA_cluster_33902,train
USA_cluster_33906,train
USA_cluster_33908,train
USA_cluster_33905,train
USA_cluster_33909,train
USA_cluster_33912,train
USA_cluster_33913,train
USA_cluster_33911,train
USA_cluster_33936,train
USA_cluster_33914,train
USA_cluster_33938,train
USA_cluster_33942,train
USA_cluster_33943,train
USA_cluster_33944,train
USA_cluster_33945,train
USA_cluster_33946,train
USA_cluster_33948,train
USA_cluster_33954,train
USA_cluster_33955,train
USA_cluster_33957,train
USA_cluster_33956,train
USA_cluster_33960,train
USA_cluster_33962,train
USA_cluster_33964,train
USA_cluster_33966,train
USA_cluster_33970,train
USA_cluster_33976,train
USA_cluster_33981,train
USA_cluster_33982,train
USA_cluster_33988,train
USA_cluster_33990,train
USA_cluster_33994,train
USA_cluster_33996,train
USA_cluster_34002,train
USA_cluster_34001,train
USA_cluster_33999,train
USA_cluster_34003,train
USA_cluster_34019,train
USA_cluster_34020,train
USA_cluster_34022,train
USA_cluster_34023,train
USA_cluster_34028,train
USA_cluster_34029,train
USA_cluster_34033,train
USA_cluster_34031,train
USA_cluster_34034,train
USA_cluster_34037,train
USA_cluster_34038,train
USA_cluster_34040,train
USA_cluster_34039,train
USA_cluster_34047,train
USA_cluster_34046,train
USA_cluster_34048,train
USA_cluster_34049,train
USA_cluster_34052,train
USA_cluster_34055,train
USA_cluster_34054,train
USA_cluster_34060,train
USA_cluster_34057,train
USA_cluster_34061,train
USA_cluster_34062,train
USA_cluster_34063,train
USA_cluster_34064,train
USA_cluster_34065,train
USA_cluster_34066,train
USA_cluster_34070,train
USA_cluster_34073,train
USA_cluster_34077,train
USA_cluster_34075,train
USA_cluster_34080,train
USA_cluster_34085,train
USA_cluster_34086,train
USA_cluster_34089,train
USA_cluster_34087,train
USA_cluster_34092,train
USA_cluster_34090,train
USA_cluster_34099,train
USA_cluster_34102,train
USA_cluster_34105,train
USA_cluster_34110,train
USA_cluster_34109,train
USA_cluster_34112,train
USA_cluster_34114,train
USA_cluster_34115,train
USA_cluster_34116,train
USA_cluster_34118,train
USA_cluster_34127,train
USA_cluster_34190,train
USA_cluster_34262,train
USA_cluster_34206,train
USA_cluster_3430,train
USA_cluster_3442,train
USA_cluster_34517,val
USA_cluster_34600,train
USA_cluster_34597,train
USA_cluster_34602,train
USA_cluster_34646,train
USA_cluster_34897,train
USA_cluster_34893,train
USA_cluster_34898,inspected
USA_cluster_34900,train
USA_cluster_34908,train
USA_cluster_34907,inspected
USA_cluster_34903,train
USA_cluster_34909,train
USA_cluster_34911,train
USA_cluster_34913,train
USA_cluster_34917,inspected
USA_cluster_34919,train
USA_cluster_34920,train
USA_cluster_34921,train
USA_cluster_34924,train
USA_cluster_34930,train
USA_cluster_34939,train
USA_cluster_3494,train
USA_cluster_34942,train
USA_cluster_34944,train
USA_cluster_34950,train
USA_cluster_3495,train
USA_cluster_34951,inspected
USA_cluster_34955,train
USA_cluster_34965,train
USA_cluster_34959,train
USA_cluster_34972,train
USA_cluster_34971,train
USA_cluster_34976,train
USA_cluster_34975,train
USA_cluster_34977,train
USA_cluster_34981,train
USA_cluster_34991,train
USA_cluster_34989,train
USA_cluster_34982,train
USA_cluster_34992,train
USA_cluster_35015,train
USA_cluster_35024,train
USA_cluster_35033,train
USA_cluster_35020,train
USA_cluster_35046,train
USA_cluster_35049,train
USA_cluster_35057,train
USA_cluster_35064,train
USA_cluster_35075,train
USA_cluster_35088,train
USA_cluster_35073,inspected
USA_cluster_35087,train
USA_cluster_35107,train
USA_cluster_35091,train
USA_cluster_35103,train
USA_cluster_35104,train
USA_cluster_35112,train
USA_cluster_35115,train
USA_cluster_35117,train
USA_cluster_35119,train
USA_cluster_35124,train
USA_cluster_35130,train
USA_cluster_35137,train
USA_cluster_35143,train
USA_cluster_35136,train
USA_cluster_35149,train
USA_cluster_35148,inspected
USA_cluster_35150,train
USA_cluster_35152,train
USA_cluster_35154,train
USA_cluster_35158,train
USA_cluster_35161,train
USA_cluster_35159,train
USA_cluster_35164,train
USA_cluster_35168,train
USA_cluster_35162,inspected
USA_cluster_35175,train
USA_cluster_35172,train
USA_cluster_35179,train
USA_cluster_35182,train
USA_cluster_35197,train
USA_cluster_35186,train
USA_cluster_35196,train
USA_cluster_35199,train
USA_cluster_35203,train
USA_cluster_35201,train
USA_cluster_35202,train
USA_cluster_35204,train
USA_cluster_35209,inspected
USA_cluster_35205,train
USA_cluster_35208,train
USA_cluster_35211,inspected
USA_cluster_35212,train
USA_cluster_35216,train
USA_cluster_35215,train
USA_cluster_35217,train
USA_cluster_35218,train
USA_cluster_35219,train
USA_cluster_35220,train
USA_cluster_35224,train
USA_cluster_35227,train
USA_cluster_35228,train
USA_cluster_35231,train
USA_cluster_35232,train
USA_cluster_35234,train
USA_cluster_35235,train
USA_cluster_35240,train
USA_cluster_35239,train
USA_cluster_35241,train
USA_cluster_35230,train
USA_cluster_35242,train
USA_cluster_35243,train
USA_cluster_35251,train
USA_cluster_35269,train
USA_cluster_35254,train
USA_cluster_3527,train
USA_cluster_35256,train
USA_cluster_35273,train
USA_cluster_35281,train
USA_cluster_35276,train
USA_cluster_35285,train
USA_cluster_35284,train
USA_cluster_35302,train
USA_cluster_35293,train
USA_cluster_35394,train
USA_cluster_35310,train
USA_cluster_35430,train
USA_cluster_35452,train
USA_cluster_35459,train
USA_cluster_35446,train
USA_cluster_35485,train
USA_cluster_35492,train
USA_cluster_35489,train
USA_cluster_35503,train
USA_cluster_35506,train
USA_cluster_35514,train
USA_cluster_35508,train
USA_cluster_35518,train
USA_cluster_35515,train
USA_cluster_35522,train
USA_cluster_35527,train
USA_cluster_35531,train
USA_cluster_35543,train
USA_cluster_35533,train
USA_cluster_3555,val
USA_cluster_35584,train
USA_cluster_3557,train
USA_cluster_35592,train
USA_cluster_35578,train
USA_cluster_35594,train
USA_cluster_35599,train
USA_cluster_35607,train
USA_cluster_35605,train
USA_cluster_35615,train
USA_cluster_35611,train
USA_cluster_35616,train
USA_cluster_35622,train
USA_cluster_35627,train
USA_cluster_35631,train
USA_cluster_35637,train
USA_cluster_3565,train
USA_cluster_35666,train
USA_cluster_35688,train
USA_cluster_35684,train
USA_cluster_35725,train
USA_cluster_35701,train
USA_cluster_35732,train
USA_cluster_35731,train
USA_cluster_35735,train
USA_cluster_35763,train
USA_cluster_35798,train
USA_cluster_35812,train
USA_cluster_35827,train
USA_cluster_35838,train
USA_cluster_35850,train
USA_cluster_35841,train
USA_cluster_35899,train
USA_cluster_35858,train
USA_cluster_35853,train
USA_cluster_35875,train
USA_cluster_35904,train
USA_cluster_35903,train
USA_cluster_35913,train
USA_cluster_35923,train
USA_cluster_35924,train
USA_cluster_35935,train
USA_cluster_35982,train
USA_cluster_35993,train
USA_cluster_35999,train
USA_cluster_36003,train
USA_cluster_35985,train
USA_cluster_36020,train
USA_cluster_36021,train
USA_cluster_36031,train
USA_cluster_36024,train
USA_cluster_36043,train
USA_cluster_36052,train
USA_cluster_36053,train
USA_cluster_36088,train
USA_cluster_36092,train
USA_cluster_36122,train
USA_cluster_36117,train
USA_cluster_36138,train
USA_cluster_3616,train
USA_cluster_36148,train
USA_cluster_36181,train
USA_cluster_36187,train
USA_cluster_36196,train
USA_cluster_36217,train
USA_cluster_36268,train
USA_cluster_362,train
USA_cluster_36263,train
USA_cluster_36304,inspected
USA_cluster_36359,train
USA_cluster_36364,train
USA_cluster_36270,train
USA_cluster_36379,train
USA_cluster_36460,train
USA_cluster_37098,train
USA_cluster_37134,train
USA_cluster_36497,train
USA_cluster_37795,train
USA_cluster_38253,train
USA_cluster_38292,inspected
USA_cluster_3843,train
USA_cluster_3850,train
USA_cluster_3842,train
USA_cluster_3844,train
USA_cluster_3861,train
USA_cluster_38703,train
USA_cluster_38586,train
USA_cluster_3872,train
USA_cluster_3906,train
USA_cluster_3908,train
USA_cluster_3907,train
USA_cluster_3891,train
USA_cluster_3912,train
USA_cluster_3926,train
USA_cluster_39234,inspected
USA_cluster_3928,train
USA_cluster_39309,train
USA_cluster_39345,train
USA_cluster_3934,train
USA_cluster_39399,train
USA_cluster_3940,train
USA_cluster_3947,train
USA_cluster_39447,val
USA_cluster_3948,train
USA_cluster_39483,train
USA_cluster_3952,train
USA_cluster_39532,train
USA_cluster_39480,train
USA_cluster_39539,train
USA_cluster_39562,train
USA_cluster_39542,train
USA_cluster_39546,train
USA_cluster_39579,train
USA_cluster_39598,train
USA_cluster_39602,train
USA_cluster_3958,train
USA_cluster_39613,train
USA_cluster_39622,train
USA_cluster_39623,train
USA_cluster_39670,train
USA_cluster_39664,train
USA_cluster_39684,train
USA_cluster_39675,train
USA_cluster_39687,train
USA_cluster_39688,train
USA_cluster_39757,train
USA_cluster_39842,inspected
USA_cluster_3989,train
USA_cluster_3990,train
USA_cluster_3991,train
USA_cluster_39709,train
USA_cluster_3995,inspected
USA_cluster_3992,train
USA_cluster_4003,train
USA_cluster_40111,train
USA_cluster_40107,train
USA_cluster_40126,train
USA_cluster_40130,train
USA_cluster_40134,train
USA_cluster_40143,train
USA_cluster_40142,train
USA_cluster_40154,train
USA_cluster_40149,train
USA_cluster_40144,train
USA_cluster_40167,train
USA_cluster_40165,train
USA_cluster_40155,train
USA_cluster_40177,train
USA_cluster_40178,train
USA_cluster_40182,train
USA_cluster_40180,train
USA_cluster_40184,train
USA_cluster_40188,train
USA_cluster_40189,train
USA_cluster_40192,train
USA_cluster_40195,train
USA_cluster_40196,train
USA_cluster_40201,train
USA_cluster_40205,train
USA_cluster_40204,train
USA_cluster_40207,train
USA_cluster_40216,train
USA_cluster_40211,train
USA_cluster_40209,train
USA_cluster_40226,train
USA_cluster_40217,train
USA_cluster_40235,train
USA_cluster_40237,train
USA_cluster_40219,train
USA_cluster_40227,train
USA_cluster_40239,train
USA_cluster_40262,train
USA_cluster_40246,train
USA_cluster_40297,train
USA_cluster_40342,train
USA_cluster_4041,train
USA_cluster_40418,inspected
USA_cluster_40438,inspected
USA_cluster_40591,train
USA_cluster_4049,train
USA_cluster_40604,train
USA_cluster_40592,train
USA_cluster_40626,train
USA_cluster_40665,train
USA_cluster_40666,train
USA_cluster_40662,train
USA_cluster_40667,train
USA_cluster_40672,train
USA_cluster_40674,train
USA_cluster_40671,train
USA_cluster_40668,train
USA_cluster_40675,train
USA_cluster_40699,train
USA_cluster_40759,train
USA_cluster_40755,train
USA_cluster_40760,train
USA_cluster_40877,train
USA_cluster_40774,train
USA_cluster_40919,train
USA_cluster_40914,train
USA_cluster_40934,train
USA_cluster_40938,train
USA_cluster_40935,train
USA_cluster_40942,train
USA_cluster_40951,train
USA_cluster_40959,train
USA_cluster_40955,train
USA_cluster_40961,train
USA_cluster_40963,train
USA_cluster_40965,train
USA_cluster_40971,train
USA_cluster_40976,train
USA_cluster_40983,train
USA_cluster_40984,train
USA_cluster_40980,train
USA_cluster_41096,train
USA_cluster_41099,train
USA_cluster_40986,train
USA_cluster_41101,train
USA_cluster_41108,train
USA_cluster_41122,train
USA_cluster_41123,train
USA_cluster_41126,train
USA_cluster_41129,train
USA_cluster_41143,train
USA_cluster_41146,train
USA_cluster_41155,train
USA_cluster_41159,train
USA_cluster_41128,train
USA_cluster_41164,train
USA_cluster_41180,train
USA_cluster_41169,train
USA_cluster_41211,train
USA_cluster_41215,train
USA_cluster_41259,train
USA_cluster_41233,train
USA_cluster_41264,train
USA_cluster_41290,train
USA_cluster_41291,train
USA_cluster_41293,train
USA_cluster_41267,train
USA_cluster_41296,train
USA_cluster_41330,train
USA_cluster_41299,train
USA_cluster_41343,train
USA_cluster_41338,train
USA_cluster_41375,train
USA_cluster_41410,train
USA_cluster_41427,train
USA_cluster_4141,train
USA_cluster_41466,train
USA_cluster_41450,train
USA_cluster_4151,train
USA_cluster_41525,train
USA_cluster_41514,train
USA_cluster_41550,train
USA_cluster_41594,train
USA_cluster_41576,train
USA_cluster_4159,train
USA_cluster_41599,train
USA_cluster_41616,train
USA_cluster_41650,train
USA_cluster_41652,train
USA_cluster_41658,train
USA_cluster_41653,val
USA_cluster_41683,train
USA_cluster_41731,train
USA_cluster_41661,train
USA_cluster_41737,train
USA_cluster_41747,train
USA_cluster_41752,train
USA_cluster_41733,train
USA_cluster_41831,inspected
USA_cluster_41865,train
USA_cluster_41843,train
USA_cluster_41777,train
USA_cluster_41886,train
USA_cluster_41897,train
USA_cluster_41946,train
USA_cluster_41919,train
USA_cluster_41957,train
USA_cluster_41983,train
USA_cluster_420,train
USA_cluster_41984,train
USA_cluster_42035,train
USA_cluster_42003,train
USA_cluster_42038,train
USA_cluster_42040,train
USA_cluster_42190,train
USA_cluster_42188,train
USA_cluster_42195,train
USA_cluster_42196,train
USA_cluster_42197,train
USA_cluster_42203,train
USA_cluster_42198,train
USA_cluster_42212,train
USA_cluster_42217,train
USA_cluster_42221,train
USA_cluster_42219,train
USA_cluster_42222,train
USA_cluster_42235,train
USA_cluster_42241,train
USA_cluster_42242,train
USA_cluster_42239,train
USA_cluster_42236,train
USA_cluster_42243,train
USA_cluster_42247,train
USA_cluster_42255,train
USA_cluster_42254,test
USA_cluster_42273,train
USA_cluster_42274,train
USA_cluster_42298,train
USA_cluster_42303,train
USA_cluster_42276,train
USA_cluster_42472,train
USA_cluster_42311,train
USA_cluster_42488,train
USA_cluster_42563,val
USA_cluster_42571,train
USA_cluster_42667,train
USA_cluster_42592,train
USA_cluster_42771,train
USA_cluster_42802,train
USA_cluster_42806,train
USA_cluster_42826,train
USA_cluster_42846,train
USA_cluster_42841,train
USA_cluster_42891,train
USA_cluster_42877,train
USA_cluster_42893,train
USA_cluster_42908,train
USA_cluster_42952,train
USA_cluster_4298,train
USA_cluster_42991,train
USA_cluster_43029,train
USA_cluster_4306,train
USA_cluster_43085,train
USA_cluster_43079,train
USA_cluster_43086,train
USA_cluster_43088,train
USA_cluster_43103,train
USA_cluster_43091,train
USA_cluster_4312,train
USA_cluster_43148,train
USA_cluster_43149,train
USA_cluster_43151,train
USA_cluster_43153,train
USA_cluster_43169,train
USA_cluster_43172,train
USA_cluster_43174,train
USA_cluster_43173,train
USA_cluster_43189,train
USA_cluster_43183,train
USA_cluster_43197,train
USA_cluster_43219,train
USA_cluster_43290,train
USA_cluster_43285,train
USA_cluster_43256,inspected
USA_cluster_43220,inspected
USA_cluster_43323,train
USA_cluster_43333,train
USA_cluster_43362,inspected
USA_cluster_43455,inspected
USA_cluster_43460,inspected
USA_cluster_43476,inspected
USA_cluster_43340,train
USA_cluster_436,train
USA_cluster_43364,train
USA_cluster_43683,train
USA_cluster_43719,inspected
USA_cluster_438,train
USA_cluster_43891,train
USA_cluster_4390,inspected
USA_cluster_439,train
USA_cluster_43914,train
USA_cluster_4391,train
USA_cluster_4394,train
USA_cluster_44012,train
USA_cluster_4400,inspected
USA_cluster_4402,train
USA_cluster_4407,train
USA_cluster_4411,train
USA_cluster_4392,train
USA_cluster_44234,train
USA_cluster_44237,inspected
USA_cluster_44238,train
USA_cluster_44240,train
USA_cluster_44244,train
USA_cluster_44246,train
USA_cluster_44250,train
USA_cluster_44253,train
USA_cluster_44259,inspected
USA_cluster_44255,train
USA_cluster_44266,train
USA_cluster_44267,train
USA_cluster_44274,train
USA_cluster_44284,train
USA_cluster_44272,train
USA_cluster_4429,train
USA_cluster_44308,train
USA_cluster_44295,train
USA_cluster_44315,train
USA_cluster_44327,train
USA_cluster_44346,train
USA_cluster_44349,train
USA_cluster_44348,inspected
USA_cluster_44351,train
USA_cluster_44352,train
USA_cluster_44353,train
USA_cluster_44357,train
USA_cluster_44359,inspected
USA_cluster_44358,train
USA_cluster_44360,train
USA_cluster_44363,train
USA_cluster_44367,train
USA_cluster_44399,train
USA_cluster_44408,train
USA_cluster_44434,train
USA_cluster_444,train
USA_cluster_44567,train
USA_cluster_44446,train
USA_cluster_44578,inspected
USA_cluster_44598,inspected
USA_cluster_44642,train
USA_cluster_44599,inspected
USA_cluster_44683,train
USA_cluster_4470,train
USA_cluster_4471,train
USA_cluster_4475,train
USA_cluster_4472,train
USA_cluster_4476,train
USA_cluster_4478,train
USA_cluster_44797,train
USA_cluster_44787,train
USA_cluster_4479,train
USA_cluster_4480,train
USA_cluster_449,train
USA_cluster_44886,train
USA_cluster_44926,train
USA_cluster_4496,train
USA_cluster_4499,train
USA_cluster_45003,train
USA_cluster_450,train
USA_cluster_45001,train
USA_cluster_45012,train
USA_cluster_45023,train
USA_cluster_45099,train
USA_cluster_45042,train
USA_cluster_45113,train
USA_cluster_45142,train
USA_cluster_45210,train
USA_cluster_45251,inspected
USA_cluster_45298,train
USA_cluster_45295,train
USA_cluster_453,train
USA_cluster_45301,train
USA_cluster_45302,train
USA_cluster_45300,train
USA_cluster_45303,train
USA_cluster_45311,train
USA_cluster_45309,train
USA_cluster_45319,train
USA_cluster_45313,train
USA_cluster_45318,train
USA_cluster_45317,train
USA_cluster_45321,train
USA_cluster_45324,train
USA_cluster_45326,train
USA_cluster_45327,train
USA_cluster_45334,train
USA_cluster_45390,train
USA_cluster_45471,train
USA_cluster_45356,train
USA_cluster_45479,train
USA_cluster_45474,train
USA_cluster_45488,train
USA_cluster_45491,train
USA_cluster_455,train
USA_cluster_45495,train
USA_cluster_45686,train
USA_cluster_45741,train
USA_cluster_4575,inspected
USA_cluster_45695,train
USA_cluster_4577,train
USA_cluster_45785,train
USA_cluster_45789,train
USA_cluster_45826,train
USA_cluster_45753,inspected
USA_cluster_45838,train
USA_cluster_45829,train
USA_cluster_45847,train
USA_cluster_45852,train
USA_cluster_45860,train
USA_cluster_45866,train
USA_cluster_45872,train
USA_cluster_45861,train
USA_cluster_45878,train
USA_cluster_45886,train
USA_cluster_45904,train
USA_cluster_45899,train
USA_cluster_45912,train
USA_cluster_46003,train
USA_cluster_4597,train
USA_cluster_4601,train
USA_cluster_4600,train
USA_cluster_4602,train
USA_cluster_46040,train
USA_cluster_4605,train
USA_cluster_4603,train
USA_cluster_4608,train
USA_cluster_4609,train
USA_cluster_4606,train
USA_cluster_4607,train
USA_cluster_461,train
USA_cluster_4610,train
USA_cluster_4611,train
USA_cluster_4614,train
USA_cluster_46171,train
USA_cluster_4613,train
USA_cluster_46173,train
USA_cluster_46188,train
USA_cluster_4618,train
USA_cluster_46187,train
USA_cluster_4621,train
USA_cluster_46219,train
USA_cluster_46243,train
USA_cluster_4619,train
USA_cluster_46283,train
USA_cluster_4628,train
USA_cluster_46290,train
USA_cluster_46296,train
USA_cluster_46298,train
USA_cluster_46312,train
USA_cluster_46332,train
USA_cluster_46317,train
USA_cluster_46342,train
USA_cluster_46379,inspected
USA_cluster_4636,train
USA_cluster_4638,train
USA_cluster_4640,train
USA_cluster_46409,train
USA_cluster_46454,train
USA_cluster_46501,train
USA_cluster_46503,train
USA_cluster_46555,train
USA_cluster_4646,train
USA_cluster_46594,train
USA_cluster_46562,train
USA_cluster_46619,train
USA_cluster_46648,train
USA_cluster_46632,train
USA_cluster_4661,train
USA_cluster_46665,train
USA_cluster_46711,train
USA_cluster_46691,train
USA_cluster_46716,train
USA_cluster_4670,train
USA_cluster_46728,train
USA_cluster_46735,train
USA_cluster_46739,train
USA_cluster_46736,train
USA_cluster_4675,train
USA_cluster_46770,train
USA_cluster_46803,train
USA_cluster_46753,train
USA_cluster_46804,train
USA_cluster_46826,train
USA_cluster_46855,train
USA_cluster_46806,inspected
USA_cluster_46861,train
USA_cluster_46877,train
USA_cluster_46866,train
USA_cluster_46871,train
USA_cluster_46934,train
USA_cluster_46955,train
USA_cluster_46881,train
USA_cluster_46889,train
USA_cluster_46984,train
USA_cluster_46988,train
USA_cluster_46987,train
USA_cluster_4696,train
USA_cluster_46989,train
USA_cluster_4699,train
USA_cluster_470,train
USA_cluster_4700,train
USA_cluster_47013,train
USA_cluster_4702,train
USA_cluster_47031,train
USA_cluster_47061,train
USA_cluster_4705,train
USA_cluster_47075,train
USA_cluster_47101,train
USA_cluster_47071,test
USA_cluster_47149,train
USA_cluster_47147,inspected
USA_cluster_47156,train
USA_cluster_47160,train
USA_cluster_47168,train
USA_cluster_47169,train
USA_cluster_47172,train
USA_cluster_47173,train
USA_cluster_47174,train
USA_cluster_47176,train
USA_cluster_47177,train
USA_cluster_47180,train
USA_cluster_47186,train
USA_cluster_47195,val
USA_cluster_47193,train
USA_cluster_47202,train
USA_cluster_47204,train
USA_cluster_47215,train
USA_cluster_47220,train
USA_cluster_47212,train
USA_cluster_47245,train
USA_cluster_47284,inspected
USA_cluster_47288,train
USA_cluster_47280,train
USA_cluster_47289,train
USA_cluster_47308,train
USA_cluster_47297,train
USA_cluster_47302,train
USA_cluster_47408,inspected
USA_cluster_47456,train
USA_cluster_47463,train
USA_cluster_4746,train
USA_cluster_47458,train
USA_cluster_47467,train
USA_cluster_47468,train
USA_cluster_47480,train
USA_cluster_47491,train
USA_cluster_47543,train
USA_cluster_47556,train
USA_cluster_4757,train
USA_cluster_47515,train
USA_cluster_47589,inspected
USA_cluster_47771,train
USA_cluster_47828,train
USA_cluster_4783,train
USA_cluster_47843,train
USA_cluster_47837,train
USA_cluster_47831,train
USA_cluster_47845,train
USA_cluster_47863,train
USA_cluster_47860,train
USA_cluster_47864,train
USA_cluster_47913,train
USA_cluster_47946,train
USA_cluster_47961,train
USA_cluster_47997,train
USA_cluster_47932,train
USA_cluster_48019,train
USA_cluster_48012,train
USA_cluster_48020,train
USA_cluster_48024,train
USA_cluster_48021,train
USA_cluster_48040,train
USA_cluster_48055,train
USA_cluster_48058,train
USA_cluster_48062,train
USA_cluster_48152,train
USA_cluster_48064,train
USA_cluster_48143,train
USA_cluster_48221,train
USA_cluster_48254,train
USA_cluster_48255,train
USA_cluster_4824,train
USA_cluster_4826,train
USA_cluster_48261,train
USA_cluster_48272,train
USA_cluster_4827,train
USA_cluster_48291,train
USA_cluster_48303,train
USA_cluster_48306,train
USA_cluster_48307,train
USA_cluster_4832,train
USA_cluster_48324,train
USA_cluster_4834,train
USA_cluster_48364,train
USA_cluster_48409,train
USA_cluster_4840,train
USA_cluster_48420,train
USA_cluster_48471,train
USA_cluster_48474,train
USA_cluster_48479,train
USA_cluster_48542,train
USA_cluster_485,train
USA_cluster_48505,train
USA_cluster_48560,train
USA_cluster_48551,train
USA_cluster_48591,train
USA_cluster_48604,inspected
USA_cluster_48689,train
USA_cluster_48678,train
USA_cluster_48721,train
USA_cluster_48737,train
USA_cluster_48738,train
USA_cluster_48739,train
USA_cluster_48783,train
USA_cluster_48766,inspected
USA_cluster_48838,train
USA_cluster_48839,train
USA_cluster_48853,train
USA_cluster_48852,train
USA_cluster_48854,train
USA_cluster_48863,train
USA_cluster_48865,train
USA_cluster_48870,train
USA_cluster_48892,train
USA_cluster_489,train
USA_cluster_48918,train
USA_cluster_48925,train
USA_cluster_48896,train
USA_cluster_48944,train
USA_cluster_49027,train
USA_cluster_48948,train
USA_cluster_49029,train
USA_cluster_49028,train
USA_cluster_49031,train
USA_cluster_49035,train
USA_cluster_49046,train
USA_cluster_49122,train
USA_cluster_49247,train
USA_cluster_49280,train
USA_cluster_49354,train
USA_cluster_493,train
USA_cluster_49379,train
USA_cluster_49438,train
USA_cluster_494,train
USA_cluster_49451,train
USA_cluster_49264,train
USA_cluster_495,train
USA_cluster_49500,inspected
USA_cluster_4955,train
USA_cluster_49560,train
USA_cluster_49571,train
USA_cluster_49561,inspected
USA_cluster_49597,train
USA_cluster_49607,train
USA_cluster_49605,train
USA_cluster_49630,train
USA_cluster_49632,train
USA_cluster_49633,train
USA_cluster_49644,train
USA_cluster_49651,train
USA_cluster_49669,train
USA_cluster_49710,train
USA_cluster_49711,train
USA_cluster_49713,train
USA_cluster_49712,train
USA_cluster_49714,train
USA_cluster_49716,train
USA_cluster_49738,train
USA_cluster_49717,train
USA_cluster_49742,train
USA_cluster_49754,train
USA_cluster_4982,train
USA_cluster_49830,train
USA_cluster_49806,train
USA_cluster_49894,train
USA_cluster_49949,train
USA_cluster_49968,train
USA_cluster_4995,train
USA_cluster_49985,train
USA_cluster_5004,train
USA_cluster_49987,train
USA_cluster_5022,train
USA_cluster_50284,train
USA_cluster_5032,train
USA_cluster_5029,train
USA_cluster_50343,inspected
USA_cluster_5033,train
USA_cluster_50423,train
USA_cluster_50426,train
USA_cluster_50434,train
USA_cluster_50382,train
USA_cluster_5045,train
USA_cluster_5049,train
USA_cluster_50514,train
USA_cluster_50511,train
USA_cluster_50517,train
USA_cluster_50520,train
USA_cluster_50526,train
USA_cluster_50524,train
USA_cluster_50538,train
USA_cluster_5053,train
USA_cluster_5054,train
USA_cluster_50545,train
USA_cluster_50547,train
USA_cluster_50552,train
USA_cluster_50559,train
USA_cluster_50561,train
USA_cluster_50584,train
USA_cluster_50594,train
USA_cluster_50604,train
USA_cluster_506,train
USA_cluster_50606,train
USA_cluster_50613,train
USA_cluster_50681,train
USA_cluster_50673,train
USA_cluster_50694,train
USA_cluster_50739,train
USA_cluster_507,train
USA_cluster_50744,train
USA_cluster_50756,train
USA_cluster_50757,inspected
USA_cluster_50759,train
USA_cluster_50765,train
USA_cluster_50772,train
USA_cluster_50766,train
USA_cluster_50784,train
USA_cluster_50801,train
USA_cluster_50810,train
USA_cluster_50826,train
USA_cluster_50895,train
USA_cluster_50904,train
USA_cluster_50928,train
USA_cluster_50981,train
USA_cluster_50967,train
USA_cluster_50979,train
USA_cluster_50983,train
USA_cluster_50985,train
USA_cluster_50986,train
USA_cluster_50987,train
USA_cluster_50988,train
USA_cluster_50989,train
USA_cluster_50990,train
USA_cluster_50991,train
USA_cluster_50996,train
USA_cluster_50993,train
USA_cluster_50998,train
USA_cluster_50999,train
USA_cluster_51000,train
USA_cluster_51001,train
USA_cluster_51003,train
USA_cluster_51006,train
USA_cluster_51002,train
USA_cluster_51007,train
USA_cluster_51008,train
USA_cluster_51005,train
USA_cluster_51009,train
USA_cluster_51011,train
USA_cluster_51010,train
USA_cluster_51013,train
USA_cluster_51012,train
USA_cluster_51017,train
USA_cluster_51015,train
USA_cluster_51019,train
USA_cluster_51018,train
USA_cluster_51022,train
USA_cluster_51020,train
USA_cluster_51025,train
USA_cluster_51027,train
USA_cluster_51029,train
USA_cluster_51028,train
USA_cluster_51032,train
USA_cluster_51031,train
USA_cluster_51035,train
USA_cluster_51036,train
USA_cluster_51037,train
USA_cluster_51038,train
USA_cluster_51039,train
USA_cluster_51042,train
USA_cluster_51044,train
USA_cluster_51043,train
USA_cluster_51046,train
USA_cluster_51047,train
USA_cluster_51048,train
USA_cluster_51049,train
USA_cluster_51050,train
USA_cluster_51051,train
USA_cluster_51053,train
USA_cluster_51054,train
USA_cluster_51056,train
USA_cluster_51052,train
USA_cluster_51057,train
USA_cluster_51062,train
USA_cluster_51065,train
USA_cluster_51064,train
USA_cluster_51067,train
USA_cluster_51069,train
USA_cluster_51071,train
USA_cluster_51073,train
USA_cluster_51074,train
USA_cluster_51075,train
USA_cluster_51076,train
USA_cluster_51078,train
USA_cluster_51079,train
USA_cluster_51081,train
USA_cluster_51084,train
USA_cluster_51085,train
USA_cluster_51086,train
USA_cluster_51089,train
USA_cluster_51090,train
USA_cluster_51091,train
USA_cluster_51098,train
USA_cluster_51096,train
USA_cluster_51099,train
USA_cluster_51100,train
USA_cluster_51104,train
USA_cluster_51103,train
USA_cluster_51105,train
USA_cluster_51106,train
USA_cluster_51108,train
USA_cluster_51109,train
USA_cluster_51110,train
USA_cluster_51113,train
USA_cluster_51111,train
USA_cluster_51112,train
USA_cluster_51114,train
USA_cluster_51116,train
USA_cluster_51117,train
USA_cluster_51115,train
USA_cluster_51118,train
USA_cluster_51120,train
USA_cluster_51124,train
USA_cluster_51121,train
USA_cluster_51119,train
USA_cluster_51125,train
USA_cluster_51128,train
USA_cluster_51127,train
USA_cluster_51131,train
USA_cluster_51133,train
USA_cluster_51135,train
USA_cluster_51136,train
USA_cluster_51134,train
USA_cluster_51138,train
USA_cluster_51139,train
USA_cluster_51140,train
USA_cluster_51142,train
USA_cluster_51146,train
USA_cluster_51143,train
USA_cluster_51147,train
USA_cluster_51149,train
USA_cluster_51152,train
USA_cluster_51150,train
USA_cluster_51155,train
USA_cluster_51156,train
USA_cluster_51160,train
USA_cluster_51158,train
USA_cluster_51162,train
USA_cluster_51166,train
USA_cluster_51167,train
USA_cluster_51164,train
USA_cluster_51165,train
USA_cluster_51168,train
USA_cluster_51170,train
USA_cluster_51169,train
USA_cluster_51171,test
USA_cluster_51173,train
USA_cluster_51174,train
USA_cluster_51178,train
USA_cluster_51179,train
USA_cluster_51180,train
USA_cluster_51183,train
USA_cluster_51184,train
USA_cluster_51181,train
USA_cluster_51186,train
USA_cluster_51187,train
USA_cluster_51188,train
USA_cluster_51189,train
USA_cluster_51190,train
USA_cluster_51191,train
USA_cluster_51193,train
USA_cluster_51192,train
USA_cluster_51194,train
USA_cluster_51196,train
USA_cluster_51197,train
USA_cluster_51202,train
USA_cluster_51199,train
USA_cluster_51205,train
USA_cluster_51207,train
USA_cluster_51206,train
USA_cluster_51208,train
USA_cluster_51209,train
USA_cluster_51211,train
USA_cluster_51210,train
USA_cluster_51212,train
USA_cluster_51213,train
USA_cluster_51214,train
USA_cluster_51217,train
USA_cluster_51215,train
USA_cluster_51218,train
USA_cluster_51223,train
USA_cluster_51220,train
USA_cluster_51222,train
USA_cluster_51225,train
USA_cluster_51227,train
USA_cluster_51228,train
USA_cluster_51234,train
USA_cluster_51226,train
USA_cluster_51235,train
USA_cluster_51240,train
USA_cluster_51238,train
USA_cluster_51242,train
USA_cluster_51244,train
USA_cluster_51251,train
USA_cluster_51249,train
USA_cluster_51252,train
USA_cluster_51253,train
USA_cluster_51254,train
USA_cluster_51256,train
USA_cluster_51258,train
USA_cluster_51259,train
USA_cluster_51261,train
USA_cluster_51262,train
USA_cluster_51263,train
USA_cluster_51264,train
USA_cluster_51267,train
USA_cluster_51268,train
USA_cluster_51269,train
USA_cluster_51273,train
USA_cluster_51274,train
USA_cluster_51276,train
USA_cluster_51279,train
USA_cluster_51277,train
USA_cluster_5128,train
USA_cluster_51280,train
USA_cluster_51281,train
USA_cluster_51285,train
USA_cluster_51286,train
USA_cluster_51287,train
USA_cluster_51288,train
USA_cluster_51289,train
USA_cluster_51291,train
USA_cluster_51293,train
USA_cluster_51295,train
USA_cluster_51299,train
USA_cluster_51296,train
USA_cluster_51302,train
USA_cluster_51303,train
USA_cluster_51304,train
USA_cluster_51305,train
USA_cluster_51306,train
USA_cluster_51307,train
USA_cluster_51308,train
USA_cluster_51311,train
USA_cluster_51310,train
USA_cluster_51312,train
USA_cluster_51313,train
USA_cluster_51315,train
USA_cluster_51319,train
USA_cluster_5132,train
USA_cluster_51320,train
USA_cluster_51323,train
USA_cluster_51321,train
USA_cluster_51326,train
USA_cluster_51325,train
USA_cluster_51327,train
USA_cluster_51328,train
USA_cluster_51329,train
USA_cluster_51331,train
USA_cluster_51332,train
USA_cluster_51333,train
USA_cluster_51334,train
USA_cluster_51335,train
USA_cluster_51337,train
USA_cluster_51338,train
USA_cluster_51339,train
USA_cluster_51340,train
USA_cluster_51336,train
USA_cluster_51341,train
USA_cluster_51342,train
USA_cluster_51343,train
USA_cluster_51345,train
USA_cluster_51346,train
USA_cluster_5135,train
USA_cluster_51351,train
USA_cluster_51350,train
USA_cluster_51352,train
USA_cluster_51354,train
USA_cluster_51353,train
USA_cluster_51356,train
USA_cluster_51355,train
USA_cluster_51357,train
USA_cluster_5136,train
USA_cluster_51362,train
USA_cluster_51361,train
USA_cluster_51364,train
USA_cluster_51365,train
USA_cluster_51367,train
USA_cluster_51368,train
USA_cluster_51371,train
USA_cluster_51369,train
USA_cluster_51372,val
USA_cluster_51374,train
USA_cluster_51376,train
USA_cluster_51375,train
USA_cluster_51377,train
USA_cluster_51379,test
USA_cluster_51381,train
USA_cluster_51380,train
USA_cluster_51384,train
USA_cluster_51383,train
USA_cluster_51386,train
USA_cluster_51388,train
USA_cluster_5139,train
USA_cluster_51389,train
USA_cluster_51390,train
USA_cluster_51391,train
USA_cluster_51395,train
USA_cluster_51400,train
USA_cluster_51402,train
USA_cluster_51403,train
USA_cluster_51405,train
USA_cluster_51406,train
USA_cluster_51407,train
USA_cluster_51409,train
USA_cluster_51411,train
USA_cluster_51414,train
USA_cluster_51413,train
USA_cluster_51415,train
USA_cluster_51416,train
USA_cluster_51417,train
USA_cluster_51418,train
USA_cluster_51420,train
USA_cluster_51421,train
USA_cluster_51422,train
USA_cluster_51425,train
USA_cluster_51424,train
USA_cluster_51426,train
USA_cluster_51429,train
USA_cluster_51436,train
USA_cluster_51439,train
USA_cluster_51438,train
USA_cluster_51441,train
USA_cluster_51442,train
USA_cluster_51443,train
USA_cluster_51445,train
USA_cluster_51446,train
USA_cluster_51447,train
USA_cluster_51448,train
USA_cluster_51449,train
USA_cluster_51451,train
USA_cluster_51452,test
USA_cluster_51455,train
USA_cluster_51456,train
USA_cluster_51457,train
USA_cluster_51458,train
USA_cluster_51460,train
USA_cluster_51462,train
USA_cluster_51461,train
USA_cluster_51463,train
USA_cluster_51464,train
USA_cluster_51465,train
USA_cluster_51468,train
USA_cluster_51469,train
USA_cluster_51466,train
USA_cluster_51470,train
USA_cluster_51472,train
USA_cluster_51474,train
USA_cluster_51473,train
USA_cluster_51476,train
USA_cluster_51479,train
USA_cluster_51478,train
USA_cluster_51480,train
USA_cluster_51484,train
USA_cluster_51482,train
USA_cluster_51483,train
USA_cluster_51485,train
USA_cluster_51488,train
USA_cluster_51487,train
USA_cluster_51489,train
USA_cluster_5149,train
USA_cluster_51493,train
USA_cluster_51497,train
USA_cluster_51498,train
USA_cluster_51499,train
USA_cluster_51500,train
USA_cluster_51501,train
USA_cluster_51502,train
USA_cluster_51503,train
USA_cluster_51504,train
USA_cluster_51506,train
USA_cluster_51505,train
USA_cluster_51508,train
USA_cluster_51509,train
USA_cluster_51512,train
USA_cluster_51513,train
USA_cluster_51511,train
USA_cluster_51518,train
USA_cluster_51520,train
USA_cluster_51522,train
USA_cluster_51523,train
USA_cluster_51524,train
USA_cluster_51525,train
USA_cluster_51526,train
USA_cluster_51527,train
USA_cluster_51528,train
USA_cluster_51540,train
USA_cluster_51532,train
USA_cluster_51541,train
USA_cluster_51543,train
USA_cluster_51547,train
USA_cluster_51544,train
USA_cluster_51549,train
USA_cluster_5155,train
USA_cluster_51552,train
USA_cluster_51551,train
USA_cluster_51556,train
USA_cluster_51553,train
USA_cluster_51563,train
USA_cluster_51575,train
USA_cluster_51577,train
USA_cluster_51571,train
USA_cluster_51579,train
USA_cluster_51582,train
USA_cluster_51595,train
USA_cluster_51613,train
USA_cluster_51597,train
USA_cluster_51615,train
USA_cluster_51614,train
USA_cluster_51626,train
USA_cluster_51622,train
USA_cluster_51628,train
USA_cluster_51634,train
USA_cluster_51637,train
USA_cluster_51635,train
USA_cluster_51650,train
USA_cluster_51655,train
USA_cluster_51670,train
USA_cluster_51639,train
USA_cluster_51638,train
USA_cluster_51672,train
USA_cluster_51674,train
USA_cluster_51687,train
USA_cluster_51679,train
USA_cluster_51712,train
USA_cluster_51734,train
USA_cluster_51723,train
USA_cluster_5175,train
USA_cluster_51757,train
USA_cluster_51759,train
USA_cluster_51769,train
USA_cluster_51772,train
USA_cluster_51785,train
USA_cluster_51795,train
USA_cluster_51796,train
USA_cluster_51799,train
USA_cluster_5180,train
USA_cluster_51803,train
USA_cluster_518,train
USA_cluster_51805,train
USA_cluster_51816,train
USA_cluster_51823,train
USA_cluster_5183,train
USA_cluster_51839,train
USA_cluster_51843,train
USA_cluster_51842,train
USA_cluster_51841,train
USA_cluster_51844,train
USA_cluster_51845,train
USA_cluster_51847,train
USA_cluster_51846,train
USA_cluster_51849,train
USA_cluster_51850,train
USA_cluster_51851,test
USA_cluster_51852,train
USA_cluster_51854,train
USA_cluster_5186,train
USA_cluster_51855,train
USA_cluster_51865,train
USA_cluster_51860,train
USA_cluster_51869,train
USA_cluster_51867,train
USA_cluster_51870,train
USA_cluster_51872,train
USA_cluster_51873,train
USA_cluster_51874,train
USA_cluster_51877,train
USA_cluster_51880,train
USA_cluster_51878,train
USA_cluster_51882,train
USA_cluster_51884,train
USA_cluster_51890,train
USA_cluster_51887,train
USA_cluster_51888,train
USA_cluster_51891,train
USA_cluster_51896,train
USA_cluster_51901,train
USA_cluster_51892,train
USA_cluster_51902,train
USA_cluster_51905,train
USA_cluster_51906,train
USA_cluster_51918,train
USA_cluster_5196,train
USA_cluster_51959,train
USA_cluster_51960,train
USA_cluster_51958,train
USA_cluster_51965,train
USA_cluster_51966,train
USA_cluster_51968,train
USA_cluster_51967,train
USA_cluster_51970,train
USA_cluster_51980,train
USA_cluster_51976,train
USA_cluster_51977,train
USA_cluster_51983,train
USA_cluster_51997,train
USA_cluster_520,train
USA_cluster_51994,train
USA_cluster_52005,train
USA_cluster_52011,train
USA_cluster_52010,train
USA_cluster_52012,train
USA_cluster_52014,train
USA_cluster_52020,train
USA_cluster_52017,train
USA_cluster_52031,train
USA_cluster_52030,train
USA_cluster_52077,train
USA_cluster_52056,train
USA_cluster_52096,train
USA_cluster_52108,train
USA_cluster_52111,train
USA_cluster_52117,train
USA_cluster_52156,train
USA_cluster_52236,train
USA_cluster_52249,train
USA_cluster_5225,train
USA_cluster_52262,train
USA_cluster_52258,train
USA_cluster_52263,train
USA_cluster_52272,train
USA_cluster_52268,train
USA_cluster_52274,train
USA_cluster_52277,train
USA_cluster_52296,train
USA_cluster_52284,train
USA_cluster_523,train
USA_cluster_5230,test
USA_cluster_52303,train
USA_cluster_52305,train
USA_cluster_52311,train
USA_cluster_52312,train
USA_cluster_52309,train
USA_cluster_52319,train
USA_cluster_52336,train
USA_cluster_52414,train
USA_cluster_52338,train
USA_cluster_52373,train
USA_cluster_52423,train
USA_cluster_52437,train
USA_cluster_52438,train
USA_cluster_52424,train
USA_cluster_5245,train
USA_cluster_52455,train
USA_cluster_52487,train
USA_cluster_5249,train
USA_cluster_52493,train
USA_cluster_52494,train
USA_cluster_52510,train
USA_cluster_52511,train
USA_cluster_52512,train
USA_cluster_52538,train
USA_cluster_5255,train
USA_cluster_5260,train
USA_cluster_5261,train
USA_cluster_5263,train
USA_cluster_52636,train
USA_cluster_52637,train
USA_cluster_52642,train
USA_cluster_52644,train
USA_cluster_52645,train
USA_cluster_52649,train
USA_cluster_52650,train
USA_cluster_52658,train
USA_cluster_52651,train
USA_cluster_52672,train
USA_cluster_52668,train
USA_cluster_52673,train
USA_cluster_52677,train
USA_cluster_52683,train
USA_cluster_52684,train
USA_cluster_52694,train
USA_cluster_52701,train
USA_cluster_52702,train
USA_cluster_52704,train
USA_cluster_52710,train
USA_cluster_52714,train
USA_cluster_52715,train
USA_cluster_52718,train
USA_cluster_52725,train
USA_cluster_52723,inspected
USA_cluster_52727,train
USA_cluster_52728,train
USA_cluster_52732,train
USA_cluster_52731,train
USA_cluster_52733,train
USA_cluster_52736,train
USA_cluster_52744,train
USA_cluster_52742,train
USA_cluster_52745,train
USA_cluster_52749,train
USA_cluster_52750,train
USA_cluster_52751,train
USA_cluster_52754,train
USA_cluster_52755,train
USA_cluster_52759,train
USA_cluster_52763,train
USA_cluster_52766,train
USA_cluster_52773,train
USA_cluster_52774,train
USA_cluster_52769,train
USA_cluster_52775,train
USA_cluster_52778,val
USA_cluster_52781,train
USA_cluster_52784,train
USA_cluster_52787,train
USA_cluster_52782,train
USA_cluster_52788,train
USA_cluster_52794,test
USA_cluster_52790,train
USA_cluster_52791,test
USA_cluster_528,train
USA_cluster_52805,train
USA_cluster_52802,train
USA_cluster_52804,train
USA_cluster_52809,train
USA_cluster_52807,train
USA_cluster_52812,train
USA_cluster_52817,train
USA_cluster_52824,train
USA_cluster_52818,train
USA_cluster_52826,train
USA_cluster_52830,train
USA_cluster_52831,train
USA_cluster_52834,train
USA_cluster_52833,train
USA_cluster_52835,train
USA_cluster_52838,train
USA_cluster_52843,train
USA_cluster_52839,train
USA_cluster_5284,train
USA_cluster_52846,train
USA_cluster_52851,train
USA_cluster_52853,train
USA_cluster_52852,train
USA_cluster_52856,train
USA_cluster_52857,train
USA_cluster_52858,train
USA_cluster_52870,train
USA_cluster_52861,train
USA_cluster_52860,train
USA_cluster_52884,train
USA_cluster_52887,train
USA_cluster_52892,train
USA_cluster_52899,train
USA_cluster_52890,train
USA_cluster_52902,train
USA_cluster_52906,train
USA_cluster_52901,train
USA_cluster_52914,train
USA_cluster_52919,train
USA_cluster_52915,train
USA_cluster_52905,train
USA_cluster_52924,train
USA_cluster_52921,train
USA_cluster_52922,train
USA_cluster_52925,train
USA_cluster_52927,train
USA_cluster_52931,train
USA_cluster_52932,train
USA_cluster_52936,train
USA_cluster_52933,train
USA_cluster_52937,train
USA_cluster_52939,train
USA_cluster_52951,train
USA_cluster_52970,train
USA_cluster_52952,train
USA_cluster_52971,train
USA_cluster_5297,inspected
USA_cluster_52981,train
USA_cluster_52978,train
USA_cluster_52982,train
USA_cluster_52985,train
USA_cluster_52992,train
USA_cluster_5299,train
USA_cluster_52993,train
USA_cluster_52997,train
USA_cluster_52996,train
USA_cluster_52998,train
USA_cluster_53015,train
USA_cluster_53018,train
USA_cluster_5301,train
USA_cluster_53030,train
USA_cluster_53012,train
USA_cluster_53045,train
USA_cluster_5302,train
USA_cluster_53066,train
USA_cluster_53079,train
USA_cluster_53105,train
USA_cluster_531,inspected
USA_cluster_53106,train
USA_cluster_53160,train
USA_cluster_53174,train
USA_cluster_53168,train
USA_cluster_53194,train
USA_cluster_53200,train
USA_cluster_53256,train
USA_cluster_53240,train
USA_cluster_53268,train
USA_cluster_53283,inspected
USA_cluster_5328,inspected
USA_cluster_5330,train
USA_cluster_533,train
USA_cluster_53332,train
USA_cluster_53396,train
USA_cluster_53400,train
USA_cluster_53363,train
USA_cluster_53369,train
USA_cluster_53442,train
USA_cluster_53474,train
USA_cluster_53487,train
USA_cluster_53469,train
USA_cluster_53503,train
USA_cluster_53542,train
USA_cluster_53604,train
USA_cluster_53668,train
USA_cluster_536,train
USA_cluster_53742,train
USA_cluster_53790,train
USA_cluster_53789,train
USA_cluster_53791,train
USA_cluster_538,inspected
USA_cluster_53829,train
USA_cluster_53830,train
USA_cluster_53832,train
USA_cluster_53847,train
USA_cluster_53820,train
USA_cluster_53850,train
USA_cluster_53931,train
USA_cluster_5392,train
USA_cluster_53956,train
USA_cluster_54207,train
USA_cluster_53959,train
USA_cluster_53961,train
USA_cluster_54220,train
USA_cluster_54296,train
USA_cluster_54326,inspected
USA_cluster_54301,train
USA_cluster_5426,train
USA_cluster_5435,train
USA_cluster_54353,train
USA_cluster_54356,train
USA_cluster_5434,train
USA_cluster_54358,train
USA_cluster_54373,train
USA_cluster_54429,train
USA_cluster_54443,train
USA_cluster_54446,inspected
USA_cluster_54457,inspected
USA_cluster_54465,train
USA_cluster_5449,train
USA_cluster_5459,train
USA_cluster_54609,inspected
USA_cluster_5461,train
USA_cluster_5473,train
USA_cluster_54803,train
USA_cluster_54826,test
USA_cluster_5451,train
USA_cluster_5486,train
USA_cluster_54986,train
USA_cluster_54961,train
USA_cluster_5493,train
USA_cluster_55054,train
USA_cluster_55051,train
USA_cluster_55049,train
USA_cluster_55058,train
USA_cluster_55066,train
USA_cluster_55069,train
USA_cluster_55074,train
USA_cluster_55078,train
USA_cluster_55076,train
USA_cluster_55088,train
USA_cluster_55090,train
USA_cluster_55091,train
USA_cluster_55095,train
USA_cluster_55096,train
USA_cluster_551,train
USA_cluster_55100,train
USA_cluster_55092,train
USA_cluster_55098,train
USA_cluster_55103,train
USA_cluster_55105,train
USA_cluster_55104,train
USA_cluster_55109,train
USA_cluster_55106,train
USA_cluster_55107,train
USA_cluster_55124,train
USA_cluster_55114,train
USA_cluster_55141,train
USA_cluster_55143,train
USA_cluster_55136,train
USA_cluster_55116,train
USA_cluster_55146,train
USA_cluster_55145,train
USA_cluster_55154,train
USA_cluster_55159,train
USA_cluster_55162,train
USA_cluster_55160,train
USA_cluster_55164,train
USA_cluster_55172,train
USA_cluster_55180,train
USA_cluster_55181,train
USA_cluster_55183,train
USA_cluster_55187,train
USA_cluster_55190,train
USA_cluster_55191,train
USA_cluster_55171,train
USA_cluster_55192,train
USA_cluster_55193,train
USA_cluster_55198,train
USA_cluster_55195,train
USA_cluster_55199,train
USA_cluster_5520,train
USA_cluster_55202,train
USA_cluster_55205,train
USA_cluster_55207,train
USA_cluster_55165,train
USA_cluster_55203,train
USA_cluster_55213,train
USA_cluster_55210,train
USA_cluster_55216,train
USA_cluster_55214,train
USA_cluster_55211,train
USA_cluster_55217,train
USA_cluster_55220,train
USA_cluster_55224,train
USA_cluster_55223,train
USA_cluster_55230,train
USA_cluster_55233,train
USA_cluster_55231,train
USA_cluster_55234,train
USA_cluster_55238,train
USA_cluster_55235,train
USA_cluster_55240,train
USA_cluster_55243,train
USA_cluster_55248,train
USA_cluster_55245,train
USA_cluster_55246,train
USA_cluster_55251,train
USA_cluster_55256,train
USA_cluster_55259,train
USA_cluster_55264,train
USA_cluster_55266,train
USA_cluster_55265,train
USA_cluster_55261,train
USA_cluster_55267,train
USA_cluster_55271,train
USA_cluster_55272,train
USA_cluster_55274,train
USA_cluster_55276,train
USA_cluster_55279,train
USA_cluster_55282,train
USA_cluster_55280,train
USA_cluster_55283,train
USA_cluster_55284,train
USA_cluster_55289,train
USA_cluster_55290,train
USA_cluster_55287,train
USA_cluster_55291,train
USA_cluster_55296,train
USA_cluster_55297,train
USA_cluster_55295,train
USA_cluster_55300,train
USA_cluster_55292,train
USA_cluster_55299,train
USA_cluster_55301,train
USA_cluster_55310,train
USA_cluster_55311,train
USA_cluster_55304,train
USA_cluster_55317,train
USA_cluster_55313,train
USA_cluster_55322,train
USA_cluster_55327,train
USA_cluster_55324,train
USA_cluster_55326,train
USA_cluster_55325,train
USA_cluster_55332,train
USA_cluster_55337,train
USA_cluster_55335,train
USA_cluster_55342,train
USA_cluster_55336,train
USA_cluster_55347,train
USA_cluster_55351,train
USA_cluster_55350,train
USA_cluster_55354,train
USA_cluster_55362,train
USA_cluster_55359,train
USA_cluster_55363,train
USA_cluster_55365,train
USA_cluster_55366,train
USA_cluster_55364,train
USA_cluster_55367,train
USA_cluster_55373,train
USA_cluster_55374,train
USA_cluster_55375,train
USA_cluster_55372,train
USA_cluster_55382,train
USA_cluster_55377,train
USA_cluster_55381,train
USA_cluster_55385,train
USA_cluster_55396,train
USA_cluster_55402,train
USA_cluster_55397,train
USA_cluster_55405,train
USA_cluster_55407,train
USA_cluster_55413,train
USA_cluster_5542,train
USA_cluster_55426,train
USA_cluster_5544,train
USA_cluster_5545,train
USA_cluster_55421,train
USA_cluster_5546,train
USA_cluster_55470,train
USA_cluster_55471,train
USA_cluster_55486,train
USA_cluster_55487,train
USA_cluster_5548,train
USA_cluster_55496,val
USA_cluster_55503,train
USA_cluster_55501,train
USA_cluster_55505,train
USA_cluster_5551,train
USA_cluster_55504,train
USA_cluster_55512,train
USA_cluster_55515,train
USA_cluster_55516,train
USA_cluster_55517,train
USA_cluster_55513,train
USA_cluster_55527,train
USA_cluster_55532,train
USA_cluster_55536,train
USA_cluster_55554,train
USA_cluster_55558,train
USA_cluster_55557,train
USA_cluster_55560,train
USA_cluster_55562,train
USA_cluster_55563,train
USA_cluster_55570,train
USA_cluster_55572,train
USA_cluster_55578,train
USA_cluster_55568,train
USA_cluster_55609,train
USA_cluster_55611,train
USA_cluster_55585,train
USA_cluster_55615,train
USA_cluster_55612,train
USA_cluster_55619,train
USA_cluster_55622,train
USA_cluster_55628,train
USA_cluster_55631,train
USA_cluster_55616,train
USA_cluster_55626,train
USA_cluster_55632,train
USA_cluster_55633,train
USA_cluster_55638,train
USA_cluster_55637,inspected
USA_cluster_55636,train
USA_cluster_55634,train
USA_cluster_55643,train
USA_cluster_55653,train
USA_cluster_55650,train
USA_cluster_55652,train
USA_cluster_55658,train
USA_cluster_55662,train
USA_cluster_55663,train
USA_cluster_55655,train
USA_cluster_55660,train
USA_cluster_55665,train
USA_cluster_55666,train
USA_cluster_55667,train
USA_cluster_55670,train
USA_cluster_55674,train
USA_cluster_55671,train
USA_cluster_55672,train
USA_cluster_55677,train
USA_cluster_55679,train
USA_cluster_55681,train
USA_cluster_55673,train
USA_cluster_55683,train
USA_cluster_55685,train
USA_cluster_55686,train
USA_cluster_55687,train
USA_cluster_55689,train
USA_cluster_55690,train
USA_cluster_55692,train
USA_cluster_55694,train
USA_cluster_55697,train
USA_cluster_55695,train
USA_cluster_55698,train
USA_cluster_55704,train
USA_cluster_55711,train
USA_cluster_55703,train
USA_cluster_55706,train
USA_cluster_55725,train
USA_cluster_55724,train
USA_cluster_55727,train
USA_cluster_55736,train
USA_cluster_55742,train
USA_cluster_55747,train
USA_cluster_55740,train
USA_cluster_55745,train
USA_cluster_55749,train
USA_cluster_55751,train
USA_cluster_55754,train
USA_cluster_55768,train
USA_cluster_55776,train
USA_cluster_55780,train
USA_cluster_55806,train
USA_cluster_55789,train
USA_cluster_55809,train
USA_cluster_55815,train
USA_cluster_55817,train
USA_cluster_55820,train
USA_cluster_55824,train
USA_cluster_55819,train
USA_cluster_55765,train
USA_cluster_55833,train
USA_cluster_55836,train
USA_cluster_55837,train
USA_cluster_55838,train
USA_cluster_55843,train
USA_cluster_55827,train
USA_cluster_55848,train
USA_cluster_55858,train
USA_cluster_55854,train
USA_cluster_55859,train
USA_cluster_55863,train
USA_cluster_55860,train
USA_cluster_55856,train
USA_cluster_55866,train
USA_cluster_55865,train
USA_cluster_55868,train
USA_cluster_55869,train
USA_cluster_55872,train
USA_cluster_55874,train
USA_cluster_55880,train
USA_cluster_55886,test
USA_cluster_55882,train
USA_cluster_55918,train
USA_cluster_55928,train
USA_cluster_55925,train
USA_cluster_56031,train
USA_cluster_5598,train
USA_cluster_56040,train
USA_cluster_56042,train
USA_cluster_56048,train
USA_cluster_56051,train
USA_cluster_56047,train
USA_cluster_56044,train
USA_cluster_56059,train
USA_cluster_56062,train
USA_cluster_56067,train
USA_cluster_56068,train
USA_cluster_56069,train
USA_cluster_56070,train
USA_cluster_56071,train
USA_cluster_56073,train
USA_cluster_56079,train
USA_cluster_56075,train
USA_cluster_56081,train
USA_cluster_56084,train
USA_cluster_56085,train
USA_cluster_56107,train
USA_cluster_56108,train
USA_cluster_56109,train
USA_cluster_56112,train
USA_cluster_56110,train
USA_cluster_56114,train
USA_cluster_56118,train
USA_cluster_56115,train
USA_cluster_56127,train
USA_cluster_56128,train
USA_cluster_56129,train
USA_cluster_56120,train
USA_cluster_56142,train
USA_cluster_56145,train
USA_cluster_56143,train
USA_cluster_56155,train
USA_cluster_56154,train
USA_cluster_56146,train
USA_cluster_56161,train
USA_cluster_56165,train
USA_cluster_56156,val
USA_cluster_56166,train
USA_cluster_56167,inspected
USA_cluster_56172,train
USA_cluster_56176,train
USA_cluster_56178,train
USA_cluster_56185,train
USA_cluster_56187,train
USA_cluster_56190,train
USA_cluster_5619,train
USA_cluster_56192,train
USA_cluster_56197,train
USA_cluster_56193,train
USA_cluster_56208,train
USA_cluster_56198,train
USA_cluster_56217,train
USA_cluster_56221,train
USA_cluster_56219,train
USA_cluster_56224,train
USA_cluster_5622,train
USA_cluster_56230,train
USA_cluster_56229,train
USA_cluster_56240,train
USA_cluster_56234,train
USA_cluster_56241,train
USA_cluster_56233,train
USA_cluster_56245,train
USA_cluster_56244,train
USA_cluster_56255,train
USA_cluster_56250,train
USA_cluster_56260,train
USA_cluster_56262,train
USA_cluster_56259,train
USA_cluster_56256,train
USA_cluster_56263,train
USA_cluster_56266,train
USA_cluster_56265,train
USA_cluster_56270,train
USA_cluster_56273,train
USA_cluster_56271,train
USA_cluster_56285,train
USA_cluster_56280,train
USA_cluster_56286,train
USA_cluster_56276,train
USA_cluster_56287,train
USA_cluster_56288,train
USA_cluster_56289,train
USA_cluster_56294,train
USA_cluster_56293,train
USA_cluster_56291,train
USA_cluster_56302,train
USA_cluster_56298,train
USA_cluster_5630,train
USA_cluster_56305,train
USA_cluster_56311,train
USA_cluster_56318,train
USA_cluster_56323,train
USA_cluster_56313,train
USA_cluster_56329,train
USA_cluster_56332,train
USA_cluster_56335,train
USA_cluster_56308,train
USA_cluster_56320,train
USA_cluster_56343,train
USA_cluster_56348,train
USA_cluster_56346,train
USA_cluster_56350,train
USA_cluster_56344,train
USA_cluster_56351,train
USA_cluster_56356,train
USA_cluster_56352,train
USA_cluster_56360,train
USA_cluster_56362,train
USA_cluster_56369,train
USA_cluster_56370,train
USA_cluster_56372,train
USA_cluster_56382,train
USA_cluster_56374,train
USA_cluster_56385,train
USA_cluster_56387,train
USA_cluster_56384,test
USA_cluster_56388,train
USA_cluster_56383,train
USA_cluster_56389,train
USA_cluster_56393,train
USA_cluster_56398,train
USA_cluster_56396,train
USA_cluster_56391,train
USA_cluster_56407,train
USA_cluster_56404,train
USA_cluster_56409,test
USA_cluster_56420,train
USA_cluster_56423,train
USA_cluster_56424,train
USA_cluster_56408,train
USA_cluster_56426,train
USA_cluster_56429,train
USA_cluster_56425,train
USA_cluster_56421,train
USA_cluster_56431,train
USA_cluster_56436,train
USA_cluster_56441,train
USA_cluster_56438,train
USA_cluster_56439,train
USA_cluster_56437,train
USA_cluster_56450,train
USA_cluster_56452,train
USA_cluster_5645,train
USA_cluster_56453,train
USA_cluster_56455,train
USA_cluster_56461,train
USA_cluster_56462,train
USA_cluster_56463,train
USA_cluster_56456,train
USA_cluster_5647,inspected
USA_cluster_56473,train
USA_cluster_5648,train
USA_cluster_56480,train
USA_cluster_56474,train
USA_cluster_56490,train
USA_cluster_56495,train
USA_cluster_56493,train
USA_cluster_56496,train
USA_cluster_56497,train
USA_cluster_56501,train
USA_cluster_56503,train
USA_cluster_56506,train
USA_cluster_56507,train
USA_cluster_56508,train
USA_cluster_5650,train
USA_cluster_56515,train
USA_cluster_56516,train
USA_cluster_56520,train
USA_cluster_5652,train
USA_cluster_56522,train
USA_cluster_56511,train
USA_cluster_56523,train
USA_cluster_56524,train
USA_cluster_56527,val
USA_cluster_56525,train
USA_cluster_56532,train
USA_cluster_56534,train
USA_cluster_56535,val
USA_cluster_56536,train
USA_cluster_5655,train
USA_cluster_56558,train
USA_cluster_56562,train
USA_cluster_56563,train
USA_cluster_5658,train
USA_cluster_56547,train
USA_cluster_56564,train
USA_cluster_56595,train
USA_cluster_56584,train
USA_cluster_56596,train
USA_cluster_56625,train
USA_cluster_56668,train
USA_cluster_56685,train
USA_cluster_56690,train
USA_cluster_56748,train
USA_cluster_56767,train
USA_cluster_5675,train
USA_cluster_56772,train
USA_cluster_56790,train
USA_cluster_56778,train
USA_cluster_56820,train
USA_cluster_56837,train
USA_cluster_56851,train
USA_cluster_56853,train
USA_cluster_56861,train
USA_cluster_56855,train
USA_cluster_56877,train
USA_cluster_5693,train
USA_cluster_5688,train
USA_cluster_56975,train
USA_cluster_56713,train
USA_cluster_57046,train
USA_cluster_56990,train
USA_cluster_57047,train
USA_cluster_5694,train
USA_cluster_57050,train
USA_cluster_57063,train
USA_cluster_57051,train
USA_cluster_57072,train
USA_cluster_57149,train
USA_cluster_57155,inspected
USA_cluster_57245,train
USA_cluster_57261,train
USA_cluster_57252,train
USA_cluster_57274,train
USA_cluster_57303,train
USA_cluster_57360,train
USA_cluster_57291,train
USA_cluster_5737,train
USA_cluster_57470,train
USA_cluster_57390,train
USA_cluster_5744,train
USA_cluster_5738,train
USA_cluster_57476,train
USA_cluster_57532,train
USA_cluster_57478,train
USA_cluster_57555,train
USA_cluster_575,train
USA_cluster_57559,train
USA_cluster_5757,train
USA_cluster_57614,train
USA_cluster_57630,train
USA_cluster_57623,train
USA_cluster_57642,train
USA_cluster_57646,train
USA_cluster_57651,train
USA_cluster_57678,train
USA_cluster_57684,train
USA_cluster_57695,train
USA_cluster_5772,train
USA_cluster_57680,train
USA_cluster_5775,train
USA_cluster_57736,train
USA_cluster_5776,train
USA_cluster_5778,train
USA_cluster_57791,train
USA_cluster_57782,train
USA_cluster_5780,train
USA_cluster_5784,train
USA_cluster_57880,train
USA_cluster_5785,train
USA_cluster_57881,inspected
USA_cluster_5793,train
USA_cluster_57890,train
USA_cluster_5797,train
USA_cluster_5786,train
USA_cluster_5801,train
USA_cluster_58061,train
USA_cluster_58057,train
USA_cluster_58065,train
USA_cluster_58072,train
USA_cluster_58075,train
USA_cluster_58094,train
USA_cluster_58095,train
USA_cluster_58104,train
USA_cluster_58115,train
USA_cluster_5811,train
USA_cluster_58123,train
USA_cluster_58111,train
USA_cluster_5813,train
USA_cluster_5814,train
USA_cluster_58165,train
USA_cluster_58164,train
USA_cluster_5820,train
USA_cluster_58197,train
USA_cluster_58203,train
USA_cluster_5830,train
USA_cluster_58182,train
USA_cluster_5833,train
USA_cluster_5834,train
USA_cluster_58394,train
USA_cluster_5843,train
USA_cluster_58581,train
USA_cluster_58598,train
USA_cluster_58485,train
USA_cluster_5844,train
USA_cluster_58613,train
USA_cluster_5861,train
USA_cluster_5864,train
USA_cluster_5866,train
USA_cluster_5863,train
USA_cluster_58708,train
USA_cluster_58751,train
USA_cluster_58777,train
USA_cluster_58778,train
USA_cluster_58782,train
USA_cluster_58781,train
USA_cluster_58780,train
USA_cluster_58785,train
USA_cluster_58786,train
USA_cluster_58784,train
USA_cluster_58783,train
USA_cluster_58789,train
USA_cluster_58787,train
USA_cluster_58792,train
USA_cluster_58793,train
USA_cluster_58796,train
USA_cluster_58798,train
USA_cluster_58799,train
USA_cluster_58805,train
USA_cluster_5880,train
USA_cluster_58804,train
USA_cluster_58795,train
USA_cluster_58807,train
USA_cluster_58808,train
USA_cluster_5881,train
USA_cluster_58809,train
USA_cluster_58810,train
USA_cluster_58811,train
USA_cluster_58813,train
USA_cluster_58814,train
USA_cluster_58818,train
USA_cluster_58819,train
USA_cluster_58815,train
USA_cluster_58820,train
USA_cluster_58821,train
USA_cluster_58826,train
USA_cluster_58827,train
USA_cluster_58829,train
USA_cluster_58830,train
USA_cluster_58831,train
USA_cluster_5884,train
USA_cluster_58832,train
USA_cluster_58849,train
USA_cluster_58841,train
USA_cluster_58868,train
USA_cluster_5885,train
USA_cluster_58881,train
USA_cluster_58893,train
USA_cluster_589,train
USA_cluster_58887,train
USA_cluster_58901,train
USA_cluster_58902,train
USA_cluster_58906,train
USA_cluster_58910,train
USA_cluster_58907,train
USA_cluster_58912,train
USA_cluster_58914,train
USA_cluster_58917,train
USA_cluster_58924,train
USA_cluster_58938,train
USA_cluster_58940,train
USA_cluster_58930,train
USA_cluster_58939,train
USA_cluster_58941,train
USA_cluster_58942,train
USA_cluster_58943,train
USA_cluster_58947,train
USA_cluster_58945,train
USA_cluster_58948,train
USA_cluster_58951,train
USA_cluster_58953,train
USA_cluster_58954,train
USA_cluster_58955,train
USA_cluster_58952,train
USA_cluster_58957,train
USA_cluster_58958,train
USA_cluster_58959,train
USA_cluster_58956,train
USA_cluster_58961,train
USA_cluster_58960,train
USA_cluster_58962,train
USA_cluster_58966,train
USA_cluster_58965,train
USA_cluster_58963,train
USA_cluster_58967,train
USA_cluster_58974,train
USA_cluster_58972,train
USA_cluster_58973,train
USA_cluster_58976,train
USA_cluster_58978,train
USA_cluster_58980,train
USA_cluster_58981,train
USA_cluster_58977,train
USA_cluster_58983,train
USA_cluster_58982,train
USA_cluster_58984,train
USA_cluster_58985,train
USA_cluster_58986,train
USA_cluster_58991,train
USA_cluster_58993,train
USA_cluster_58994,train
USA_cluster_59008,train
USA_cluster_59013,train
USA_cluster_59004,train
USA_cluster_59014,train
USA_cluster_59015,train
USA_cluster_59020,train
USA_cluster_59021,train
USA_cluster_59023,train
USA_cluster_59028,train
USA_cluster_59029,train
USA_cluster_5904,train
USA_cluster_59037,train
USA_cluster_59025,train
USA_cluster_59040,train
USA_cluster_59044,train
USA_cluster_59048,train
USA_cluster_59050,train
USA_cluster_59051,train
USA_cluster_59052,train
USA_cluster_59027,train
USA_cluster_59053,train
USA_cluster_59076,train
USA_cluster_59054,train
USA_cluster_59055,train
USA_cluster_59060,train
USA_cluster_59086,train
USA_cluster_5909,train
USA_cluster_59108,train
USA_cluster_59120,train
USA_cluster_59134,train
USA_cluster_5917,train
USA_cluster_59188,train
USA_cluster_59190,train
USA_cluster_59130,train
USA_cluster_59206,train
USA_cluster_59209,train
USA_cluster_59219,train
USA_cluster_59223,train
USA_cluster_59222,train
USA_cluster_5922,train
USA_cluster_59287,train
USA_cluster_5926,train
USA_cluster_59291,train
USA_cluster_59285,train
USA_cluster_59311,train
USA_cluster_59386,train
USA_cluster_59382,train
USA_cluster_59390,train
USA_cluster_59388,train
USA_cluster_59391,train
USA_cluster_59396,train
USA_cluster_59397,train
USA_cluster_59394,train
USA_cluster_59402,train
USA_cluster_59403,train
USA_cluster_59398,train
USA_cluster_59405,train
USA_cluster_59406,train
USA_cluster_59408,train
USA_cluster_59411,train
USA_cluster_59412,train
USA_cluster_59413,train
USA_cluster_59415,train
USA_cluster_59419,train
USA_cluster_59418,train
USA_cluster_59417,train
USA_cluster_59426,train
USA_cluster_59427,train
USA_cluster_59421,train
USA_cluster_59428,train
USA_cluster_59435,train
USA_cluster_59446,train
USA_cluster_59461,train
USA_cluster_59441,train
USA_cluster_59465,train
USA_cluster_59481,train
USA_cluster_59482,train
USA_cluster_59519,train
USA_cluster_5948,train
USA_cluster_59523,train
USA_cluster_59542,train
USA_cluster_59547,train
USA_cluster_59549,train
USA_cluster_59554,train
USA_cluster_59552,train
USA_cluster_59564,train
USA_cluster_59585,train
USA_cluster_59591,train
USA_cluster_59611,train
USA_cluster_59695,train
USA_cluster_59754,train
USA_cluster_59678,train
USA_cluster_59768,train
USA_cluster_59778,train
USA_cluster_59798,train
USA_cluster_59809,train
USA_cluster_59831,train
USA_cluster_59862,train
USA_cluster_59863,train
USA_cluster_59876,train
USA_cluster_59867,train
USA_cluster_59870,train
USA_cluster_59877,train
USA_cluster_59878,train
USA_cluster_59879,train
USA_cluster_59882,train
USA_cluster_59880,train
USA_cluster_59883,val
USA_cluster_59886,val
USA_cluster_59884,train
USA_cluster_59887,train
USA_cluster_59888,train
USA_cluster_59892,train
USA_cluster_59893,train
USA_cluster_59890,train
USA_cluster_59894,train
USA_cluster_59897,train
USA_cluster_59896,train
USA_cluster_59895,train
USA_cluster_59898,train
USA_cluster_59900,train
USA_cluster_59899,train
USA_cluster_59902,train
USA_cluster_59904,train
USA_cluster_59903,train
USA_cluster_59906,train
USA_cluster_59907,train
USA_cluster_59910,train
USA_cluster_59912,train
USA_cluster_59913,train
USA_cluster_59908,train
USA_cluster_59915,train
USA_cluster_59916,train
USA_cluster_59917,train
USA_cluster_59918,test
USA_cluster_59919,train
USA_cluster_59922,train
USA_cluster_59921,train
USA_cluster_59923,train
USA_cluster_59925,train
USA_cluster_59926,train
USA_cluster_59928,train
USA_cluster_59927,train
USA_cluster_59929,train
USA_cluster_59932,train
USA_cluster_59934,val
USA_cluster_59936,train
USA_cluster_59935,train
USA_cluster_59937,train
USA_cluster_59938,train
USA_cluster_59944,train
USA_cluster_59942,train
USA_cluster_59939,train
USA_cluster_59947,train
USA_cluster_59946,train
USA_cluster_59949,train
USA_cluster_59950,train
USA_cluster_59951,train
USA_cluster_59952,train
USA_cluster_59955,train
USA_cluster_59954,train
USA_cluster_59958,train
USA_cluster_59959,train
USA_cluster_59961,train
USA_cluster_59962,train
USA_cluster_59964,inspected
USA_cluster_59969,train
USA_cluster_59968,train
USA_cluster_59967,train
USA_cluster_59971,train
USA_cluster_59970,train
USA_cluster_59972,train
USA_cluster_59973,train
USA_cluster_59974,train
USA_cluster_59976,train
USA_cluster_59980,train
USA_cluster_59979,train
USA_cluster_59977,train
USA_cluster_59981,train
USA_cluster_59982,train
USA_cluster_59983,train
USA_cluster_59984,train
USA_cluster_59990,train
USA_cluster_59994,train
USA_cluster_59995,train
USA_cluster_59997,train
USA_cluster_59996,train
USA_cluster_59999,train
USA_cluster_60001,train
USA_cluster_60005,train
USA_cluster_60016,train
USA_cluster_60019,train
USA_cluster_6005,train
USA_cluster_60053,train
USA_cluster_60054,train
USA_cluster_60051,train
USA_cluster_60057,train
USA_cluster_60056,train
USA_cluster_60060,train
USA_cluster_60058,train
USA_cluster_60059,train
USA_cluster_60061,train
USA_cluster_60062,train
USA_cluster_60063,train
USA_cluster_60064,train
USA_cluster_60066,train
USA_cluster_60067,train
USA_cluster_60079,train
USA_cluster_60077,train
USA_cluster_60082,train
USA_cluster_60068,train
USA_cluster_60083,train
USA_cluster_60096,train
USA_cluster_60098,train
USA_cluster_60099,train
USA_cluster_60106,train
USA_cluster_60102,train
USA_cluster_60113,train
USA_cluster_60124,train
USA_cluster_60149,train
USA_cluster_60148,train
USA_cluster_60152,train
USA_cluster_60128,train
USA_cluster_60170,train
USA_cluster_60157,train
USA_cluster_60180,train
USA_cluster_60179,train
USA_cluster_60185,train
USA_cluster_60187,train
USA_cluster_60192,train
USA_cluster_60194,train
USA_cluster_60206,train
USA_cluster_60199,train
USA_cluster_60210,train
USA_cluster_60236,train
USA_cluster_60219,train
USA_cluster_60218,train
USA_cluster_60279,train
USA_cluster_60280,train
USA_cluster_60261,train
USA_cluster_6025,train
USA_cluster_60283,train
USA_cluster_60286,train
USA_cluster_60282,train
USA_cluster_60292,train
USA_cluster_60290,train
USA_cluster_60298,train
USA_cluster_60296,train
USA_cluster_60299,train
USA_cluster_60302,train
USA_cluster_60304,train
USA_cluster_60307,train
USA_cluster_60312,train
USA_cluster_60309,train
USA_cluster_60336,train
USA_cluster_60340,train
USA_cluster_60348,train
USA_cluster_60352,train
USA_cluster_60353,train
USA_cluster_60356,train
USA_cluster_60354,train
USA_cluster_60360,train
USA_cluster_60377,train
USA_cluster_6041,train
USA_cluster_60412,train
USA_cluster_60383,train
USA_cluster_60460,train
USA_cluster_60414,train
USA_cluster_60421,train
USA_cluster_60439,train
USA_cluster_60471,train
USA_cluster_60535,train
USA_cluster_60513,train
USA_cluster_60529,inspected
USA_cluster_60541,train
USA_cluster_60559,train
USA_cluster_60566,train
USA_cluster_60565,train
USA_cluster_60578,train
USA_cluster_60580,train
USA_cluster_60604,train
USA_cluster_60584,train
USA_cluster_60625,train
USA_cluster_6069,train
USA_cluster_60630,train
USA_cluster_60696,train
USA_cluster_60672,train
USA_cluster_6072,train
USA_cluster_60808,train
USA_cluster_60811,train
USA_cluster_60831,train
USA_cluster_60809,inspected
USA_cluster_60840,train
USA_cluster_60834,train
USA_cluster_60855,train
USA_cluster_60860,train
USA_cluster_6098,train
USA_cluster_60937,train
USA_cluster_60888,train
USA_cluster_61079,train
USA_cluster_61327,train
USA_cluster_61358,train
USA_cluster_61129,train
USA_cluster_61360,train
USA_cluster_61146,train
USA_cluster_61366,train
USA_cluster_61367,train
USA_cluster_61369,train
USA_cluster_61372,train
USA_cluster_61379,train
USA_cluster_61381,train
USA_cluster_61398,train
USA_cluster_61383,train
USA_cluster_61408,train
USA_cluster_61443,train
USA_cluster_61459,train
USA_cluster_61455,train
USA_cluster_6149,train
USA_cluster_6154,train
USA_cluster_61540,train
USA_cluster_6153,train
USA_cluster_61565,train
USA_cluster_6156,train
USA_cluster_61584,train
USA_cluster_61587,train
USA_cluster_61685,train
USA_cluster_6162,train
USA_cluster_6166,train
USA_cluster_61690,train
USA_cluster_61758,train
USA_cluster_618,train
USA_cluster_61721,train
USA_cluster_62019,inspected
USA_cluster_62028,train
USA_cluster_62029,train
USA_cluster_619,train
USA_cluster_62068,train
USA_cluster_6213,train
USA_cluster_6216,train
USA_cluster_62232,train
USA_cluster_62379,train
USA_cluster_62341,train
USA_cluster_62396,train
USA_cluster_62494,train
USA_cluster_62506,train
USA_cluster_6249,train
USA_cluster_625,train
USA_cluster_62513,train
USA_cluster_62609,inspected
USA_cluster_62576,train
USA_cluster_62604,train
USA_cluster_62558,train
USA_cluster_62611,train
USA_cluster_62612,train
USA_cluster_62614,train
USA_cluster_62634,train
USA_cluster_62617,train
USA_cluster_62636,train
USA_cluster_6265,train
USA_cluster_62706,train
USA_cluster_62718,train
USA_cluster_62732,train
USA_cluster_62729,train
USA_cluster_62778,train
USA_cluster_62708,inspected
USA_cluster_6280,train
USA_cluster_62868,train
USA_cluster_62870,train
USA_cluster_62926,train
USA_cluster_6279,train
USA_cluster_62963,train
USA_cluster_62968,train
USA_cluster_62976,train
USA_cluster_62971,train
USA_cluster_62995,train
USA_cluster_62985,train
USA_cluster_63000,train
USA_cluster_6301,train
USA_cluster_63126,train
USA_cluster_6316,train
USA_cluster_6319,train
USA_cluster_63165,train
USA_cluster_63125,train
USA_cluster_63192,train
USA_cluster_6321,val
USA_cluster_63210,train
USA_cluster_6324,train
USA_cluster_6326,train
USA_cluster_63407,train
USA_cluster_63405,train
USA_cluster_63268,train
USA_cluster_63412,train
USA_cluster_63415,train
USA_cluster_63417,train
USA_cluster_63418,inspected
USA_cluster_63424,train
USA_cluster_63422,train
USA_cluster_63427,train
USA_cluster_63430,train
USA_cluster_63431,train
USA_cluster_63439,train
USA_cluster_63441,train
USA_cluster_6344,train
USA_cluster_63443,train
USA_cluster_63447,train
USA_cluster_63446,train
USA_cluster_63449,train
USA_cluster_63456,train
USA_cluster_63468,train
USA_cluster_63462,train
USA_cluster_63472,train
USA_cluster_63473,train
USA_cluster_63469,train
USA_cluster_63474,train
USA_cluster_63478,train
USA_cluster_63481,train
USA_cluster_63476,train
USA_cluster_63482,train
USA_cluster_63486,train
USA_cluster_63484,train
USA_cluster_63488,train
USA_cluster_63490,train
USA_cluster_63494,train
USA_cluster_63514,train
USA_cluster_63516,train
USA_cluster_6352,train
USA_cluster_63520,train
USA_cluster_63529,train
USA_cluster_63532,train
USA_cluster_63530,train
USA_cluster_63539,train
USA_cluster_63567,train
USA_cluster_63564,train
USA_cluster_63568,train
USA_cluster_63574,train
USA_cluster_63584,train
USA_cluster_63588,train
USA_cluster_63596,train
USA_cluster_63605,train
USA_cluster_63611,train
USA_cluster_63615,train
USA_cluster_63629,train
USA_cluster_63617,train
USA_cluster_6363,train
USA_cluster_63656,inspected
USA_cluster_63663,train
USA_cluster_63669,train
USA_cluster_63698,train
USA_cluster_63670,train
USA_cluster_63777,train
USA_cluster_6372,train
USA_cluster_63781,train
USA_cluster_63784,train
USA_cluster_63789,train
USA_cluster_63809,train
USA_cluster_63799,train
USA_cluster_63791,train
USA_cluster_63812,train
USA_cluster_63822,train
USA_cluster_63848,train
USA_cluster_63932,train
USA_cluster_63919,inspected
USA_cluster_6385,train
USA_cluster_63987,train
USA_cluster_64046,inspected
USA_cluster_64043,train
USA_cluster_64089,train
USA_cluster_64259,train
USA_cluster_64175,train
USA_cluster_6424,train
USA_cluster_64203,train
USA_cluster_64279,train
USA_cluster_64313,inspected
USA_cluster_64327,train
USA_cluster_64342,train
USA_cluster_64330,train
USA_cluster_64405,train
USA_cluster_64407,train
USA_cluster_64411,train
USA_cluster_64413,train
USA_cluster_64416,train
USA_cluster_64429,train
USA_cluster_64419,train
USA_cluster_64436,train
USA_cluster_64443,train
USA_cluster_64445,train
USA_cluster_64446,train
USA_cluster_64447,train
USA_cluster_64448,train
USA_cluster_64451,train
USA_cluster_64477,train
USA_cluster_64473,train
USA_cluster_64490,train
USA_cluster_64486,train
USA_cluster_64484,train
USA_cluster_64492,train
USA_cluster_64494,train
USA_cluster_64502,train
USA_cluster_64506,train
USA_cluster_64510,train
USA_cluster_64512,train
USA_cluster_64518,train
USA_cluster_64524,train
USA_cluster_64528,train
USA_cluster_64531,train
USA_cluster_64534,train
USA_cluster_64535,train
USA_cluster_64539,train
USA_cluster_64562,train
USA_cluster_64564,train
USA_cluster_64566,train
USA_cluster_64563,train
USA_cluster_64571,train
USA_cluster_64572,train
USA_cluster_64579,train
USA_cluster_64584,train
USA_cluster_64587,train
USA_cluster_64594,train
USA_cluster_64600,train
USA_cluster_64599,train
USA_cluster_64608,train
USA_cluster_64610,train
USA_cluster_64614,train
USA_cluster_64621,train
USA_cluster_64627,train
USA_cluster_64629,train
USA_cluster_64628,train
USA_cluster_64631,train
USA_cluster_64636,train
USA_cluster_64638,train
USA_cluster_64646,train
USA_cluster_64644,train
USA_cluster_64639,train
USA_cluster_64648,train
USA_cluster_64653,train
USA_cluster_64657,train
USA_cluster_64662,train
USA_cluster_64651,train
USA_cluster_64666,train
USA_cluster_64670,train
USA_cluster_64675,train
USA_cluster_64677,train
USA_cluster_64686,train
USA_cluster_64703,train
USA_cluster_64697,train
USA_cluster_64705,train
USA_cluster_64708,train
USA_cluster_64717,train
USA_cluster_64723,train
USA_cluster_64720,train
USA_cluster_64719,train
USA_cluster_64724,train
USA_cluster_64725,train
USA_cluster_64731,train
USA_cluster_64734,train
USA_cluster_64738,train
USA_cluster_64741,train
USA_cluster_64742,train
USA_cluster_64743,train
USA_cluster_64745,train
USA_cluster_64748,train
USA_cluster_64736,train
USA_cluster_64755,train
USA_cluster_64754,train
USA_cluster_64756,train
USA_cluster_64759,train
USA_cluster_64758,test
USA_cluster_64765,train
USA_cluster_64767,train
USA_cluster_64776,train
USA_cluster_64777,train
USA_cluster_64784,train
USA_cluster_64789,train
USA_cluster_64792,train
USA_cluster_64802,train
USA_cluster_64811,train
USA_cluster_64804,train
USA_cluster_64803,train
USA_cluster_64815,train
USA_cluster_64821,train
USA_cluster_64817,train
USA_cluster_64824,train
USA_cluster_64825,train
USA_cluster_64826,train
USA_cluster_64833,train
USA_cluster_64837,train
USA_cluster_64835,train
USA_cluster_64841,train
USA_cluster_64849,train
USA_cluster_64853,train
USA_cluster_64854,train
USA_cluster_64855,train
USA_cluster_64858,train
USA_cluster_64857,train
USA_cluster_64864,train
USA_cluster_64863,train
USA_cluster_64876,train
USA_cluster_64883,train
USA_cluster_64880,train
USA_cluster_64868,train
USA_cluster_64899,train
USA_cluster_64892,train
USA_cluster_64886,train
USA_cluster_64906,train
USA_cluster_64907,train
USA_cluster_64904,train
USA_cluster_64908,train
USA_cluster_64913,train
USA_cluster_64912,train
USA_cluster_64919,train
USA_cluster_64923,train
USA_cluster_64933,train
USA_cluster_64942,train
USA_cluster_64945,train
USA_cluster_64943,train
USA_cluster_64950,train
USA_cluster_64946,train
USA_cluster_64955,val
USA_cluster_64956,train
USA_cluster_64962,train
USA_cluster_64966,train
USA_cluster_64968,train
USA_cluster_64969,train
USA_cluster_64978,train
USA_cluster_64980,train
USA_cluster_64993,train
USA_cluster_65005,train
USA_cluster_64996,train
USA_cluster_65006,train
USA_cluster_65007,train
USA_cluster_65011,train
USA_cluster_65019,train
USA_cluster_65021,train
USA_cluster_65023,train
USA_cluster_65027,train
USA_cluster_65036,train
USA_cluster_65039,train
USA_cluster_65038,train
USA_cluster_65050,val
USA_cluster_65049,train
USA_cluster_65051,train
USA_cluster_65058,train
USA_cluster_65064,train
USA_cluster_65070,train
USA_cluster_65065,train
USA_cluster_65071,train
USA_cluster_65090,train
USA_cluster_65095,train
USA_cluster_65096,train
USA_cluster_65088,train
USA_cluster_65103,train
USA_cluster_65110,train
USA_cluster_65108,train
USA_cluster_65111,train
USA_cluster_65122,train
USA_cluster_65154,train
USA_cluster_65123,train
USA_cluster_65158,train
USA_cluster_65159,train
USA_cluster_65261,train
USA_cluster_65161,train
USA_cluster_652,train
USA_cluster_65267,train
USA_cluster_65272,train
USA_cluster_65274,train
USA_cluster_65276,train
USA_cluster_65280,train
USA_cluster_65305,train
USA_cluster_65351,train
USA_cluster_65394,train
USA_cluster_65329,train
USA_cluster_65403,train
USA_cluster_65529,train
USA_cluster_65460,train
USA_cluster_65437,train
USA_cluster_65545,train
USA_cluster_65609,train
USA_cluster_65616,train
USA_cluster_65662,train
USA_cluster_6565,train
USA_cluster_65691,train
USA_cluster_65679,train
USA_cluster_65701,train
USA_cluster_65687,inspected
USA_cluster_65704,train
USA_cluster_65718,train
USA_cluster_65744,train
USA_cluster_6571,train
USA_cluster_65745,train
USA_cluster_65779,train
USA_cluster_65831,train
USA_cluster_65810,inspected
USA_cluster_65891,train
USA_cluster_65761,train
USA_cluster_65901,inspected
USA_cluster_65906,train
USA_cluster_65919,train
USA_cluster_65926,train
USA_cluster_65998,train
USA_cluster_66010,val
USA_cluster_66159,train
USA_cluster_66090,train
USA_cluster_66164,train
USA_cluster_6604,train
USA_cluster_66184,train
USA_cluster_662,inspected
USA_cluster_66228,inspected
USA_cluster_66209,inspected
USA_cluster_66260,train
USA_cluster_66331,train
USA_cluster_66330,train
USA_cluster_6631,train
USA_cluster_66341,train
USA_cluster_66342,train
USA_cluster_66349,train
USA_cluster_66357,train
USA_cluster_66358,train
USA_cluster_66364,train
USA_cluster_66365,train
USA_cluster_66393,train
USA_cluster_66400,train
USA_cluster_6645,train
USA_cluster_6654,train
USA_cluster_6653,train
USA_cluster_6656,train
USA_cluster_666,train
USA_cluster_6659,train
USA_cluster_6662,train
USA_cluster_6663,train
USA_cluster_66659,train
USA_cluster_66672,train
USA_cluster_66737,train
USA_cluster_6681,test
USA_cluster_66656,train
USA_cluster_6687,inspected
USA_cluster_6684,train
USA_cluster_66902,train
USA_cluster_6698,train
USA_cluster_6696,train
USA_cluster_66987,train
USA_cluster_67015,train
USA_cluster_6701,train
USA_cluster_670,train
USA_cluster_6704,train
USA_cluster_67022,train
USA_cluster_6705,train
USA_cluster_6710,train
USA_cluster_6707,train
USA_cluster_6692,train
USA_cluster_67120,train
USA_cluster_6720,train
USA_cluster_6714,train
USA_cluster_67283,train
USA_cluster_6715,train
USA_cluster_674,train
USA_cluster_67402,train
USA_cluster_67410,train
USA_cluster_67459,train
USA_cluster_67475,train
USA_cluster_6752,train
USA_cluster_67469,train
USA_cluster_67526,train
USA_cluster_67547,train
USA_cluster_6754,test
USA_cluster_67532,train
USA_cluster_67549,train
USA_cluster_67617,train
USA_cluster_67631,train
USA_cluster_67575,train
USA_cluster_67580,train
USA_cluster_67657,train
USA_cluster_67668,train
USA_cluster_67715,train
USA_cluster_67784,train
USA_cluster_67791,train
USA_cluster_67748,train
USA_cluster_67794,train
USA_cluster_6784,train
USA_cluster_67925,train
USA_cluster_6790,train
USA_cluster_67914,train
USA_cluster_6788,train
USA_cluster_67954,train
USA_cluster_67932,train
USA_cluster_67942,train
USA_cluster_6797,train
USA_cluster_67976,train
USA_cluster_67992,train
USA_cluster_6799,train
USA_cluster_68028,train
USA_cluster_6800,train
USA_cluster_68031,train
USA_cluster_68058,train
USA_cluster_68089,train
USA_cluster_68042,train
USA_cluster_68125,train
USA_cluster_68299,train
USA_cluster_68136,train
USA_cluster_68236,train
USA_cluster_68302,train
USA_cluster_68318,train
USA_cluster_68327,train
USA_cluster_68337,train
USA_cluster_68338,train
USA_cluster_6835,train
USA_cluster_68400,train
USA_cluster_68405,train
USA_cluster_68737,train
USA_cluster_68734,train
USA_cluster_6849,train
USA_cluster_6857,train
USA_cluster_68809,train
USA_cluster_68740,train
USA_cluster_68810,train
USA_cluster_68808,train
USA_cluster_68815,train
USA_cluster_68816,train
USA_cluster_68819,train
USA_cluster_68820,train
USA_cluster_68822,train
USA_cluster_68824,train
USA_cluster_68829,train
USA_cluster_68831,train
USA_cluster_68827,train
USA_cluster_68832,train
USA_cluster_68836,train
USA_cluster_68842,train
USA_cluster_68852,train
USA_cluster_68838,train
USA_cluster_68853,train
USA_cluster_68854,train
USA_cluster_68855,train
USA_cluster_68858,train
USA_cluster_68859,train
USA_cluster_68861,train
USA_cluster_68862,train
USA_cluster_68864,train
USA_cluster_68871,train
USA_cluster_68873,train
USA_cluster_68875,train
USA_cluster_68857,train
USA_cluster_68878,train
USA_cluster_68881,train
USA_cluster_68891,train
USA_cluster_68884,train
USA_cluster_68912,train
USA_cluster_68921,train
USA_cluster_68937,train
USA_cluster_68933,train
USA_cluster_68938,train
USA_cluster_68943,train
USA_cluster_68942,train
USA_cluster_68980,train
USA_cluster_68948,train
USA_cluster_69016,train
USA_cluster_69078,inspected
USA_cluster_69286,train
USA_cluster_69299,train
USA_cluster_69300,train
USA_cluster_69303,train
USA_cluster_69333,train
USA_cluster_69345,train
USA_cluster_69379,train
USA_cluster_69381,train
USA_cluster_69389,train
USA_cluster_69390,train
USA_cluster_69394,train
USA_cluster_69398,train
USA_cluster_69382,train
USA_cluster_69399,train
USA_cluster_69404,train
USA_cluster_69402,train
USA_cluster_69407,train
USA_cluster_69405,train
USA_cluster_69440,train
USA_cluster_69408,train
USA_cluster_69442,train
USA_cluster_69447,train
USA_cluster_69451,train
USA_cluster_69556,train
USA_cluster_69460,train
USA_cluster_69560,train
USA_cluster_69561,train
USA_cluster_69563,train
USA_cluster_69562,train
USA_cluster_69564,train
USA_cluster_69568,train
USA_cluster_69575,train
USA_cluster_69571,train
USA_cluster_69578,train
USA_cluster_69579,train
USA_cluster_69580,train
USA_cluster_69582,train
USA_cluster_69586,train
USA_cluster_69588,train
USA_cluster_69602,train
USA_cluster_69600,train
USA_cluster_69604,train
USA_cluster_69603,train
USA_cluster_69605,train
USA_cluster_69607,train
USA_cluster_69609,train
USA_cluster_69611,train
USA_cluster_69613,train
USA_cluster_69617,train
USA_cluster_69619,train
USA_cluster_69624,train
USA_cluster_69623,train
USA_cluster_69625,train
USA_cluster_69626,train
USA_cluster_69632,train
USA_cluster_69634,train
USA_cluster_69630,train
USA_cluster_69628,train
USA_cluster_69635,train
USA_cluster_69633,train
USA_cluster_69641,train
USA_cluster_69649,train
USA_cluster_69642,train
USA_cluster_69640,train
USA_cluster_69653,train
USA_cluster_69650,train
USA_cluster_69654,train
USA_cluster_69658,train
USA_cluster_69662,train
USA_cluster_69664,train
USA_cluster_69672,train
USA_cluster_69674,train
USA_cluster_69677,train
USA_cluster_69709,train
USA_cluster_69735,train
USA_cluster_69747,train
USA_cluster_69787,train
USA_cluster_69788,train
USA_cluster_69803,train
USA_cluster_69853,train
USA_cluster_69816,train
USA_cluster_69855,train
USA_cluster_69684,train
USA_cluster_69868,train
USA_cluster_69897,train
USA_cluster_69879,train
USA_cluster_69887,train
USA_cluster_69919,train
USA_cluster_69920,train
USA_cluster_69924,train
USA_cluster_69921,inspected
USA_cluster_69941,train
USA_cluster_69960,train
USA_cluster_69988,train
USA_cluster_69968,train
USA_cluster_69989,train
USA_cluster_69990,train
USA_cluster_69994,train
USA_cluster_69991,train
USA_cluster_70007,train
USA_cluster_70012,train
USA_cluster_70026,train
USA_cluster_70029,train
USA_cluster_70030,train
USA_cluster_70054,train
USA_cluster_70061,train
USA_cluster_70103,train
USA_cluster_70129,train
USA_cluster_70339,train
USA_cluster_70300,train
USA_cluster_70311,train
USA_cluster_70341,train
USA_cluster_70342,train
USA_cluster_70348,train
USA_cluster_70353,train
USA_cluster_70382,train
USA_cluster_70364,train
USA_cluster_70416,train
USA_cluster_70426,test
USA_cluster_70461,train
USA_cluster_70465,train
USA_cluster_7047,train
USA_cluster_70495,train
USA_cluster_70608,train
USA_cluster_70586,train
USA_cluster_70613,train
USA_cluster_70625,train
USA_cluster_70442,train
USA_cluster_70657,train
USA_cluster_70686,train
USA_cluster_70683,train
USA_cluster_70698,train
USA_cluster_7068,train
USA_cluster_70699,train
USA_cluster_70706,inspected
USA_cluster_70703,train
USA_cluster_7072,train
USA_cluster_70733,train
USA_cluster_70743,train
USA_cluster_70744,train
USA_cluster_70740,train
USA_cluster_70788,train
USA_cluster_70794,train
USA_cluster_70791,train
USA_cluster_70830,train
USA_cluster_70827,train
USA_cluster_70831,train
USA_cluster_70832,train
USA_cluster_70823,train
USA_cluster_70850,train
USA_cluster_70849,train
USA_cluster_70859,train
USA_cluster_70860,train
USA_cluster_70868,train
USA_cluster_70882,train
USA_cluster_70891,train
USA_cluster_70900,train
USA_cluster_70902,train
USA_cluster_70974,train
USA_cluster_70927,train
USA_cluster_70977,train
USA_cluster_70980,train
USA_cluster_70978,train
USA_cluster_70986,train
USA_cluster_70801,train
USA_cluster_70997,train
USA_cluster_70994,train
USA_cluster_71033,train
USA_cluster_71038,train
USA_cluster_71053,train
USA_cluster_71084,train
USA_cluster_71130,train
USA_cluster_7110,train
USA_cluster_71092,train
USA_cluster_71132,train
USA_cluster_71133,train
USA_cluster_71138,train
USA_cluster_71137,train
USA_cluster_71153,train
USA_cluster_71147,train
USA_cluster_71158,train
USA_cluster_71154,train
USA_cluster_71163,train
USA_cluster_71160,train
USA_cluster_71185,train
USA_cluster_71226,train
USA_cluster_71211,train
USA_cluster_71195,train
USA_cluster_71237,train
USA_cluster_71238,train
USA_cluster_71246,train
USA_cluster_71241,train
USA_cluster_71248,train
USA_cluster_71252,train
USA_cluster_71259,inspected
USA_cluster_71269,train
USA_cluster_71285,train
USA_cluster_71286,inspected
USA_cluster_71342,train
USA_cluster_71343,train
USA_cluster_71405,train
USA_cluster_71414,train
USA_cluster_71406,train
USA_cluster_71439,inspected
USA_cluster_71453,train
USA_cluster_71467,train
USA_cluster_71487,train
USA_cluster_71511,train
USA_cluster_71500,train
USA_cluster_71600,train
USA_cluster_71602,train
USA_cluster_71598,train
USA_cluster_716,train
USA_cluster_71603,train
USA_cluster_71604,train
USA_cluster_71605,train
USA_cluster_71606,train
USA_cluster_71614,train
USA_cluster_71607,train
USA_cluster_71613,train
USA_cluster_71619,train
USA_cluster_71616,train
USA_cluster_71623,train
USA_cluster_71624,train
USA_cluster_71622,train
USA_cluster_71625,train
USA_cluster_71626,train
USA_cluster_71627,train
USA_cluster_71633,train
USA_cluster_71635,train
USA_cluster_71636,train
USA_cluster_71639,train
USA_cluster_71641,train
USA_cluster_71642,train
USA_cluster_71644,test
USA_cluster_71638,train
USA_cluster_71645,train
USA_cluster_71646,train
USA_cluster_71649,train
USA_cluster_71647,train
USA_cluster_71651,train
USA_cluster_71652,train
USA_cluster_71654,train
USA_cluster_71655,train
USA_cluster_71656,train
USA_cluster_71657,train
USA_cluster_71658,train
USA_cluster_71661,train
USA_cluster_71665,train
USA_cluster_71667,train
USA_cluster_71668,train
USA_cluster_71670,train
USA_cluster_71671,train
USA_cluster_71672,train
USA_cluster_71673,train
USA_cluster_71676,train
USA_cluster_71669,train
USA_cluster_71677,train
USA_cluster_71679,train
USA_cluster_71682,train
USA_cluster_71683,train
USA_cluster_71685,train
USA_cluster_71686,train
USA_cluster_71694,train
USA_cluster_71690,train
USA_cluster_71696,train
USA_cluster_71695,train
USA_cluster_71697,train
USA_cluster_71700,train
USA_cluster_71706,train
USA_cluster_71709,train
USA_cluster_71710,train
USA_cluster_71715,train
USA_cluster_71711,train
USA_cluster_71714,train
USA_cluster_71716,train
USA_cluster_71720,train
USA_cluster_71717,train
USA_cluster_71723,train
USA_cluster_71726,train
USA_cluster_71725,train
USA_cluster_71736,train
USA_cluster_71729,train
USA_cluster_71739,train
USA_cluster_71740,train
USA_cluster_71743,train
USA_cluster_71742,train
USA_cluster_71744,train
USA_cluster_71747,train
USA_cluster_71750,train
USA_cluster_71748,train
USA_cluster_71752,train
USA_cluster_71758,train
USA_cluster_71760,train
USA_cluster_71756,train
USA_cluster_71769,train
USA_cluster_71765,train
USA_cluster_71762,train
USA_cluster_7177,train
USA_cluster_71776,train
USA_cluster_71770,train
USA_cluster_71782,train
USA_cluster_71785,train
USA_cluster_71793,train
USA_cluster_71795,train
USA_cluster_71789,train
USA_cluster_71802,train
USA_cluster_71807,train
USA_cluster_71808,train
USA_cluster_71813,train
USA_cluster_71817,train
USA_cluster_71816,train
USA_cluster_71821,train
USA_cluster_71830,train
USA_cluster_71828,train
USA_cluster_71831,train
USA_cluster_71832,train
USA_cluster_71836,train
USA_cluster_71838,train
USA_cluster_71835,train
USA_cluster_71837,train
USA_cluster_71841,train
USA_cluster_71839,train
USA_cluster_71843,train
USA_cluster_71845,train
USA_cluster_71846,train
USA_cluster_71854,train
USA_cluster_71848,train
USA_cluster_71850,train
USA_cluster_71859,train
USA_cluster_71855,train
USA_cluster_71861,train
USA_cluster_71864,train
USA_cluster_71867,train
USA_cluster_71868,train
USA_cluster_71869,train
USA_cluster_71876,train
USA_cluster_71878,train
USA_cluster_71871,train
USA_cluster_71879,train
USA_cluster_71880,train
USA_cluster_71881,train
USA_cluster_71872,train
USA_cluster_71893,train
USA_cluster_71921,train
USA_cluster_71882,train
USA_cluster_71923,train
USA_cluster_71924,train
USA_cluster_71927,train
USA_cluster_71946,train
USA_cluster_71966,train
USA_cluster_71979,train
USA_cluster_71959,train
USA_cluster_71974,train
USA_cluster_71985,train
USA_cluster_71981,train
USA_cluster_71987,train
USA_cluster_71980,train
USA_cluster_72017,train
USA_cluster_72018,train
USA_cluster_71991,train
USA_cluster_72019,train
USA_cluster_72020,train
USA_cluster_72022,train
USA_cluster_72021,train
USA_cluster_72025,train
USA_cluster_72026,train
USA_cluster_72030,train
USA_cluster_72029,train
USA_cluster_72027,train
USA_cluster_72031,train
USA_cluster_72038,train
USA_cluster_72041,train
USA_cluster_72037,train
USA_cluster_72043,train
USA_cluster_72039,train
USA_cluster_72045,train
USA_cluster_72059,train
USA_cluster_72062,train
USA_cluster_72058,train
USA_cluster_72066,train
USA_cluster_72102,train
USA_cluster_72087,train
USA_cluster_72103,train
USA_cluster_72104,train
USA_cluster_72105,train
USA_cluster_72106,train
USA_cluster_72108,train
USA_cluster_72111,train
USA_cluster_72109,train
USA_cluster_72110,train
USA_cluster_72112,train
USA_cluster_72113,train
USA_cluster_72115,train
USA_cluster_72116,train
USA_cluster_72114,train
USA_cluster_72118,train
USA_cluster_72122,train
USA_cluster_72124,train
USA_cluster_72119,train
USA_cluster_72126,train
USA_cluster_72125,train
USA_cluster_72120,train
USA_cluster_72127,train
USA_cluster_72129,train
USA_cluster_72128,train
USA_cluster_72130,train
USA_cluster_72131,train
USA_cluster_72132,train
USA_cluster_72133,train
USA_cluster_72134,train
USA_cluster_72135,train
USA_cluster_72136,train
USA_cluster_72137,train
USA_cluster_72139,train
USA_cluster_72142,train
USA_cluster_72143,train
USA_cluster_72147,train
USA_cluster_72151,train
USA_cluster_72145,train
USA_cluster_72154,train
USA_cluster_72159,train
USA_cluster_72161,train
USA_cluster_72152,train
USA_cluster_72170,train
USA_cluster_72171,train
USA_cluster_72169,train
USA_cluster_72162,train
USA_cluster_72172,train
USA_cluster_72184,train
USA_cluster_72192,train
USA_cluster_72176,train
USA_cluster_72300,train
USA_cluster_72381,train
USA_cluster_72319,train
USA_cluster_72386,train
USA_cluster_72398,train
USA_cluster_72399,train
USA_cluster_72402,train
USA_cluster_72403,train
USA_cluster_72404,train
USA_cluster_72405,train
USA_cluster_72409,train
USA_cluster_72427,train
USA_cluster_72426,train
USA_cluster_72434,train
USA_cluster_72428,train
USA_cluster_72463,train
USA_cluster_72448,train
USA_cluster_72464,train
USA_cluster_72468,train
USA_cluster_72483,train
USA_cluster_72551,train
USA_cluster_72503,train
USA_cluster_72529,train
USA_cluster_72644,train
USA_cluster_72648,train
USA_cluster_72659,train
USA_cluster_72660,inspected
USA_cluster_72662,train
USA_cluster_72688,train
USA_cluster_72710,train
USA_cluster_72681,train
USA_cluster_72750,train
USA_cluster_72751,train
USA_cluster_72773,inspected
USA_cluster_7285,train
USA_cluster_72881,train
USA_cluster_72946,train
USA_cluster_72775,train
USA_cluster_729,train
USA_cluster_72972,train
USA_cluster_73002,train
USA_cluster_72958,train
USA_cluster_73003,train
USA_cluster_73007,train
USA_cluster_73004,inspected
USA_cluster_73010,train
USA_cluster_73009,train
USA_cluster_73011,train
USA_cluster_73013,train
USA_cluster_73014,train
USA_cluster_73015,train
USA_cluster_73018,train
USA_cluster_73021,train
USA_cluster_73031,train
USA_cluster_73023,train
USA_cluster_73034,val
USA_cluster_73032,train
USA_cluster_73042,train
USA_cluster_73040,train
USA_cluster_73049,train
USA_cluster_73048,train
USA_cluster_73052,train
USA_cluster_73058,train
USA_cluster_73059,train
USA_cluster_73060,train
USA_cluster_73071,train
USA_cluster_73064,train
USA_cluster_73073,train
USA_cluster_73072,train
USA_cluster_73083,train
USA_cluster_73099,train
USA_cluster_73082,train
USA_cluster_73102,train
USA_cluster_73104,train
USA_cluster_73113,train
USA_cluster_73122,train
USA_cluster_73131,train
USA_cluster_73130,train
USA_cluster_73143,train
USA_cluster_73162,train
USA_cluster_73153,train
USA_cluster_73185,train
USA_cluster_73191,train
USA_cluster_73195,train
USA_cluster_73211,train
USA_cluster_73213,train
USA_cluster_73208,train
USA_cluster_73236,train
USA_cluster_73239,train
USA_cluster_73251,train
USA_cluster_73238,train
USA_cluster_73263,train
USA_cluster_73258,train
USA_cluster_73266,train
USA_cluster_73264,train
USA_cluster_73270,train
USA_cluster_73275,train
USA_cluster_73284,train
USA_cluster_73282,train
USA_cluster_73285,train
USA_cluster_73287,train
USA_cluster_73288,train
USA_cluster_73290,train
USA_cluster_73323,inspected
USA_cluster_73313,train
USA_cluster_73327,train
USA_cluster_73304,train
USA_cluster_73343,train
USA_cluster_73352,train
USA_cluster_73357,train
USA_cluster_73356,train
USA_cluster_73367,train
USA_cluster_73388,train
USA_cluster_73385,train
USA_cluster_73417,train
USA_cluster_73406,train
USA_cluster_73452,train
USA_cluster_73457,train
USA_cluster_73552,train
USA_cluster_73454,train
USA_cluster_73550,train
USA_cluster_73628,train
USA_cluster_73665,train
USA_cluster_73606,train
USA_cluster_73664,train
USA_cluster_73666,train
USA_cluster_73667,train
USA_cluster_73669,train
USA_cluster_73671,train
USA_cluster_73676,train
USA_cluster_73670,train
USA_cluster_73675,train
USA_cluster_73680,train
USA_cluster_73678,train
USA_cluster_73679,train
USA_cluster_73683,train
USA_cluster_73685,train
USA_cluster_73688,train
USA_cluster_73677,train
USA_cluster_73690,train
USA_cluster_73691,train
USA_cluster_73695,train
USA_cluster_73689,train
USA_cluster_73696,train
USA_cluster_73698,val
USA_cluster_73700,train
USA_cluster_73703,train
USA_cluster_73704,train
USA_cluster_73694,train
USA_cluster_73705,train
USA_cluster_73706,train
USA_cluster_73709,train
USA_cluster_73707,train
USA_cluster_73692,train
USA_cluster_73712,train
USA_cluster_73713,train
USA_cluster_73714,train
USA_cluster_73716,train
USA_cluster_73715,train
USA_cluster_73719,train
USA_cluster_73718,train
USA_cluster_73721,train
USA_cluster_73726,train
USA_cluster_73724,train
USA_cluster_73727,train
USA_cluster_73722,train
USA_cluster_73729,train
USA_cluster_73732,train
USA_cluster_73731,train
USA_cluster_73734,train
USA_cluster_73736,inspected
USA_cluster_73733,train
USA_cluster_73737,train
USA_cluster_73741,train
USA_cluster_73742,train
USA_cluster_73747,train
USA_cluster_73744,train
USA_cluster_73748,train
USA_cluster_73750,train
USA_cluster_73749,train
USA_cluster_73751,train
USA_cluster_73752,train
USA_cluster_73753,train
USA_cluster_73757,train
USA_cluster_73758,train
USA_cluster_73759,train
USA_cluster_73765,train
USA_cluster_73770,train
USA_cluster_73771,train
USA_cluster_73780,train
USA_cluster_73785,train
USA_cluster_73784,train
USA_cluster_73775,train
USA_cluster_73819,train
USA_cluster_73817,train
USA_cluster_73822,train
USA_cluster_73818,train
USA_cluster_73826,train
USA_cluster_73828,train
USA_cluster_73830,val
USA_cluster_73831,train
USA_cluster_73833,train
USA_cluster_73834,train
USA_cluster_73829,train
USA_cluster_73836,train
USA_cluster_73842,train
USA_cluster_73837,train
USA_cluster_73841,train
USA_cluster_73846,train
USA_cluster_73845,train
USA_cluster_73847,train
USA_cluster_73848,train
USA_cluster_73849,train
USA_cluster_73850,train
USA_cluster_73852,train
USA_cluster_73851,train
USA_cluster_73855,train
USA_cluster_73853,train
USA_cluster_73856,train
USA_cluster_73857,train
USA_cluster_73862,train
USA_cluster_73865,train
USA_cluster_73861,train
USA_cluster_73863,train
USA_cluster_73866,train
USA_cluster_73870,train
USA_cluster_73869,train
USA_cluster_73867,train
USA_cluster_73871,train
USA_cluster_73873,train
USA_cluster_73872,train
USA_cluster_73878,train
USA_cluster_73874,train
USA_cluster_73882,train
USA_cluster_73880,train
USA_cluster_73886,train
USA_cluster_73887,train
USA_cluster_73889,train
USA_cluster_73888,train
USA_cluster_73891,train
USA_cluster_73892,train
USA_cluster_73894,train
USA_cluster_73895,train
USA_cluster_73902,train
USA_cluster_73897,train
USA_cluster_73900,train
USA_cluster_73905,train
USA_cluster_73908,train
USA_cluster_73904,train
USA_cluster_73910,train
USA_cluster_73911,train
USA_cluster_73914,train
USA_cluster_73913,train
USA_cluster_73915,train
USA_cluster_73916,train
USA_cluster_73917,train
USA_cluster_73918,train
USA_cluster_73919,train
USA_cluster_73920,train
USA_cluster_73903,train
USA_cluster_73921,train
USA_cluster_73922,train
USA_cluster_73926,train
USA_cluster_73923,train
USA_cluster_73924,train
USA_cluster_73925,train
USA_cluster_73928,train
USA_cluster_73929,train
USA_cluster_73930,train
USA_cluster_73931,train
USA_cluster_73936,train
USA_cluster_73938,train
USA_cluster_73935,train
USA_cluster_73937,train
USA_cluster_73939,train
USA_cluster_73942,train
USA_cluster_73940,train
USA_cluster_73941,train
USA_cluster_73945,train
USA_cluster_73943,train
USA_cluster_73946,train
USA_cluster_73948,train
USA_cluster_73947,train
USA_cluster_73950,train
USA_cluster_73952,train
USA_cluster_73953,train
USA_cluster_73954,train
USA_cluster_73955,train
USA_cluster_73958,train
USA_cluster_73957,train
USA_cluster_73956,train
USA_cluster_7396,train
USA_cluster_73961,train
USA_cluster_73962,train
USA_cluster_73964,train
USA_cluster_73966,train
USA_cluster_73968,train
USA_cluster_73969,train
USA_cluster_73972,train
USA_cluster_73971,train
USA_cluster_73973,train
USA_cluster_73965,train
USA_cluster_73976,train
USA_cluster_73975,train
USA_cluster_73978,train
USA_cluster_73986,train
USA_cluster_73994,train
USA_cluster_73985,train
USA_cluster_73997,train
USA_cluster_73993,train
USA_cluster_74008,train
USA_cluster_74007,train
USA_cluster_74012,train
USA_cluster_74019,train
USA_cluster_74013,train
USA_cluster_74044,train
USA_cluster_74010,train
USA_cluster_74053,train
USA_cluster_74041,train
USA_cluster_7406,train
USA_cluster_74075,train
USA_cluster_7407,train
USA_cluster_74067,train
USA_cluster_74090,train
USA_cluster_74091,train
USA_cluster_7409,train
USA_cluster_74112,train
USA_cluster_74104,train
USA_cluster_74100,train
USA_cluster_74081,train
USA_cluster_74117,train
USA_cluster_74127,train
USA_cluster_74133,train
USA_cluster_74135,train
USA_cluster_7416,train
USA_cluster_74181,train
USA_cluster_74173,train
USA_cluster_74177,train
USA_cluster_74259,train
USA_cluster_7422,train
USA_cluster_74232,train
USA_cluster_74184,train
USA_cluster_74265,train
USA_cluster_74294,train
USA_cluster_74301,train
USA_cluster_74312,train
USA_cluster_74319,train
USA_cluster_74349,train
USA_cluster_74382,inspected
USA_cluster_74396,inspected
USA_cluster_74415,train
USA_cluster_74392,train
USA_cluster_74419,train
USA_cluster_74440,train
USA_cluster_7445,train
USA_cluster_7442,train
USA_cluster_74484,train
USA_cluster_74480,train
USA_cluster_74534,train
USA_cluster_7458,train
USA_cluster_74891,train
USA_cluster_7518,train
USA_cluster_746,train
USA_cluster_7530,train
USA_cluster_75321,train
USA_cluster_7531,train
USA_cluster_75330,inspected
USA_cluster_75264,train
USA_cluster_75411,train
USA_cluster_75332,train
USA_cluster_75338,inspected
USA_cluster_75448,train
USA_cluster_75624,train
USA_cluster_75614,train
USA_cluster_75630,train
USA_cluster_75699,train
USA_cluster_75720,train
USA_cluster_75722,train
USA_cluster_75833,train
USA_cluster_75831,train
USA_cluster_75835,train
USA_cluster_75838,train
USA_cluster_75841,train
USA_cluster_75845,train
USA_cluster_75842,train
USA_cluster_75846,inspected
USA_cluster_75847,train
USA_cluster_75854,train
USA_cluster_75850,train
USA_cluster_75855,train
USA_cluster_75857,train
USA_cluster_75858,train
USA_cluster_75863,train
USA_cluster_75865,train
USA_cluster_75866,train
USA_cluster_75869,train
USA_cluster_75867,train
USA_cluster_75861,train
USA_cluster_75871,train
USA_cluster_75860,train
USA_cluster_75872,train
USA_cluster_75881,train
USA_cluster_75882,train
USA_cluster_75885,train
USA_cluster_75886,train
USA_cluster_75887,train
USA_cluster_75888,train
USA_cluster_75880,train
USA_cluster_75892,train
USA_cluster_75898,train
USA_cluster_75895,train
USA_cluster_75899,train
USA_cluster_75906,train
USA_cluster_75902,train
USA_cluster_75903,train
USA_cluster_75922,train
USA_cluster_75932,train
USA_cluster_75930,train
USA_cluster_75933,train
USA_cluster_75938,train
USA_cluster_75947,train
USA_cluster_75937,train
USA_cluster_75945,train
USA_cluster_75948,train
USA_cluster_75950,train
USA_cluster_75949,train
USA_cluster_75951,train
USA_cluster_75952,train
USA_cluster_75955,train
USA_cluster_75956,train
USA_cluster_75953,train
USA_cluster_75957,train
USA_cluster_75966,train
USA_cluster_75967,train
USA_cluster_75960,train
USA_cluster_75962,train
USA_cluster_75969,train
USA_cluster_75974,train
USA_cluster_75971,train
USA_cluster_75970,train
USA_cluster_75977,train
USA_cluster_75984,train
USA_cluster_75983,train
USA_cluster_75988,train
USA_cluster_75991,train
USA_cluster_75989,train
USA_cluster_75998,train
USA_cluster_76002,train
USA_cluster_75999,train
USA_cluster_76001,train
USA_cluster_76003,train
USA_cluster_76006,train
USA_cluster_76005,train
USA_cluster_76004,train
USA_cluster_76008,train
USA_cluster_76011,train
USA_cluster_76009,train
USA_cluster_76010,train
USA_cluster_76013,train
USA_cluster_76014,train
USA_cluster_76015,train
USA_cluster_76017,train
USA_cluster_76016,train
USA_cluster_76018,train
USA_cluster_76020,train
USA_cluster_76023,train
USA_cluster_76024,train
USA_cluster_76021,train
USA_cluster_76025,train
USA_cluster_76026,train
USA_cluster_76027,train
USA_cluster_76028,train
USA_cluster_76031,train
USA_cluster_76029,train
USA_cluster_76032,train
USA_cluster_76033,train
USA_cluster_76035,train
USA_cluster_76036,train
USA_cluster_76034,train
USA_cluster_76040,train
USA_cluster_76037,train
USA_cluster_76042,train
USA_cluster_76043,train
USA_cluster_76046,train
USA_cluster_76047,train
USA_cluster_76048,train
USA_cluster_76045,train
USA_cluster_76051,train
USA_cluster_76052,train
USA_cluster_76053,train
USA_cluster_76054,train
USA_cluster_76055,train
USA_cluster_76058,train
USA_cluster_76059,train
USA_cluster_76060,train
USA_cluster_76061,train
USA_cluster_76057,train
USA_cluster_76063,train
USA_cluster_76064,train
USA_cluster_76065,train
USA_cluster_76069,train
USA_cluster_76070,train
USA_cluster_76062,train
USA_cluster_76071,train
USA_cluster_76074,train
USA_cluster_76072,train
USA_cluster_76076,train
USA_cluster_76077,train
USA_cluster_76081,train
USA_cluster_76078,train
USA_cluster_76083,train
USA_cluster_76084,train
USA_cluster_76087,train
USA_cluster_76091,train
USA_cluster_76092,train
USA_cluster_76085,train
USA_cluster_76093,train
USA_cluster_76095,train
USA_cluster_76094,train
USA_cluster_76097,train
USA_cluster_76096,train
USA_cluster_76099,train
USA_cluster_76100,train
USA_cluster_76103,train
USA_cluster_76104,train
USA_cluster_76105,train
USA_cluster_76107,train
USA_cluster_76108,train
USA_cluster_76110,train
USA_cluster_76111,train
USA_cluster_76112,train
USA_cluster_76113,train
USA_cluster_76114,train
USA_cluster_76115,train
USA_cluster_76117,train
USA_cluster_76118,train
USA_cluster_76119,train
USA_cluster_76116,train
USA_cluster_76120,train
USA_cluster_76124,train
USA_cluster_76121,train
USA_cluster_76126,train
USA_cluster_76127,train
USA_cluster_76129,train
USA_cluster_76130,train
USA_cluster_76131,train
USA_cluster_76133,train
USA_cluster_76132,train
USA_cluster_76134,train
USA_cluster_76137,train
USA_cluster_76139,train
USA_cluster_76140,train
USA_cluster_76141,train
USA_cluster_76142,train
USA_cluster_76143,train
USA_cluster_76144,train
USA_cluster_76151,train
USA_cluster_76148,train
USA_cluster_76147,train
USA_cluster_76152,train
USA_cluster_76153,train
USA_cluster_76154,train
USA_cluster_76156,train
USA_cluster_76155,train
USA_cluster_76162,train
USA_cluster_76163,train
USA_cluster_76164,train
USA_cluster_76165,train
USA_cluster_76166,train
USA_cluster_76169,train
USA_cluster_76173,train
USA_cluster_76172,test
USA_cluster_76179,train
USA_cluster_76183,train
USA_cluster_76174,train
USA_cluster_76184,train
USA_cluster_76191,train
USA_cluster_76193,train
USA_cluster_76213,train
USA_cluster_76219,train
USA_cluster_76239,train
USA_cluster_76243,train
USA_cluster_76249,train
USA_cluster_76284,train
USA_cluster_76342,train
USA_cluster_76319,train
USA_cluster_76343,train
USA_cluster_76344,train
USA_cluster_76345,train
USA_cluster_76346,train
USA_cluster_76348,train
USA_cluster_76350,train
USA_cluster_76351,train
USA_cluster_76347,train
USA_cluster_76355,train
USA_cluster_76356,train
USA_cluster_76353,train
USA_cluster_76360,train
USA_cluster_76361,train
USA_cluster_76362,train
USA_cluster_76359,train
USA_cluster_76363,train
USA_cluster_76364,train
USA_cluster_76367,train
USA_cluster_76365,train
USA_cluster_76366,train
USA_cluster_76368,train
USA_cluster_76369,train
USA_cluster_76371,val
USA_cluster_76370,train
USA_cluster_76372,train
USA_cluster_76373,train
USA_cluster_76377,train
USA_cluster_76376,train
USA_cluster_76375,train
USA_cluster_76378,train
USA_cluster_76380,train
USA_cluster_76381,train
USA_cluster_76382,train
USA_cluster_76384,train
USA_cluster_76383,train
USA_cluster_76386,train
USA_cluster_76388,train
USA_cluster_76389,test
USA_cluster_76387,train
USA_cluster_76390,train
USA_cluster_76391,train
USA_cluster_76392,train
USA_cluster_76394,train
USA_cluster_76393,train
USA_cluster_76395,train
USA_cluster_76396,train
USA_cluster_76397,train
USA_cluster_76398,train
USA_cluster_764,train
USA_cluster_76401,train
USA_cluster_76399,train
USA_cluster_76400,train
USA_cluster_76403,train
USA_cluster_76406,train
USA_cluster_76404,train
USA_cluster_76407,train
USA_cluster_76410,train
USA_cluster_76412,train
USA_cluster_76408,train
USA_cluster_76413,train
USA_cluster_76422,train
USA_cluster_76423,train
USA_cluster_76421,train
USA_cluster_76424,train
USA_cluster_76428,train
USA_cluster_76425,train
USA_cluster_76431,train
USA_cluster_76429,train
USA_cluster_76430,train
USA_cluster_76434,train
USA_cluster_76433,train
USA_cluster_76432,train
USA_cluster_76437,train
USA_cluster_76436,train
USA_cluster_76438,train
USA_cluster_76442,train
USA_cluster_76444,train
USA_cluster_76443,train
USA_cluster_76445,train
USA_cluster_76446,train
USA_cluster_76447,train
USA_cluster_76451,train
USA_cluster_76453,train
USA_cluster_76450,train
USA_cluster_76454,train
USA_cluster_76465,train
USA_cluster_76455,train
USA_cluster_76471,train
USA_cluster_76470,train
USA_cluster_76473,train
USA_cluster_76480,train
USA_cluster_76483,train
USA_cluster_76482,train
USA_cluster_76488,train
USA_cluster_76484,train
USA_cluster_76486,train
USA_cluster_76489,train
USA_cluster_76492,train
USA_cluster_76493,train
USA_cluster_76491,train
USA_cluster_76500,train
USA_cluster_76495,train
USA_cluster_765,train
USA_cluster_76496,train
USA_cluster_76503,train
USA_cluster_76504,train
USA_cluster_76507,val
USA_cluster_76505,train
USA_cluster_76508,train
USA_cluster_76510,train
USA_cluster_76514,train
USA_cluster_76513,train
USA_cluster_76517,train
USA_cluster_76515,train
USA_cluster_76518,train
USA_cluster_76520,train
USA_cluster_76522,train
USA_cluster_76519,train
USA_cluster_76524,train
USA_cluster_76525,train
USA_cluster_76529,train
USA_cluster_76530,train
USA_cluster_76528,train
USA_cluster_76531,train
USA_cluster_76532,train
USA_cluster_76533,train
USA_cluster_76535,train
USA_cluster_76541,train
USA_cluster_76538,train
USA_cluster_76534,train
USA_cluster_76546,train
USA_cluster_76547,train
USA_cluster_76543,train
USA_cluster_76549,train
USA_cluster_76552,train
USA_cluster_76556,train
USA_cluster_76570,train
USA_cluster_76633,train
USA_cluster_76665,inspected
USA_cluster_7657,train
USA_cluster_7658,train
USA_cluster_7730,train
USA_cluster_7731,train
USA_cluster_7755,train
USA_cluster_7763,train
USA_cluster_7771,train
USA_cluster_77818,inspected
USA_cluster_77878,train
USA_cluster_77824,inspected
USA_cluster_7782,train
USA_cluster_7790,train
USA_cluster_77902,train
USA_cluster_77917,train
USA_cluster_78018,train
USA_cluster_78036,train
USA_cluster_7799,train
USA_cluster_78004,train
USA_cluster_78116,train
USA_cluster_7805,train
USA_cluster_78121,train
USA_cluster_7808,train
USA_cluster_78139,train
USA_cluster_78164,inspected
USA_cluster_7815,train
USA_cluster_78230,train
USA_cluster_78251,train
USA_cluster_78263,train
USA_cluster_78365,train
USA_cluster_78383,train
USA_cluster_78485,train
USA_cluster_7849,train
USA_cluster_7852,train
USA_cluster_7821,train
USA_cluster_7855,train
USA_cluster_7854,train
USA_cluster_7858,train
USA_cluster_7859,train
USA_cluster_78708,train
USA_cluster_7871,train
USA_cluster_786,inspected
USA_cluster_7876,train
USA_cluster_78729,train
USA_cluster_78761,train
USA_cluster_78760,train
USA_cluster_78763,train
USA_cluster_78762,train
USA_cluster_78765,train
USA_cluster_78764,train
USA_cluster_78766,train
USA_cluster_78769,train
USA_cluster_78770,train
USA_cluster_78774,train
USA_cluster_78778,train
USA_cluster_78776,train
USA_cluster_78777,train
USA_cluster_78779,train
USA_cluster_78782,train
USA_cluster_78783,train
USA_cluster_78781,train
USA_cluster_78786,train
USA_cluster_78788,train
USA_cluster_78790,train
USA_cluster_78791,train
USA_cluster_78793,train
USA_cluster_78792,train
USA_cluster_78795,train
USA_cluster_78796,train
USA_cluster_78797,train
USA_cluster_78802,train
USA_cluster_78801,train
USA_cluster_78803,train
USA_cluster_78804,train
USA_cluster_78805,train
USA_cluster_78808,train
USA_cluster_7881,train
USA_cluster_78813,train
USA_cluster_78814,train
USA_cluster_78816,train
USA_cluster_78817,train
USA_cluster_78819,train
USA_cluster_78821,train
USA_cluster_78829,train
USA_cluster_78830,train
USA_cluster_78831,train
USA_cluster_78828,train
USA_cluster_78832,train
USA_cluster_78833,train
USA_cluster_78834,train
USA_cluster_78835,test
USA_cluster_78838,train
USA_cluster_78836,train
USA_cluster_78842,train
USA_cluster_78850,train
USA_cluster_78845,train
USA_cluster_78852,train
USA_cluster_78855,train
USA_cluster_78857,train
USA_cluster_78856,train
USA_cluster_78862,train
USA_cluster_78865,train
USA_cluster_78867,train
USA_cluster_78866,train
USA_cluster_78864,train
USA_cluster_78871,train
USA_cluster_78870,train
USA_cluster_78868,train
USA_cluster_78872,train
USA_cluster_78876,train
USA_cluster_78873,train
USA_cluster_78874,train
USA_cluster_78877,train
USA_cluster_78880,train
USA_cluster_78879,train
USA_cluster_78878,train
USA_cluster_7888,train
USA_cluster_78883,train
USA_cluster_78881,train
USA_cluster_78882,train
USA_cluster_78884,train
USA_cluster_78886,train
USA_cluster_78887,train
USA_cluster_78889,train
USA_cluster_78892,train
USA_cluster_78891,train
USA_cluster_78890,train
USA_cluster_78893,train
USA_cluster_78895,train
USA_cluster_78897,train
USA_cluster_78894,train
USA_cluster_78902,train
USA_cluster_78903,train
USA_cluster_78905,train
USA_cluster_78899,train
USA_cluster_78910,train
USA_cluster_78906,train
USA_cluster_78911,train
USA_cluster_78908,train
USA_cluster_78918,train
USA_cluster_78915,train
USA_cluster_78913,train
USA_cluster_78920,train
USA_cluster_78923,train
USA_cluster_78924,train
USA_cluster_78926,train
USA_cluster_78927,train
USA_cluster_78929,train
USA_cluster_78928,train
USA_cluster_78932,train
USA_cluster_78933,train
USA_cluster_78936,train
USA_cluster_78938,train
USA_cluster_78939,train
USA_cluster_78940,train
USA_cluster_78945,train
USA_cluster_78941,train
USA_cluster_78942,train
USA_cluster_78947,train
USA_cluster_78953,train
USA_cluster_78949,train
USA_cluster_78951,train
USA_cluster_78955,train
USA_cluster_78957,train
USA_cluster_78959,train
USA_cluster_78960,train
USA_cluster_78961,train
USA_cluster_78962,train
USA_cluster_78965,train
USA_cluster_78966,train
USA_cluster_78967,train
USA_cluster_78963,train
USA_cluster_78968,train
USA_cluster_78969,train
USA_cluster_78972,train
USA_cluster_78970,train
USA_cluster_78973,train
USA_cluster_78974,train
USA_cluster_78976,train
USA_cluster_78975,train
USA_cluster_78978,train
USA_cluster_78977,train
USA_cluster_78979,train
USA_cluster_78980,train
USA_cluster_78981,train
USA_cluster_78983,train
USA_cluster_78985,train
USA_cluster_78982,train
USA_cluster_78990,train
USA_cluster_78987,train
USA_cluster_78991,train
USA_cluster_78992,train
USA_cluster_78993,test
USA_cluster_78994,train
USA_cluster_78997,train
USA_cluster_78998,train
USA_cluster_79006,train
USA_cluster_79005,train
USA_cluster_79002,train
USA_cluster_7900,train
USA_cluster_79012,train
USA_cluster_79010,train
USA_cluster_79008,train
USA_cluster_79013,train
USA_cluster_79017,train
USA_cluster_79020,train
USA_cluster_79014,train
USA_cluster_79021,train
USA_cluster_79024,train
USA_cluster_79025,train
USA_cluster_79023,train
USA_cluster_79028,train
USA_cluster_79029,train
USA_cluster_79030,train
USA_cluster_7903,train
USA_cluster_79035,train
USA_cluster_79031,train
USA_cluster_79036,train
USA_cluster_79038,train
USA_cluster_79039,train
USA_cluster_79044,train
USA_cluster_79041,train
USA_cluster_79042,train
USA_cluster_79046,train
USA_cluster_79048,train
USA_cluster_79047,train
USA_cluster_79049,train
USA_cluster_79050,train
USA_cluster_79053,train
USA_cluster_79056,train
USA_cluster_79052,train
USA_cluster_79057,val
USA_cluster_79054,train
USA_cluster_79063,train
USA_cluster_79069,train
USA_cluster_79070,train
USA_cluster_79071,train
USA_cluster_79067,train
USA_cluster_79072,inspected
USA_cluster_79075,train
USA_cluster_79076,train
USA_cluster_79082,train
USA_cluster_79079,train
USA_cluster_79083,train
USA_cluster_79091,train
USA_cluster_79092,train
USA_cluster_79089,train
USA_cluster_79093,train
USA_cluster_79102,train
USA_cluster_79100,train
USA_cluster_79095,train
USA_cluster_79094,train
USA_cluster_79103,train
USA_cluster_79108,train
USA_cluster_79112,train
USA_cluster_79116,train
USA_cluster_79118,train
USA_cluster_79129,train
USA_cluster_79139,train
USA_cluster_79130,train
USA_cluster_79171,train
USA_cluster_79146,train
USA_cluster_79174,train
USA_cluster_79176,train
USA_cluster_79177,train
USA_cluster_79188,train
USA_cluster_79189,train
USA_cluster_79200,train
USA_cluster_79185,train
USA_cluster_79255,train
USA_cluster_79254,train
USA_cluster_79246,train
USA_cluster_79253,train
USA_cluster_79259,train
USA_cluster_79281,train
USA_cluster_79282,train
USA_cluster_79283,train
USA_cluster_79284,train
USA_cluster_79287,train
USA_cluster_79289,train
USA_cluster_79288,train
USA_cluster_79290,train
USA_cluster_79292,train
USA_cluster_79296,train
USA_cluster_79291,train
USA_cluster_79299,train
USA_cluster_79301,train
USA_cluster_79300,train
USA_cluster_79302,train
USA_cluster_79304,train
USA_cluster_79305,train
USA_cluster_79310,train
USA_cluster_79308,train
USA_cluster_79311,train
USA_cluster_79312,train
USA_cluster_79295,train
USA_cluster_79313,train
USA_cluster_79314,train
USA_cluster_79315,train
USA_cluster_7932,train
USA_cluster_79319,train
USA_cluster_79322,train
USA_cluster_79324,train
USA_cluster_79323,train
USA_cluster_79330,train
USA_cluster_79333,train
USA_cluster_79334,train
USA_cluster_79320,train
USA_cluster_79335,train
USA_cluster_79337,train
USA_cluster_79336,train
USA_cluster_79338,train
USA_cluster_79339,train
USA_cluster_79340,train
USA_cluster_79341,train
USA_cluster_79342,train
USA_cluster_79343,train
USA_cluster_79349,train
USA_cluster_7935,train
USA_cluster_79350,train
USA_cluster_79351,train
USA_cluster_79352,train
USA_cluster_79354,train
USA_cluster_79357,train
USA_cluster_79355,train
USA_cluster_79358,train
USA_cluster_79359,train
USA_cluster_79363,train
USA_cluster_79364,train
USA_cluster_79365,train
USA_cluster_79370,train
USA_cluster_7936,train
USA_cluster_79371,train
USA_cluster_79376,train
USA_cluster_79379,train
USA_cluster_79378,train
USA_cluster_79383,train
USA_cluster_79384,train
USA_cluster_79385,train
USA_cluster_79386,train
USA_cluster_79387,train
USA_cluster_79388,train
USA_cluster_79389,train
USA_cluster_79390,train
USA_cluster_79393,train
USA_cluster_79397,train
USA_cluster_79400,train
USA_cluster_79401,train
USA_cluster_79402,train
USA_cluster_79403,train
USA_cluster_79404,train
USA_cluster_79411,train
USA_cluster_79414,train
USA_cluster_79424,train
USA_cluster_79425,train
USA_cluster_79443,train
USA_cluster_79394,train
USA_cluster_79431,train
USA_cluster_79449,train
USA_cluster_79451,train
USA_cluster_79459,train
USA_cluster_79468,train
USA_cluster_7945,train
USA_cluster_79475,train
USA_cluster_79470,train
USA_cluster_79476,train
USA_cluster_7947,train
USA_cluster_7949,train
USA_cluster_79505,train
USA_cluster_79485,train
USA_cluster_79508,train
USA_cluster_7951,train
USA_cluster_79524,train
USA_cluster_79543,train
USA_cluster_79531,train
USA_cluster_79544,train
USA_cluster_79550,train
USA_cluster_79552,train
USA_cluster_79504,train
USA_cluster_79563,train
USA_cluster_79567,train
USA_cluster_79566,train
USA_cluster_79570,train
USA_cluster_79574,train
USA_cluster_79571,train
USA_cluster_79578,train
USA_cluster_79579,train
USA_cluster_79586,train
USA_cluster_79557,train
USA_cluster_79584,train
USA_cluster_79587,train
USA_cluster_79593,train
USA_cluster_7959,train
USA_cluster_79594,train
USA_cluster_79611,train
USA_cluster_79621,train
USA_cluster_79625,train
USA_cluster_79626,train
USA_cluster_79636,train
USA_cluster_79637,val
USA_cluster_7964,train
USA_cluster_79642,train
USA_cluster_79652,train
USA_cluster_79656,train
USA_cluster_79661,train
USA_cluster_79658,train
USA_cluster_79664,train
USA_cluster_79666,train
USA_cluster_79674,train
USA_cluster_79677,train
USA_cluster_79668,train
USA_cluster_79693,train
USA_cluster_79697,train
USA_cluster_79700,train
USA_cluster_79699,train
USA_cluster_79701,train
USA_cluster_79709,train
USA_cluster_79715,train
USA_cluster_79717,train
USA_cluster_79711,train
USA_cluster_79716,train
USA_cluster_79718,train
USA_cluster_79729,train
USA_cluster_79727,test
USA_cluster_79723,train
USA_cluster_79734,train
USA_cluster_79742,train
USA_cluster_79740,train
USA_cluster_79746,train
USA_cluster_79751,train
USA_cluster_79758,train
USA_cluster_79756,train
USA_cluster_79769,train
USA_cluster_7977,train
USA_cluster_79772,train
USA_cluster_79775,train
USA_cluster_79778,train
USA_cluster_79773,train
USA_cluster_7978,train
USA_cluster_79781,train
USA_cluster_79779,train
USA_cluster_7976,train
USA_cluster_79782,train
USA_cluster_79786,train
USA_cluster_79783,train
USA_cluster_79787,train
USA_cluster_79788,train
USA_cluster_7979,train
USA_cluster_79790,train
USA_cluster_79789,train
USA_cluster_79793,train
USA_cluster_79795,train
USA_cluster_79796,train
USA_cluster_79794,train
USA_cluster_79802,train
USA_cluster_79800,train
USA_cluster_79797,train
USA_cluster_79798,train
USA_cluster_79803,train
USA_cluster_79804,train
USA_cluster_79809,train
USA_cluster_79806,train
USA_cluster_79807,train
USA_cluster_79808,train
USA_cluster_79811,train
USA_cluster_79812,train
USA_cluster_79813,train
USA_cluster_79815,train
USA_cluster_79817,train
USA_cluster_79818,train
USA_cluster_79819,train
USA_cluster_79821,train
USA_cluster_79822,train
USA_cluster_79824,train
USA_cluster_79827,train
USA_cluster_79829,train
USA_cluster_79826,train
USA_cluster_79833,train
USA_cluster_79835,train
USA_cluster_79834,train
USA_cluster_79836,train
USA_cluster_79831,train
USA_cluster_79837,train
USA_cluster_79839,train
USA_cluster_7984,train
USA_cluster_79840,train
USA_cluster_79841,train
USA_cluster_79842,train
USA_cluster_79844,train
USA_cluster_79850,train
USA_cluster_79852,train
USA_cluster_79851,train
USA_cluster_79857,train
USA_cluster_79855,train
USA_cluster_79858,train
USA_cluster_79859,train
USA_cluster_7986,train
USA_cluster_79861,train
USA_cluster_79860,train
USA_cluster_79864,train
USA_cluster_79865,train
USA_cluster_79868,train
USA_cluster_79866,train
USA_cluster_7987,train
USA_cluster_79871,train
USA_cluster_79869,train
USA_cluster_79874,train
USA_cluster_79875,train
USA_cluster_79877,train
USA_cluster_79879,train
USA_cluster_79878,train
USA_cluster_79881,train
USA_cluster_79884,train
USA_cluster_79882,train
USA_cluster_79887,train
USA_cluster_79890,train
USA_cluster_79889,train
USA_cluster_79888,train
USA_cluster_79894,train
USA_cluster_79891,train
USA_cluster_79896,train
USA_cluster_79897,train
USA_cluster_79898,train
USA_cluster_79899,train
USA_cluster_79903,train
USA_cluster_79902,train
USA_cluster_79908,train
USA_cluster_79911,train
USA_cluster_79914,train
USA_cluster_79915,train
USA_cluster_79916,train
USA_cluster_79918,train
USA_cluster_79923,train
USA_cluster_79917,train
USA_cluster_79924,train
USA_cluster_79946,train
USA_cluster_79933,train
USA_cluster_79944,train
USA_cluster_7996,train
USA_cluster_79965,train
USA_cluster_7997,train
USA_cluster_79993,train
USA_cluster_800,inspected
USA_cluster_79980,train
USA_cluster_80012,train
USA_cluster_80014,train
USA_cluster_80026,train
USA_cluster_80018,train
USA_cluster_80055,train
USA_cluster_80059,train
USA_cluster_80060,train
USA_cluster_80061,train
USA_cluster_80063,train
USA_cluster_80066,train
USA_cluster_80062,train
USA_cluster_80068,train
USA_cluster_80067,train
USA_cluster_80072,train
USA_cluster_80071,train
USA_cluster_80069,train
USA_cluster_80074,train
USA_cluster_80076,train
USA_cluster_80079,train
USA_cluster_80078,train
USA_cluster_80084,train
USA_cluster_80083,train
USA_cluster_80085,train
USA_cluster_80090,train
USA_cluster_80089,train
USA_cluster_80092,train
USA_cluster_80091,train
USA_cluster_80093,train
USA_cluster_80087,train
USA_cluster_80096,train
USA_cluster_80097,train
USA_cluster_80099,train
USA_cluster_80100,train
USA_cluster_80101,train
USA_cluster_80107,train
USA_cluster_80104,train
USA_cluster_80109,train
USA_cluster_80108,train
USA_cluster_80110,train
USA_cluster_80113,train
USA_cluster_80120,train
USA_cluster_80115,train
USA_cluster_80121,train
USA_cluster_80123,train
USA_cluster_80124,train
USA_cluster_80128,train
USA_cluster_80126,train
USA_cluster_80135,train
USA_cluster_80132,train
USA_cluster_80137,train
USA_cluster_80138,train
USA_cluster_80145,train
USA_cluster_80143,train
USA_cluster_80146,train
USA_cluster_80158,train
USA_cluster_80167,train
USA_cluster_80174,train
USA_cluster_80175,train
USA_cluster_80160,train
USA_cluster_80178,train
USA_cluster_80185,train
USA_cluster_80186,train
USA_cluster_80193,train
USA_cluster_80190,train
USA_cluster_80197,train
USA_cluster_8025,train
USA_cluster_80253,train
USA_cluster_80264,train
USA_cluster_80290,inspected
USA_cluster_8026,train
USA_cluster_8027,train
USA_cluster_80298,train
USA_cluster_8035,train
USA_cluster_80385,train
USA_cluster_8034,train
USA_cluster_80409,train
USA_cluster_80421,train
USA_cluster_80488,train
USA_cluster_80437,train
USA_cluster_8063,train
USA_cluster_8050,train
USA_cluster_8071,train
USA_cluster_8076,train
USA_cluster_80842,train
USA_cluster_80843,train
USA_cluster_80844,train
USA_cluster_80846,train
USA_cluster_80847,train
USA_cluster_80850,train
USA_cluster_80848,train
USA_cluster_80852,train
USA_cluster_80854,train
USA_cluster_80853,train
USA_cluster_80855,train
USA_cluster_80856,train
USA_cluster_80858,train
USA_cluster_80857,train
USA_cluster_80859,train
USA_cluster_80861,train
USA_cluster_80864,train
USA_cluster_80862,train
USA_cluster_80865,train
USA_cluster_80868,train
USA_cluster_80871,train
USA_cluster_80869,train
USA_cluster_80873,train
USA_cluster_80874,train
USA_cluster_80875,train
USA_cluster_80876,train
USA_cluster_80880,train
USA_cluster_80879,train
USA_cluster_80881,train
USA_cluster_80878,train
USA_cluster_80883,train
USA_cluster_80884,train
USA_cluster_80882,train
USA_cluster_80885,train
USA_cluster_80886,train
USA_cluster_80890,train
USA_cluster_80887,train
USA_cluster_80892,train
USA_cluster_80891,train
USA_cluster_80893,train
USA_cluster_80895,train
USA_cluster_80896,train
USA_cluster_80902,train
USA_cluster_80915,train
USA_cluster_80917,train
USA_cluster_80919,train
USA_cluster_80916,train
USA_cluster_80920,train
USA_cluster_80922,train
USA_cluster_80928,train
USA_cluster_80921,train
USA_cluster_80937,train
USA_cluster_80933,train
USA_cluster_8094,inspected
USA_cluster_80949,train
USA_cluster_80962,train
USA_cluster_80968,train
USA_cluster_8095,train
USA_cluster_80961,train
USA_cluster_80969,train
USA_cluster_80973,train
USA_cluster_80972,train
USA_cluster_80976,train
USA_cluster_80979,train
USA_cluster_80974,train
USA_cluster_80978,train
USA_cluster_80981,train
USA_cluster_80994,train
USA_cluster_80992,test
USA_cluster_80991,train
USA_cluster_80985,train
USA_cluster_81002,train
USA_cluster_80996,train
USA_cluster_81008,train
USA_cluster_81016,train
USA_cluster_81015,train
USA_cluster_81019,train
USA_cluster_81018,train
USA_cluster_81025,train
USA_cluster_81023,train
USA_cluster_81020,train
USA_cluster_81027,train
USA_cluster_81035,train
USA_cluster_81032,train
USA_cluster_81042,train
USA_cluster_81045,train
USA_cluster_81046,train
USA_cluster_81047,train
USA_cluster_81065,train
USA_cluster_81106,train
USA_cluster_81091,train
USA_cluster_81120,train
USA_cluster_81151,train
USA_cluster_81163,train
USA_cluster_81113,train
USA_cluster_81165,train
USA_cluster_81164,train
USA_cluster_81167,train
USA_cluster_81168,train
USA_cluster_81172,train
USA_cluster_81175,train
USA_cluster_81176,train
USA_cluster_81179,train
USA_cluster_81180,train
USA_cluster_81181,train
USA_cluster_81183,train
USA_cluster_81202,train
USA_cluster_8119,train
USA_cluster_81193,train
USA_cluster_8126,train
USA_cluster_8197,train
USA_cluster_822,train
USA_cluster_82257,train
USA_cluster_82262,train
USA_cluster_82263,train
USA_cluster_82264,train
USA_cluster_82265,train
USA_cluster_82268,train
USA_cluster_82269,train
USA_cluster_82266,train
USA_cluster_82270,train
USA_cluster_82271,train
USA_cluster_82276,train
USA_cluster_82272,train
USA_cluster_82274,train
USA_cluster_82277,train
USA_cluster_82278,train
USA_cluster_82279,train
USA_cluster_82290,train
USA_cluster_82291,train
USA_cluster_82293,train
USA_cluster_82292,train
USA_cluster_82294,train
USA_cluster_82296,train
USA_cluster_82297,train
USA_cluster_82301,train
USA_cluster_823,train
USA_cluster_82302,train
USA_cluster_82304,train
USA_cluster_82303,train
USA_cluster_82306,train
USA_cluster_82308,train
USA_cluster_82310,train
USA_cluster_82309,train
USA_cluster_82311,train
USA_cluster_82312,train
USA_cluster_82320,train
USA_cluster_82314,train
USA_cluster_82319,train
USA_cluster_82317,train
USA_cluster_82323,train
USA_cluster_82321,train
USA_cluster_82324,train
USA_cluster_82322,train
USA_cluster_82325,train
USA_cluster_82326,train
USA_cluster_82332,train
USA_cluster_82334,train
USA_cluster_82331,test
USA_cluster_82336,train
USA_cluster_82339,train
USA_cluster_82337,train
USA_cluster_82341,train
USA_cluster_82343,train
USA_cluster_82346,train
USA_cluster_82351,train
USA_cluster_82347,train
USA_cluster_82349,train
USA_cluster_82354,train
USA_cluster_82379,train
USA_cluster_82382,train
USA_cluster_82380,train
USA_cluster_82384,train
USA_cluster_82383,train
USA_cluster_82385,train
USA_cluster_82386,train
USA_cluster_82387,train
USA_cluster_82389,train
USA_cluster_82388,train
USA_cluster_82392,train
USA_cluster_82391,train
USA_cluster_82390,train
USA_cluster_82393,train
USA_cluster_82394,train
USA_cluster_82396,train
USA_cluster_82395,train
USA_cluster_82397,train
USA_cluster_82398,train
USA_cluster_82400,train
USA_cluster_82399,train
USA_cluster_82401,train
USA_cluster_82404,train
USA_cluster_82403,train
USA_cluster_82407,train
USA_cluster_82406,train
USA_cluster_82409,train
USA_cluster_82408,train
USA_cluster_82411,train
USA_cluster_82410,train
USA_cluster_82415,train
USA_cluster_82416,train
USA_cluster_82413,train
USA_cluster_82417,train
USA_cluster_82436,train
USA_cluster_82437,train
USA_cluster_82419,train
USA_cluster_82438,train
USA_cluster_82439,train
USA_cluster_82523,train
USA_cluster_82524,train
USA_cluster_82537,train
USA_cluster_82538,train
USA_cluster_82539,train
USA_cluster_82540,train
USA_cluster_82550,train
USA_cluster_82547,train
USA_cluster_82542,train
USA_cluster_82543,train
USA_cluster_82555,train
USA_cluster_82553,train
USA_cluster_82556,train
USA_cluster_82560,train
USA_cluster_82558,train
USA_cluster_82562,train
USA_cluster_82574,train
USA_cluster_82582,train
USA_cluster_82584,train
USA_cluster_82600,train
USA_cluster_82653,train
USA_cluster_82675,train
USA_cluster_82677,train
USA_cluster_82674,train
USA_cluster_82681,train
USA_cluster_82683,train
USA_cluster_82686,train
USA_cluster_82687,train
USA_cluster_82684,train
USA_cluster_82688,train
USA_cluster_82689,train
USA_cluster_82691,train
USA_cluster_82692,train
USA_cluster_82695,train
USA_cluster_82694,train
USA_cluster_82696,train
USA_cluster_82697,train
USA_cluster_82698,train
USA_cluster_82699,train
USA_cluster_82700,train
USA_cluster_827,train
USA_cluster_82701,train
USA_cluster_82703,train
USA_cluster_82704,train
USA_cluster_82711,train
USA_cluster_82705,train
USA_cluster_82708,train
USA_cluster_82712,train
USA_cluster_82713,train
USA_cluster_82716,train
USA_cluster_82714,train
USA_cluster_82719,train
USA_cluster_82724,train
USA_cluster_82722,train
USA_cluster_82725,train
USA_cluster_82727,train
USA_cluster_82726,train
USA_cluster_82718,train
USA_cluster_82730,train
USA_cluster_82731,train
USA_cluster_82729,train
USA_cluster_82733,train
USA_cluster_82728,train
USA_cluster_82732,train
USA_cluster_82735,train
USA_cluster_82736,train
USA_cluster_82737,train
USA_cluster_82740,train
USA_cluster_82741,train
USA_cluster_82746,train
USA_cluster_82738,train
USA_cluster_82744,train
USA_cluster_82745,train
USA_cluster_82747,train
USA_cluster_82749,train
USA_cluster_82797,train
USA_cluster_82750,train
USA_cluster_82800,inspected
USA_cluster_828,train
USA_cluster_82874,inspected
USA_cluster_82893,train
USA_cluster_82932,train
USA_cluster_82962,train
USA_cluster_83046,train
USA_cluster_83003,train
USA_cluster_83009,train
USA_cluster_83047,train
USA_cluster_83052,train
USA_cluster_8291,train
USA_cluster_83085,train
USA_cluster_83055,train
USA_cluster_83160,train
USA_cluster_83232,train
USA_cluster_832,train
USA_cluster_83237,train
USA_cluster_83147,train
USA_cluster_83248,train
USA_cluster_83252,train
USA_cluster_83255,train
USA_cluster_83258,train
USA_cluster_83260,train
USA_cluster_83274,train
USA_cluster_83284,train
USA_cluster_83309,train
USA_cluster_83283,train
USA_cluster_83306,train
USA_cluster_83634,train
USA_cluster_83661,train
USA_cluster_83589,train
USA_cluster_83543,train
USA_cluster_83672,train
USA_cluster_83669,train
USA_cluster_83768,train
USA_cluster_837,train
USA_cluster_83774,train
USA_cluster_83778,train
USA_cluster_83687,train
USA_cluster_83799,train
USA_cluster_83805,train
USA_cluster_83791,train
USA_cluster_83852,train
USA_cluster_83868,train
USA_cluster_83858,train
USA_cluster_83875,train
USA_cluster_83923,train
USA_cluster_83924,train
USA_cluster_83921,train
USA_cluster_83954,train
USA_cluster_83957,train
USA_cluster_83979,train
USA_cluster_83866,train
USA_cluster_83968,train
USA_cluster_83996,train
USA_cluster_84003,train
USA_cluster_84004,train
USA_cluster_84005,train
USA_cluster_84040,train
USA_cluster_84041,train
USA_cluster_84052,train
USA_cluster_84051,train
USA_cluster_84043,train
USA_cluster_84068,train
USA_cluster_84079,train
USA_cluster_84067,train
USA_cluster_84065,train
USA_cluster_84109,train
USA_cluster_84086,train
USA_cluster_84094,train
USA_cluster_84104,train
USA_cluster_84112,train
USA_cluster_84111,train
USA_cluster_84117,train
USA_cluster_84124,train
USA_cluster_84132,train
USA_cluster_84153,inspected
USA_cluster_843,train
USA_cluster_84114,train
USA_cluster_84118,train
USA_cluster_84347,inspected
USA_cluster_84481,train
USA_cluster_84608,train
USA_cluster_846,train
USA_cluster_84793,inspected
USA_cluster_8476,train
USA_cluster_84717,train
USA_cluster_84876,inspected
USA_cluster_84989,train
USA_cluster_85113,train
USA_cluster_848,inspected
USA_cluster_852,train
USA_cluster_85202,train
USA_cluster_85206,val
USA_cluster_85220,train
USA_cluster_85285,train
USA_cluster_8536,train
USA_cluster_85325,train
USA_cluster_85397,train
USA_cluster_85476,train
USA_cluster_85430,train
USA_cluster_85621,train
USA_cluster_85522,train
USA_cluster_85625,train
USA_cluster_85626,train
USA_cluster_85627,train
USA_cluster_85628,train
USA_cluster_85630,train
USA_cluster_85631,train
USA_cluster_85634,train
USA_cluster_85645,train
USA_cluster_85670,train
USA_cluster_85661,train
USA_cluster_85678,train
USA_cluster_85693,inspected
USA_cluster_85696,train
USA_cluster_85704,train
USA_cluster_8572,train
USA_cluster_8573,test
USA_cluster_85735,test
USA_cluster_85740,train
USA_cluster_85743,train
USA_cluster_85748,train
USA_cluster_85746,train
USA_cluster_85749,train
USA_cluster_85750,train
USA_cluster_85757,train
USA_cluster_85759,train
USA_cluster_85772,train
USA_cluster_85790,train
USA_cluster_85819,train
USA_cluster_85813,train
USA_cluster_85791,train
USA_cluster_85841,train
USA_cluster_85844,train
USA_cluster_85849,train
USA_cluster_85850,train
USA_cluster_85855,train
USA_cluster_85862,train
USA_cluster_85858,train
USA_cluster_85872,train
USA_cluster_85893,train
USA_cluster_85896,train
USA_cluster_85901,train
USA_cluster_85905,train
USA_cluster_85976,train
USA_cluster_85919,train
USA_cluster_85942,train
USA_cluster_85979,train
USA_cluster_86038,train
USA_cluster_86004,train
USA_cluster_85983,train
USA_cluster_86023,train
USA_cluster_86049,train
USA_cluster_86145,train
USA_cluster_86183,train
USA_cluster_8614,train
USA_cluster_86193,train
USA_cluster_86192,train
USA_cluster_86195,train
USA_cluster_86190,train
USA_cluster_86323,train
USA_cluster_86300,train
USA_cluster_86291,train
USA_cluster_86339,train
USA_cluster_8641,train
USA_cluster_8635,train
USA_cluster_86413,train
USA_cluster_86362,train
USA_cluster_86442,train
USA_cluster_86421,train
USA_cluster_86440,train
USA_cluster_86443,train
USA_cluster_86480,train
USA_cluster_865,inspected
USA_cluster_86454,train
USA_cluster_86655,train
USA_cluster_86518,train
USA_cluster_86679,train
USA_cluster_86677,train
USA_cluster_86683,train
USA_cluster_86686,train
USA_cluster_86701,train
USA_cluster_86698,train
USA_cluster_86772,train
USA_cluster_86816,train
USA_cluster_86796,train
USA_cluster_86831,train
USA_cluster_86842,train
USA_cluster_86858,train
USA_cluster_86859,train
USA_cluster_87019,train
USA_cluster_86986,train
USA_cluster_87017,train
USA_cluster_87112,train
USA_cluster_871,train
USA_cluster_87031,train
USA_cluster_87157,train
USA_cluster_87134,train
USA_cluster_87137,train
USA_cluster_87128,inspected
USA_cluster_87179,train
USA_cluster_87203,train
USA_cluster_87334,train
USA_cluster_87397,train
USA_cluster_87357,train
USA_cluster_87289,train
USA_cluster_87439,test
USA_cluster_87407,train
USA_cluster_87480,test
USA_cluster_87513,train
USA_cluster_87516,train
USA_cluster_87514,train
USA_cluster_87522,train
USA_cluster_87523,train
USA_cluster_87530,train
USA_cluster_87531,train
USA_cluster_87532,train
USA_cluster_87529,train
USA_cluster_87534,val
USA_cluster_87535,train
USA_cluster_87517,train
USA_cluster_87538,train
USA_cluster_87546,train
USA_cluster_87563,train
USA_cluster_87550,inspected
USA_cluster_87594,train
USA_cluster_87570,train
USA_cluster_87604,train
USA_cluster_87609,train
USA_cluster_87603,train
USA_cluster_87628,train
USA_cluster_87610,train
USA_cluster_87635,train
USA_cluster_87642,train
USA_cluster_87640,train
USA_cluster_8764,train
USA_cluster_8767,train
USA_cluster_87682,train
USA_cluster_87683,train
USA_cluster_87685,train
USA_cluster_87693,train
USA_cluster_87687,train
USA_cluster_87686,train
USA_cluster_8770,train
USA_cluster_87706,train
USA_cluster_87714,train
USA_cluster_87732,inspected
USA_cluster_87766,train
USA_cluster_87832,train
USA_cluster_87886,train
USA_cluster_8772,train
USA_cluster_8784,train
USA_cluster_87889,train
USA_cluster_87913,train
USA_cluster_8789,train
USA_cluster_87905,train
USA_cluster_87952,train
USA_cluster_87920,train
USA_cluster_8793,train
USA_cluster_87947,train
USA_cluster_88122,train
USA_cluster_87981,val
USA_cluster_88154,train
USA_cluster_8818,train
USA_cluster_88182,train
USA_cluster_88180,train
USA_cluster_88184,train
USA_cluster_8821,train
USA_cluster_8823,train
USA_cluster_8822,train
USA_cluster_8825,train
USA_cluster_8826,train
USA_cluster_88347,train
USA_cluster_883,train
USA_cluster_88355,train
USA_cluster_88350,train
USA_cluster_88378,train
USA_cluster_88390,train
USA_cluster_8839,train
USA_cluster_88396,train
USA_cluster_88405,train
USA_cluster_88402,train
USA_cluster_88410,train
USA_cluster_8841,train
USA_cluster_88439,train
USA_cluster_88425,train
USA_cluster_88503,train
USA_cluster_88519,train
USA_cluster_88530,train
USA_cluster_8854,inspected
USA_cluster_88570,train
USA_cluster_88454,train
USA_cluster_88641,train
USA_cluster_88644,train
USA_cluster_88647,train
USA_cluster_88643,inspected
USA_cluster_88652,train
USA_cluster_88654,train
USA_cluster_88666,train
USA_cluster_88655,train
USA_cluster_88667,train
USA_cluster_88660,train
USA_cluster_88683,train
USA_cluster_88677,train
USA_cluster_88684,train
USA_cluster_88688,train
USA_cluster_88694,train
USA_cluster_88702,train
USA_cluster_88698,train
USA_cluster_88709,train
USA_cluster_88714,train
USA_cluster_88717,train
USA_cluster_88752,train
USA_cluster_88756,train
USA_cluster_88761,train
USA_cluster_88780,train
USA_cluster_88768,train
USA_cluster_88729,train
USA_cluster_88785,train
USA_cluster_88791,train
USA_cluster_88809,train
USA_cluster_888,inspected
USA_cluster_88816,train
USA_cluster_88821,train
USA_cluster_88847,train
USA_cluster_88837,train
USA_cluster_88865,train
USA_cluster_88919,train
USA_cluster_88890,train
USA_cluster_88909,train
USA_cluster_88892,train
USA_cluster_88928,train
USA_cluster_88920,train
USA_cluster_88937,train
USA_cluster_88929,train
USA_cluster_88941,train
USA_cluster_890,inspected
USA_cluster_88949,train
USA_cluster_89058,train
USA_cluster_89056,train
USA_cluster_89000,train
USA_cluster_89069,train
USA_cluster_89072,train
USA_cluster_89157,train
USA_cluster_892,train
USA_cluster_89254,train
USA_cluster_89250,train
USA_cluster_89248,train
USA_cluster_89261,train
USA_cluster_89460,train
USA_cluster_893,train
USA_cluster_89304,train
USA_cluster_89463,train
USA_cluster_8956,train
USA_cluster_8963,train
USA_cluster_897,train
USA_cluster_89798,train
USA_cluster_89795,train
USA_cluster_89796,train
USA_cluster_89802,train
USA_cluster_89806,train
USA_cluster_89803,train
USA_cluster_89801,train
USA_cluster_89807,train
USA_cluster_89810,val
USA_cluster_89815,train
USA_cluster_89837,train
USA_cluster_8983,train
USA_cluster_89809,train
USA_cluster_89838,train
USA_cluster_89841,train
USA_cluster_89840,train
USA_cluster_89842,train
USA_cluster_89843,train
USA_cluster_89844,train
USA_cluster_89845,train
USA_cluster_89847,train
USA_cluster_89848,train
USA_cluster_89850,train
USA_cluster_89851,train
USA_cluster_89849,train
USA_cluster_89852,train
USA_cluster_89854,train
USA_cluster_89857,train
USA_cluster_89855,train
USA_cluster_89856,train
USA_cluster_89864,train
USA_cluster_89860,train
USA_cluster_89862,train
USA_cluster_89867,train
USA_cluster_89868,train
USA_cluster_89871,train
USA_cluster_89865,train
USA_cluster_89874,train
USA_cluster_89876,train
USA_cluster_89873,train
USA_cluster_89872,train
USA_cluster_89878,train
USA_cluster_89877,train
USA_cluster_89879,train
USA_cluster_89880,train
USA_cluster_89881,train
USA_cluster_89885,train
USA_cluster_89886,train
USA_cluster_89883,train
USA_cluster_89887,train
USA_cluster_89889,train
USA_cluster_89888,train
USA_cluster_89890,train
USA_cluster_89891,train
USA_cluster_89892,train
USA_cluster_89893,train
USA_cluster_89894,train
USA_cluster_89895,train
USA_cluster_89897,train
USA_cluster_89896,train
USA_cluster_89899,train
USA_cluster_89898,train
USA_cluster_89900,train
USA_cluster_8990,train
USA_cluster_89901,train
USA_cluster_89903,train
USA_cluster_89904,train
USA_cluster_89902,train
USA_cluster_89905,train
USA_cluster_89908,train
USA_cluster_89909,train
USA_cluster_89907,train
USA_cluster_89913,train
USA_cluster_89914,train
USA_cluster_89910,train
USA_cluster_89915,train
USA_cluster_89916,train
USA_cluster_89918,train
USA_cluster_89919,train
USA_cluster_89920,train
USA_cluster_89922,train
USA_cluster_89925,train
USA_cluster_89924,train
USA_cluster_89921,train
USA_cluster_89927,train
USA_cluster_89928,train
USA_cluster_89929,train
USA_cluster_89931,train
USA_cluster_89930,train
USA_cluster_89936,train
USA_cluster_89937,train
USA_cluster_89939,train
USA_cluster_89938,train
USA_cluster_89941,train
USA_cluster_89945,train
USA_cluster_89946,train
USA_cluster_89948,train
USA_cluster_89950,train
USA_cluster_89951,val
USA_cluster_89953,train
USA_cluster_89952,train
USA_cluster_89956,train
USA_cluster_89955,train
USA_cluster_89957,train
USA_cluster_89969,train
USA_cluster_89958,train
USA_cluster_89961,train
USA_cluster_89973,train
USA_cluster_8997,train
USA_cluster_90011,train
USA_cluster_89995,train
USA_cluster_90006,train
USA_cluster_90029,train
USA_cluster_90030,train
USA_cluster_90032,train
USA_cluster_90031,train
USA_cluster_90033,train
USA_cluster_90034,train
USA_cluster_90035,train
USA_cluster_90036,train
USA_cluster_90038,train
USA_cluster_90040,train
USA_cluster_9004,train
USA_cluster_90041,train
USA_cluster_90037,train
USA_cluster_90042,val
USA_cluster_90049,train
USA_cluster_90047,train
USA_cluster_90050,train
USA_cluster_90051,train
USA_cluster_90056,train
USA_cluster_90054,train
USA_cluster_90053,train
USA_cluster_90057,train
USA_cluster_90058,train
USA_cluster_90052,train
USA_cluster_90059,train
USA_cluster_90063,train
USA_cluster_90069,train
USA_cluster_90061,train
USA_cluster_90070,train
USA_cluster_90071,train
USA_cluster_90060,train
USA_cluster_90072,train
USA_cluster_90073,train
USA_cluster_90074,train
USA_cluster_90075,train
USA_cluster_90076,train
USA_cluster_90079,train
USA_cluster_90081,train
USA_cluster_90083,train
USA_cluster_90082,train
USA_cluster_90086,train
USA_cluster_90085,train
USA_cluster_90080,train
USA_cluster_90084,train
USA_cluster_90088,train
USA_cluster_90094,train
USA_cluster_90089,train
USA_cluster_90093,train
USA_cluster_90098,val
USA_cluster_90095,train
USA_cluster_90096,train
USA_cluster_90097,train
USA_cluster_90100,test
USA_cluster_90099,train
USA_cluster_90101,train
USA_cluster_90102,train
USA_cluster_90104,train
USA_cluster_90103,train
USA_cluster_90107,train
USA_cluster_90105,train
USA_cluster_90108,train
USA_cluster_90112,train
USA_cluster_90109,train
USA_cluster_90114,train
USA_cluster_90115,train
USA_cluster_90120,train
USA_cluster_90121,train
USA_cluster_90118,train
USA_cluster_90116,train
USA_cluster_90124,train
USA_cluster_90122,train
USA_cluster_90123,train
USA_cluster_90125,train
USA_cluster_90126,train
USA_cluster_90128,train
USA_cluster_90134,train
USA_cluster_90129,train
USA_cluster_90131,train
USA_cluster_90133,train
USA_cluster_90140,train
USA_cluster_90136,train
USA_cluster_90135,train
USA_cluster_90141,train
USA_cluster_90142,train
USA_cluster_90146,train
USA_cluster_90149,train
USA_cluster_90147,train
USA_cluster_90143,train
USA_cluster_90150,train
USA_cluster_90153,train
USA_cluster_90152,train
USA_cluster_90155,train
USA_cluster_90158,train
USA_cluster_90157,train
USA_cluster_90159,train
USA_cluster_90154,train
USA_cluster_90160,train
USA_cluster_90161,train
USA_cluster_90164,train
USA_cluster_90163,train
USA_cluster_90165,train
USA_cluster_90166,train
USA_cluster_90169,train
USA_cluster_90170,train
USA_cluster_90171,train
USA_cluster_90172,train
USA_cluster_90173,train
USA_cluster_90168,train
USA_cluster_90174,train
USA_cluster_90175,train
USA_cluster_90176,train
USA_cluster_90178,train
USA_cluster_90179,train
USA_cluster_90177,train
USA_cluster_9018,train
USA_cluster_90181,train
USA_cluster_90182,train
USA_cluster_90183,train
USA_cluster_90184,train
USA_cluster_90185,train
USA_cluster_90186,train
USA_cluster_90187,train
USA_cluster_90188,train
USA_cluster_90191,train
USA_cluster_90192,train
USA_cluster_90194,train
USA_cluster_90189,train
USA_cluster_90193,train
USA_cluster_90197,train
USA_cluster_90199,train
USA_cluster_90200,train
USA_cluster_90195,train
USA_cluster_90202,train
USA_cluster_9020,train
USA_cluster_90206,train
USA_cluster_90207,train
USA_cluster_90208,train
USA_cluster_90204,train
USA_cluster_90210,train
USA_cluster_90214,train
USA_cluster_90215,train
USA_cluster_90217,train
USA_cluster_90213,train
USA_cluster_90219,train
USA_cluster_90218,train
USA_cluster_90211,train
USA_cluster_9022,train
USA_cluster_90222,train
USA_cluster_90221,train
USA_cluster_90220,train
USA_cluster_90223,train
USA_cluster_90226,train
USA_cluster_90228,train
USA_cluster_90229,train
USA_cluster_90231,train
USA_cluster_90233,train
USA_cluster_90232,train
USA_cluster_90234,train
USA_cluster_90236,train
USA_cluster_90239,train
USA_cluster_90235,train
USA_cluster_90237,train
USA_cluster_90245,train
USA_cluster_90243,train
USA_cluster_90240,train
USA_cluster_90246,train
USA_cluster_90248,train
USA_cluster_90252,train
USA_cluster_90253,train
USA_cluster_90260,train
USA_cluster_90278,train
USA_cluster_90247,train
USA_cluster_90284,train
USA_cluster_90289,train
USA_cluster_90296,train
USA_cluster_90301,train
USA_cluster_90303,train
USA_cluster_90302,train
USA_cluster_90306,train
USA_cluster_90307,train
USA_cluster_90309,train
USA_cluster_90314,train
USA_cluster_90317,train
USA_cluster_90318,train
USA_cluster_90319,train
USA_cluster_90322,train
USA_cluster_90320,train
USA_cluster_90323,train
USA_cluster_90324,train
USA_cluster_90326,train
USA_cluster_90327,train
USA_cluster_90325,train
USA_cluster_90328,train
USA_cluster_90329,train
USA_cluster_90335,train
USA_cluster_90338,train
USA_cluster_90330,train
USA_cluster_90334,train
USA_cluster_90331,train
USA_cluster_90339,train
USA_cluster_90342,train
USA_cluster_90343,train
USA_cluster_90345,train
USA_cluster_90340,train
USA_cluster_90341,train
USA_cluster_90346,train
USA_cluster_90350,train
USA_cluster_90347,train
USA_cluster_90355,train
USA_cluster_90356,train
USA_cluster_90357,train
USA_cluster_90361,train
USA_cluster_90360,train
USA_cluster_90359,train
USA_cluster_90362,train
USA_cluster_90363,train
USA_cluster_90353,train
USA_cluster_90364,train
USA_cluster_90366,train
USA_cluster_90369,train
USA_cluster_90370,train
USA_cluster_90367,train
USA_cluster_90372,train
USA_cluster_90375,train
USA_cluster_90373,train
USA_cluster_90377,train
USA_cluster_90374,train
USA_cluster_90378,train
USA_cluster_90381,train
USA_cluster_90383,train
USA_cluster_90384,train
USA_cluster_90382,train
USA_cluster_90380,train
USA_cluster_90388,train
USA_cluster_90391,train
USA_cluster_90393,train
USA_cluster_90394,train
USA_cluster_90395,train
USA_cluster_90396,train
USA_cluster_90401,train
USA_cluster_90400,train
USA_cluster_90399,train
USA_cluster_90397,train
USA_cluster_90402,train
USA_cluster_90403,train
USA_cluster_90404,train
USA_cluster_90405,train
USA_cluster_90406,train
USA_cluster_90408,train
USA_cluster_90407,train
USA_cluster_90411,train
USA_cluster_90412,train
USA_cluster_9041,train
USA_cluster_90410,train
USA_cluster_90414,train
USA_cluster_90416,train
USA_cluster_90417,train
USA_cluster_90415,train
USA_cluster_90419,train
USA_cluster_90422,train
USA_cluster_90418,train
USA_cluster_90423,train
USA_cluster_90425,train
USA_cluster_90428,train
USA_cluster_90413,train
USA_cluster_90431,train
USA_cluster_90432,train
USA_cluster_90433,train
USA_cluster_90436,train
USA_cluster_90437,train
USA_cluster_90439,train
USA_cluster_90438,train
USA_cluster_90440,train
USA_cluster_90441,train
USA_cluster_90442,train
USA_cluster_90444,train
USA_cluster_90446,train
USA_cluster_90448,train
USA_cluster_90447,train
USA_cluster_90451,train
USA_cluster_90452,train
USA_cluster_90454,train
USA_cluster_90453,train
USA_cluster_90455,train
USA_cluster_90458,train
USA_cluster_90460,train
USA_cluster_90456,train
USA_cluster_90461,train
USA_cluster_90462,train
USA_cluster_90463,train
USA_cluster_90457,train
USA_cluster_90464,train
USA_cluster_90465,train
USA_cluster_90468,train
USA_cluster_90467,train
USA_cluster_90466,train
USA_cluster_90469,train
USA_cluster_90471,train
USA_cluster_90472,train
USA_cluster_90473,train
USA_cluster_90474,train
USA_cluster_90475,train
USA_cluster_90476,train
USA_cluster_90479,train
USA_cluster_90477,train
USA_cluster_90481,train
USA_cluster_90482,train
USA_cluster_90487,train
USA_cluster_90484,train
USA_cluster_90488,train
USA_cluster_90490,train
USA_cluster_90491,train
USA_cluster_90492,train
USA_cluster_90493,train
USA_cluster_90494,train
USA_cluster_90496,train
USA_cluster_90498,train
USA_cluster_90500,train
USA_cluster_90502,train
USA_cluster_90501,train
USA_cluster_90504,train
USA_cluster_90505,train
USA_cluster_90508,train
USA_cluster_90509,train
USA_cluster_90510,train
USA_cluster_90506,train
USA_cluster_90514,train
USA_cluster_90517,train
USA_cluster_90520,train
USA_cluster_90518,train
USA_cluster_90521,train
USA_cluster_90523,train
USA_cluster_90525,train
USA_cluster_90526,train
USA_cluster_90524,train
USA_cluster_90527,train
USA_cluster_90530,train
USA_cluster_90532,train
USA_cluster_90531,train
USA_cluster_90536,train
USA_cluster_90533,train
USA_cluster_90537,train
USA_cluster_90534,train
USA_cluster_90540,train
USA_cluster_90543,train
USA_cluster_90546,train
USA_cluster_90547,train
USA_cluster_90539,train
USA_cluster_90545,train
USA_cluster_90548,train
USA_cluster_90549,train
USA_cluster_90550,train
USA_cluster_90552,train
USA_cluster_90551,train
USA_cluster_90556,train
USA_cluster_90554,train
USA_cluster_90553,train
USA_cluster_90557,train
USA_cluster_90561,train
USA_cluster_90559,train
USA_cluster_90558,train
USA_cluster_90562,train
USA_cluster_90563,train
USA_cluster_90565,train
USA_cluster_90564,train
USA_cluster_90568,train
USA_cluster_90569,train
USA_cluster_90572,train
USA_cluster_90575,train
USA_cluster_90573,train
USA_cluster_90577,train
USA_cluster_90581,train
USA_cluster_90579,train
USA_cluster_90585,train
USA_cluster_90586,train
USA_cluster_90588,train
USA_cluster_90589,train
USA_cluster_90587,train
USA_cluster_90590,train
USA_cluster_90592,train
USA_cluster_90591,train
USA_cluster_90594,train
USA_cluster_90595,train
USA_cluster_90597,train
USA_cluster_90599,train
USA_cluster_90596,train
USA_cluster_90602,train
USA_cluster_90601,train
USA_cluster_90603,train
USA_cluster_90604,train
USA_cluster_90606,train
USA_cluster_90605,train
USA_cluster_90607,train
USA_cluster_90608,train
USA_cluster_90609,train
USA_cluster_90611,train
USA_cluster_90613,train
USA_cluster_90614,train
USA_cluster_90616,train
USA_cluster_90617,train
USA_cluster_90619,train
USA_cluster_90618,train
USA_cluster_90620,train
USA_cluster_90621,train
USA_cluster_90625,train
USA_cluster_90627,train
USA_cluster_90623,train
USA_cluster_90628,train
USA_cluster_90626,train
USA_cluster_90630,train
USA_cluster_90629,train
USA_cluster_90634,train
USA_cluster_90633,train
USA_cluster_90637,train
USA_cluster_90636,train
USA_cluster_90642,train
USA_cluster_90640,train
USA_cluster_90643,train
USA_cluster_90645,train
USA_cluster_90644,train
USA_cluster_90646,train
USA_cluster_90648,train
USA_cluster_90649,train
USA_cluster_90651,train
USA_cluster_90650,train
USA_cluster_90652,train
USA_cluster_90654,train
USA_cluster_90653,train
USA_cluster_90655,train
USA_cluster_90657,train
USA_cluster_90656,train
USA_cluster_90658,train
USA_cluster_90660,train
USA_cluster_90661,train
USA_cluster_90663,train
USA_cluster_90664,train
USA_cluster_90665,train
USA_cluster_90666,train
USA_cluster_90667,train
USA_cluster_90668,train
USA_cluster_90669,train
USA_cluster_90670,train
USA_cluster_90672,train
USA_cluster_90673,train
USA_cluster_90675,train
USA_cluster_90676,train
USA_cluster_90677,train
USA_cluster_90680,train
USA_cluster_90682,train
USA_cluster_90686,train
USA_cluster_90689,train
USA_cluster_90690,train
USA_cluster_90692,train
USA_cluster_90693,train
USA_cluster_90698,train
USA_cluster_90696,train
USA_cluster_90699,train
USA_cluster_90700,train
USA_cluster_90701,train
USA_cluster_90702,train
USA_cluster_90704,train
USA_cluster_90703,train
USA_cluster_90705,train
USA_cluster_90706,train
USA_cluster_90707,train
USA_cluster_90709,train
USA_cluster_90710,train
USA_cluster_90711,train
USA_cluster_90708,train
USA_cluster_90712,train
USA_cluster_90714,train
USA_cluster_90715,train
USA_cluster_90716,train
USA_cluster_90719,train
USA_cluster_90720,train
USA_cluster_90721,train
USA_cluster_90722,train
USA_cluster_90723,train
USA_cluster_90724,train
USA_cluster_90725,train
USA_cluster_90717,train
USA_cluster_90726,train
USA_cluster_90727,train
USA_cluster_90728,train
USA_cluster_90729,train
USA_cluster_90731,train
USA_cluster_90732,train
USA_cluster_90735,train
USA_cluster_90737,train
USA_cluster_90733,train
USA_cluster_90736,train
USA_cluster_90741,train
USA_cluster_90742,train
USA_cluster_90748,train
USA_cluster_90749,test
USA_cluster_90750,train
USA_cluster_90751,train
USA_cluster_90754,train
USA_cluster_90756,train
USA_cluster_90740,train
USA_cluster_90755,train
USA_cluster_90757,train
USA_cluster_90758,train
USA_cluster_90759,train
USA_cluster_90760,train
USA_cluster_90761,train
USA_cluster_90765,train
USA_cluster_90763,train
USA_cluster_90766,train
USA_cluster_90767,train
USA_cluster_90769,train
USA_cluster_90772,train
USA_cluster_90771,train
USA_cluster_90773,test
USA_cluster_90774,train
USA_cluster_90775,train
USA_cluster_90776,train
USA_cluster_90778,train
USA_cluster_90777,train
USA_cluster_90779,train
USA_cluster_90782,train
USA_cluster_90783,train
USA_cluster_90786,train
USA_cluster_90787,train
USA_cluster_90788,train
USA_cluster_90780,train
USA_cluster_90791,train
USA_cluster_90789,train
USA_cluster_90792,train
USA_cluster_90794,train
USA_cluster_90797,train
USA_cluster_90799,train
USA_cluster_90803,train
USA_cluster_90801,train
USA_cluster_90805,train
USA_cluster_90806,train
USA_cluster_90807,train
USA_cluster_90800,train
USA_cluster_90809,train
USA_cluster_90810,train
USA_cluster_90811,train
USA_cluster_90812,train
USA_cluster_90813,train
USA_cluster_90814,train
USA_cluster_90815,train
USA_cluster_90819,train
USA_cluster_90818,train
USA_cluster_90821,train
USA_cluster_90820,train
USA_cluster_90824,train
USA_cluster_90825,train
USA_cluster_90826,train
USA_cluster_90827,train
USA_cluster_90828,train
USA_cluster_90829,train
USA_cluster_90831,train
USA_cluster_90823,train
USA_cluster_90834,train
USA_cluster_90832,train
USA_cluster_90835,train
USA_cluster_90836,train
USA_cluster_90837,train
USA_cluster_90839,train
USA_cluster_90840,train
USA_cluster_90841,train
USA_cluster_90845,train
USA_cluster_90844,train
USA_cluster_90842,train
USA_cluster_90846,train
USA_cluster_90847,train
USA_cluster_90848,train
USA_cluster_90849,train
USA_cluster_90850,train
USA_cluster_90851,train
USA_cluster_90852,train
USA_cluster_90854,train
USA_cluster_90855,train
USA_cluster_90856,train
USA_cluster_90857,train
USA_cluster_90859,train
USA_cluster_90861,train
USA_cluster_90863,train
USA_cluster_90862,train
USA_cluster_90865,train
USA_cluster_90864,train
USA_cluster_90868,train
USA_cluster_90866,train
USA_cluster_90869,train
USA_cluster_90870,val
USA_cluster_90871,train
USA_cluster_90872,train
USA_cluster_90874,train
USA_cluster_90873,train
USA_cluster_90875,train
USA_cluster_90876,train
USA_cluster_90880,train
USA_cluster_90881,train
USA_cluster_90882,train
USA_cluster_90883,train
USA_cluster_90884,train
USA_cluster_90885,train
USA_cluster_90879,train
USA_cluster_90888,train
USA_cluster_90889,train
USA_cluster_90887,train
USA_cluster_90890,train
USA_cluster_90891,train
USA_cluster_90896,train
USA_cluster_90894,train
USA_cluster_90897,train
USA_cluster_90899,train
USA_cluster_90900,train
USA_cluster_90902,train
USA_cluster_90901,train
USA_cluster_90903,train
USA_cluster_90905,train
USA_cluster_90907,train
USA_cluster_90908,train
USA_cluster_90910,train
USA_cluster_90909,train
USA_cluster_90912,train
USA_cluster_90913,train
USA_cluster_90911,val
USA_cluster_90917,train
USA_cluster_90919,train
USA_cluster_9092,train
USA_cluster_90921,train
USA_cluster_90920,train
USA_cluster_90916,train
USA_cluster_90922,train
USA_cluster_90923,train
USA_cluster_90924,train
USA_cluster_90925,train
USA_cluster_90926,train
USA_cluster_90928,train
USA_cluster_90929,train
USA_cluster_90931,train
USA_cluster_90933,train
USA_cluster_90936,train
USA_cluster_90935,train
USA_cluster_90937,train
USA_cluster_90934,test
USA_cluster_90939,train
USA_cluster_90940,train
USA_cluster_90941,train
USA_cluster_90942,train
USA_cluster_90943,train
USA_cluster_90948,train
USA_cluster_90945,train
USA_cluster_90954,train
USA_cluster_90952,train
USA_cluster_90957,train
USA_cluster_90955,train
USA_cluster_90959,train
USA_cluster_90958,train
USA_cluster_90961,train
USA_cluster_90964,train
USA_cluster_90967,train
USA_cluster_90960,train
USA_cluster_90968,train
USA_cluster_90973,train
USA_cluster_90976,train
USA_cluster_90977,train
USA_cluster_90978,train
USA_cluster_90980,train
USA_cluster_90981,train
USA_cluster_90985,train
USA_cluster_90984,train
USA_cluster_90987,train
USA_cluster_90993,train
USA_cluster_90996,train
USA_cluster_91006,train
USA_cluster_91005,train
USA_cluster_91008,train
USA_cluster_91012,train
USA_cluster_91014,train
USA_cluster_91015,train
USA_cluster_91013,train
USA_cluster_91016,train
USA_cluster_91023,train
USA_cluster_91034,train
USA_cluster_91026,train
USA_cluster_91046,train
USA_cluster_91045,train
USA_cluster_91062,train
USA_cluster_91047,train
USA_cluster_91067,train
USA_cluster_91072,train
USA_cluster_91083,train
USA_cluster_91093,train
USA_cluster_91097,train
USA_cluster_91112,train
USA_cluster_91124,test
USA_cluster_91123,test
USA_cluster_91129,train
USA_cluster_91141,train
USA_cluster_91154,train
USA_cluster_91173,train
USA_cluster_91179,train
USA_cluster_91176,train
USA_cluster_91185,train
USA_cluster_91202,train
USA_cluster_91221,train
USA_cluster_91236,train
USA_cluster_91243,train
USA_cluster_91263,train
USA_cluster_91287,train
USA_cluster_91312,train
USA_cluster_91319,train
USA_cluster_91328,train
USA_cluster_91371,train
USA_cluster_91352,train
USA_cluster_91337,train
USA_cluster_91375,train
USA_cluster_91373,train
USA_cluster_91377,train
USA_cluster_91378,train
USA_cluster_91381,train
USA_cluster_9138,train
USA_cluster_91384,train
USA_cluster_91385,train
USA_cluster_91382,train
USA_cluster_91380,train
USA_cluster_91388,train
USA_cluster_91386,train
USA_cluster_91387,train
USA_cluster_91389,train
USA_cluster_91390,train
USA_cluster_91393,train
USA_cluster_91391,train
USA_cluster_91394,train
USA_cluster_91395,train
USA_cluster_91399,train
USA_cluster_91397,train
USA_cluster_91400,train
USA_cluster_91404,train
USA_cluster_91406,train
USA_cluster_91403,train
USA_cluster_91408,train
USA_cluster_91409,train
USA_cluster_91411,train
USA_cluster_91410,train
USA_cluster_91412,train
USA_cluster_91415,train
USA_cluster_91413,train
USA_cluster_91414,train
USA_cluster_91416,train
USA_cluster_91417,train
USA_cluster_91418,train
USA_cluster_91420,train
USA_cluster_91419,train
USA_cluster_91423,train
USA_cluster_91425,train
USA_cluster_91426,train
USA_cluster_91427,train
USA_cluster_91428,train
USA_cluster_91430,train
USA_cluster_91431,train
USA_cluster_91432,train
USA_cluster_91433,train
USA_cluster_91435,train
USA_cluster_91437,train
USA_cluster_91438,train
USA_cluster_91439,train
USA_cluster_91440,train
USA_cluster_91441,train
USA_cluster_91444,train
USA_cluster_91445,train
USA_cluster_91443,train
USA_cluster_91446,train
USA_cluster_91447,train
USA_cluster_91448,train
USA_cluster_91449,train
USA_cluster_91450,train
USA_cluster_91452,train
USA_cluster_91455,train
USA_cluster_91454,train
USA_cluster_91456,train
USA_cluster_91458,train
USA_cluster_91457,train
USA_cluster_91460,train
USA_cluster_91462,train
USA_cluster_91464,train
USA_cluster_91463,train
USA_cluster_91465,train
USA_cluster_91466,train
USA_cluster_91471,train
USA_cluster_91470,train
USA_cluster_91469,train
USA_cluster_91467,train
USA_cluster_91473,train
USA_cluster_91474,train
USA_cluster_91476,train
USA_cluster_91477,train
USA_cluster_91478,train
USA_cluster_91481,train
USA_cluster_91479,train
USA_cluster_91482,train
USA_cluster_91485,train
USA_cluster_91484,train
USA_cluster_91487,train
USA_cluster_91483,train
USA_cluster_91497,train
USA_cluster_91507,train
USA_cluster_91580,train
USA_cluster_91587,train
USA_cluster_91591,train
USA_cluster_91671,train
USA_cluster_91677,train
USA_cluster_91690,train
USA_cluster_91689,train
USA_cluster_91711,train
USA_cluster_91703,train
USA_cluster_91735,train
USA_cluster_91753,train
USA_cluster_91745,train
USA_cluster_91741,train
USA_cluster_91757,train
USA_cluster_91766,train
USA_cluster_91758,train
USA_cluster_91759,train
USA_cluster_91781,train
USA_cluster_91792,train
USA_cluster_91785,train
USA_cluster_91803,train
USA_cluster_91793,train
USA_cluster_91809,train
USA_cluster_91845,train
USA_cluster_91811,train
USA_cluster_91846,train
USA_cluster_91858,train
USA_cluster_91864,train
USA_cluster_91881,train
USA_cluster_91867,train
USA_cluster_91886,train
USA_cluster_91909,train
USA_cluster_91896,train
USA_cluster_91910,val
USA_cluster_91912,train
USA_cluster_91911,train
USA_cluster_91919,train
USA_cluster_91923,train
USA_cluster_91925,train
USA_cluster_91927,train
USA_cluster_91930,train
USA_cluster_91943,train
USA_cluster_91954,train
USA_cluster_91948,train
USA_cluster_92028,train
USA_cluster_92039,train
USA_cluster_92066,train
USA_cluster_92038,train
USA_cluster_92073,train
USA_cluster_92084,train
USA_cluster_92112,train
USA_cluster_92122,train
USA_cluster_92111,train
USA_cluster_92136,train
USA_cluster_92134,train
USA_cluster_92154,train
USA_cluster_92141,train
USA_cluster_92140,train
USA_cluster_92184,train
USA_cluster_92217,train
USA_cluster_9218,train
USA_cluster_92218,train
USA_cluster_92222,train
USA_cluster_92255,train
USA_cluster_92308,train
USA_cluster_92256,train
USA_cluster_92353,train
USA_cluster_92383,val
USA_cluster_92381,train
USA_cluster_92409,train
USA_cluster_92443,train
USA_cluster_92413,train
USA_cluster_92465,train
USA_cluster_92464,train
USA_cluster_92472,train
USA_cluster_92469,train
USA_cluster_92476,train
USA_cluster_92488,train
USA_cluster_92497,train
USA_cluster_92557,train
USA_cluster_92503,train
USA_cluster_92570,train
USA_cluster_92579,train
USA_cluster_92595,train
USA_cluster_92587,train
USA_cluster_92607,train
USA_cluster_92603,train
USA_cluster_92632,train
USA_cluster_92624,inspected
USA_cluster_92657,train
USA_cluster_92689,train
USA_cluster_92677,train
USA_cluster_92662,train
USA_cluster_92692,train
USA_cluster_92704,train
USA_cluster_92691,train
USA_cluster_92774,train
USA_cluster_92739,train
USA_cluster_92880,train
USA_cluster_92743,train
USA_cluster_93105,train
USA_cluster_92992,train
USA_cluster_92994,train
USA_cluster_93142,train
USA_cluster_93156,inspected
USA_cluster_93347,train
USA_cluster_9318,train
USA_cluster_9339,train
USA_cluster_9344,train
USA_cluster_93509,train
USA_cluster_93524,train
USA_cluster_93726,train
USA_cluster_9353,train
USA_cluster_93765,train
USA_cluster_93921,train
USA_cluster_94044,train
USA_cluster_940,train
USA_cluster_93943,train
USA_cluster_94045,train
USA_cluster_94063,train
USA_cluster_94053,train
USA_cluster_94092,train
USA_cluster_94085,train
USA_cluster_94103,train
USA_cluster_94108,train
USA_cluster_94099,train
USA_cluster_94107,train
USA_cluster_94146,train
USA_cluster_94154,train
USA_cluster_9417,train
USA_cluster_94174,train
USA_cluster_94291,train
USA_cluster_94430,train
USA_cluster_94480,train
USA_cluster_9445,train
USA_cluster_94509,train
USA_cluster_94559,train
USA_cluster_94685,train
USA_cluster_9478,train
USA_cluster_9476,train
USA_cluster_95214,train
USA_cluster_95123,train
USA_cluster_95163,train
USA_cluster_95218,train
USA_cluster_95236,train
USA_cluster_95238,train
USA_cluster_95316,train
USA_cluster_9531,train
USA_cluster_95318,train
USA_cluster_95369,train
USA_cluster_95427,train
USA_cluster_95401,train
USA_cluster_95398,train
USA_cluster_9549,train
USA_cluster_95588,train
USA_cluster_95587,train
USA_cluster_95595,train
USA_cluster_95596,train
USA_cluster_95599,train
USA_cluster_95686,train
USA_cluster_95641,train
USA_cluster_95623,train
USA_cluster_95690,train
USA_cluster_95704,train
USA_cluster_95722,train
USA_cluster_95750,train
USA_cluster_95764,train
USA_cluster_95763,train
USA_cluster_95771,train
USA_cluster_95775,train
USA_cluster_95851,train
USA_cluster_95809,train
USA_cluster_95855,train
USA_cluster_95975,train
USA_cluster_96023,train
USA_cluster_95986,train
USA_cluster_96157,train
USA_cluster_96166,train
USA_cluster_96140,train
USA_cluster_96185,inspected
USA_cluster_96206,train
USA_cluster_96212,train
USA_cluster_96211,train
USA_cluster_96215,train
USA_cluster_96216,train
USA_cluster_96225,train
USA_cluster_96235,train
USA_cluster_96242,train
USA_cluster_96254,train
USA_cluster_96218,train
USA_cluster_96236,train
USA_cluster_96273,train
USA_cluster_96259,train
USA_cluster_96286,train
USA_cluster_96291,train
USA_cluster_96309,train
USA_cluster_96308,train
USA_cluster_96313,train
USA_cluster_96338,train
USA_cluster_96322,train
USA_cluster_96324,train
USA_cluster_96364,train
USA_cluster_96386,train
USA_cluster_96400,train
USA_cluster_96440,train
USA_cluster_96385,train
USA_cluster_96444,train
USA_cluster_96519,train
USA_cluster_96493,train
USA_cluster_96528,train
USA_cluster_96597,train
USA_cluster_96522,train
USA_cluster_96547,train
USA_cluster_96619,train
USA_cluster_96613,train
USA_cluster_96622,train
USA_cluster_96595,train
USA_cluster_96635,train
USA_cluster_9664,train
USA_cluster_96641,train
USA_cluster_96625,inspected
USA_cluster_96650,train
USA_cluster_96657,train
USA_cluster_96669,train
USA_cluster_96675,train
USA_cluster_96672,train
USA_cluster_96681,train
USA_cluster_96711,train
USA_cluster_96682,train
USA_cluster_96754,train
USA_cluster_9678,inspected
USA_cluster_97034,train
USA_cluster_96948,inspected
USA_cluster_97116,val
USA_cluster_97109,train
USA_cluster_9714,train
USA_cluster_9715,train
USA_cluster_9726,train
USA_cluster_97268,train
USA_cluster_9717,train
USA_cluster_97277,train
USA_cluster_97271,train
USA_cluster_97296,train
USA_cluster_97280,train
USA_cluster_97312,train
USA_cluster_97328,train
USA_cluster_97353,train
USA_cluster_97391,train
USA_cluster_97437,train
USA_cluster_9742,inspected
USA_cluster_9744,train
USA_cluster_97436,train
USA_cluster_9745,train
USA_cluster_97454,train
USA_cluster_97462,train
USA_cluster_97456,train
USA_cluster_97470,train
USA_cluster_97471,train
USA_cluster_97475,train
USA_cluster_9750,train
USA_cluster_97503,train
USA_cluster_97504,train
USA_cluster_97507,train
USA_cluster_97530,train
USA_cluster_97548,train
USA_cluster_97531,train
USA_cluster_97545,train
USA_cluster_97553,train
USA_cluster_97561,train
USA_cluster_97565,train
USA_cluster_97563,inspected
USA_cluster_97601,train
USA_cluster_97635,train
USA_cluster_97570,train
USA_cluster_97688,train
USA_cluster_9766,train
USA_cluster_97704,train
USA_cluster_97752,train
USA_cluster_97775,train
USA_cluster_97761,train
USA_cluster_97785,train
USA_cluster_97803,train
USA_cluster_97809,inspected
USA_cluster_97818,train
USA_cluster_97822,train
USA_cluster_97824,train
USA_cluster_97833,train
USA_cluster_97849,train
USA_cluster_9785,inspected
USA_cluster_97859,train
USA_cluster_97856,train
USA_cluster_97884,train
USA_cluster_97891,train
USA_cluster_97895,train
USA_cluster_97905,train
USA_cluster_97909,train
USA_cluster_97920,train
USA_cluster_97912,train
USA_cluster_97925,train
USA_cluster_97922,train
USA_cluster_97938,train
USA_cluster_97967,train
USA_cluster_97986,train
USA_cluster_97987,train
USA_cluster_97997,train
USA_cluster_97780,train
USA_cluster_98,train
USA_cluster_98010,train
USA_cluster_98049,train
USA_cluster_98050,train
USA_cluster_9805,train
USA_cluster_98069,train
USA_cluster_98066,train
USA_cluster_98067,train
USA_cluster_98070,train
USA_cluster_98078,train
USA_cluster_98077,train
USA_cluster_9808,train
USA_cluster_98080,train
USA_cluster_98083,train
USA_cluster_98086,train
USA_cluster_98085,train
USA_cluster_98087,train
USA_cluster_98091,train
USA_cluster_98100,train
USA_cluster_98102,train
USA_cluster_98108,train
USA_cluster_98103,train
USA_cluster_98122,train
USA_cluster_98123,train
USA_cluster_98131,train
USA_cluster_98140,train
USA_cluster_98144,train
USA_cluster_98139,train
USA_cluster_98152,train
USA_cluster_98146,train
USA_cluster_98160,train
USA_cluster_98197,train
USA_cluster_98200,train
USA_cluster_98202,train
USA_cluster_98212,train
USA_cluster_98217,train
USA_cluster_98222,train
USA_cluster_98221,train
USA_cluster_98219,train
USA_cluster_98223,train
USA_cluster_98225,train
USA_cluster_98224,train
USA_cluster_98229,train
USA_cluster_98226,train
USA_cluster_98232,train
USA_cluster_98228,train
USA_cluster_98230,train
USA_cluster_98233,train
USA_cluster_98234,train
USA_cluster_98235,train
USA_cluster_98238,train
USA_cluster_98236,train
USA_cluster_97991,inspected
USA_cluster_98240,train
USA_cluster_98249,train
USA_cluster_98244,train
USA_cluster_98241,train
USA_cluster_98250,train
USA_cluster_9825,train
USA_cluster_98251,train
USA_cluster_98255,train
USA_cluster_98256,train
USA_cluster_98258,train
USA_cluster_98257,train
USA_cluster_98259,train
USA_cluster_98261,train
USA_cluster_98260,train
USA_cluster_98265,train
USA_cluster_98268,val
USA_cluster_98269,train
USA_cluster_98270,train
USA_cluster_98271,train
USA_cluster_98273,train
USA_cluster_98276,train
USA_cluster_98277,train
USA_cluster_98279,train
USA_cluster_98283,train
USA_cluster_98280,train
USA_cluster_98287,train
USA_cluster_98288,train
USA_cluster_98290,train
USA_cluster_98291,train
USA_cluster_98293,train
USA_cluster_9829,train
USA_cluster_98295,train
USA_cluster_98297,train
USA_cluster_98301,train
USA_cluster_98299,train
USA_cluster_98303,train
USA_cluster_98304,train
USA_cluster_98305,train
USA_cluster_98308,train
USA_cluster_98311,train
USA_cluster_9831,train
USA_cluster_98316,train
USA_cluster_98307,train
USA_cluster_98317,train
USA_cluster_98324,train
USA_cluster_98321,train
USA_cluster_98323,train
USA_cluster_98318,train
USA_cluster_98325,train
USA_cluster_98328,train
USA_cluster_98329,train
USA_cluster_98326,train
USA_cluster_98333,train
USA_cluster_98336,train
USA_cluster_98334,train
USA_cluster_98338,train
USA_cluster_98339,train
USA_cluster_98341,train
USA_cluster_98346,train
USA_cluster_98344,train
USA_cluster_98348,train
USA_cluster_98343,train
USA_cluster_98349,train
USA_cluster_98351,train
USA_cluster_98353,train
USA_cluster_9835,train
USA_cluster_98355,train
USA_cluster_98357,train
USA_cluster_98356,train
USA_cluster_98359,train
USA_cluster_98362,train
USA_cluster_98365,train
USA_cluster_98350,train
USA_cluster_98366,train
USA_cluster_98367,train
USA_cluster_98369,train
USA_cluster_98370,train
USA_cluster_98371,train
USA_cluster_98372,train
USA_cluster_98374,train
USA_cluster_98376,train
USA_cluster_98375,train
USA_cluster_98377,train
USA_cluster_98378,train
USA_cluster_98379,train
USA_cluster_98382,train
USA_cluster_98385,train
USA_cluster_98387,train
USA_cluster_98388,train
USA_cluster_98393,train
USA_cluster_98394,train
USA_cluster_98395,train
USA_cluster_98396,train
USA_cluster_98397,train
USA_cluster_98399,train
USA_cluster_98402,train
USA_cluster_98398,train
USA_cluster_98401,train
USA_cluster_98404,train
USA_cluster_98403,train
USA_cluster_98408,train
USA_cluster_98405,train
USA_cluster_98412,train
USA_cluster_98410,train
USA_cluster_98409,train
USA_cluster_98414,train
USA_cluster_98415,train
USA_cluster_98416,train
USA_cluster_98417,train
USA_cluster_98419,train
USA_cluster_98422,train
USA_cluster_9842,train
USA_cluster_98423,train
USA_cluster_98424,train
USA_cluster_98427,train
USA_cluster_98428,train
USA_cluster_98431,train
USA_cluster_98432,train
USA_cluster_98433,train
USA_cluster_98434,train
USA_cluster_98435,train
USA_cluster_98436,train
USA_cluster_98437,train
USA_cluster_98440,train
USA_cluster_98442,train
USA_cluster_98443,train
USA_cluster_98444,train
USA_cluster_98447,test
USA_cluster_98450,train
USA_cluster_98455,train
USA_cluster_98453,train
USA_cluster_98456,train
USA_cluster_98457,train
USA_cluster_98459,train
USA_cluster_98461,train
USA_cluster_98462,train
USA_cluster_98463,train
USA_cluster_98465,train
USA_cluster_98464,train
USA_cluster_98472,train
USA_cluster_98469,train
USA_cluster_98474,train
USA_cluster_98473,train
USA_cluster_98475,train
USA_cluster_98477,train
USA_cluster_98480,train
USA_cluster_98478,train
USA_cluster_98479,train
USA_cluster_98481,train
USA_cluster_98483,train
USA_cluster_98482,train
USA_cluster_98484,train
USA_cluster_98485,train
USA_cluster_98488,train
USA_cluster_98486,train
USA_cluster_98489,train
USA_cluster_98490,train
USA_cluster_98491,train
USA_cluster_98493,train
USA_cluster_98495,train
USA_cluster_98497,train
USA_cluster_98500,train
USA_cluster_98498,train
USA_cluster_98496,train
USA_cluster_98507,train
USA_cluster_98503,train
USA_cluster_98501,train
USA_cluster_98510,train
USA_cluster_98512,train
USA_cluster_98514,train
USA_cluster_98511,train
USA_cluster_98517,train
USA_cluster_98519,train
USA_cluster_98518,train
USA_cluster_9852,train
USA_cluster_98520,train
USA_cluster_98521,train
USA_cluster_98526,train
USA_cluster_98527,train
USA_cluster_98530,train
USA_cluster_98531,train
USA_cluster_98534,train
USA_cluster_98535,train
USA_cluster_98536,train
USA_cluster_98538,train
USA_cluster_98540,train
USA_cluster_98544,train
USA_cluster_98542,train
USA_cluster_98547,train
USA_cluster_98551,train
USA_cluster_98549,train
USA_cluster_98546,train
USA_cluster_98553,train
USA_cluster_98556,train
USA_cluster_98554,train
USA_cluster_98557,train
USA_cluster_98559,train
USA_cluster_98560,train
USA_cluster_98561,train
USA_cluster_98562,train
USA_cluster_98563,train
USA_cluster_98565,train
USA_cluster_98566,train
USA_cluster_98569,train
USA_cluster_98568,train
USA_cluster_98575,train
USA_cluster_98574,val
USA_cluster_98576,train
USA_cluster_98577,train
USA_cluster_98579,train
USA_cluster_98580,train
USA_cluster_98582,train
USA_cluster_98583,train
USA_cluster_98585,train
USA_cluster_98584,train
USA_cluster_98586,train
USA_cluster_98590,train
USA_cluster_98597,train
USA_cluster_98593,train
USA_cluster_98592,train
USA_cluster_98600,train
USA_cluster_98602,train
USA_cluster_98598,train
USA_cluster_98604,train
USA_cluster_98606,train
USA_cluster_98607,train
USA_cluster_98610,train
USA_cluster_98620,train
USA_cluster_98621,train
USA_cluster_98624,train
USA_cluster_98622,train
USA_cluster_98623,train
USA_cluster_98630,train
USA_cluster_98629,train
USA_cluster_98626,train
USA_cluster_98631,train
USA_cluster_98635,train
USA_cluster_98632,train
USA_cluster_98636,train
USA_cluster_98641,train
USA_cluster_98645,train
USA_cluster_98643,train
USA_cluster_98647,train
USA_cluster_98649,train
USA_cluster_98651,train
USA_cluster_98650,train
USA_cluster_98652,train
USA_cluster_98654,train
USA_cluster_98658,train
USA_cluster_98660,train
USA_cluster_98659,train
USA_cluster_98661,train
USA_cluster_98671,train
USA_cluster_98669,train
USA_cluster_98667,train
USA_cluster_98670,train
USA_cluster_98672,train
USA_cluster_98684,train
USA_cluster_98685,train
USA_cluster_98681,train
USA_cluster_98686,train
USA_cluster_98688,train
USA_cluster_98689,train
USA_cluster_98698,train
USA_cluster_98702,train
USA_cluster_98705,train
USA_cluster_98711,train
USA_cluster_98712,train
USA_cluster_98717,train
USA_cluster_98739,train
USA_cluster_98719,train
USA_cluster_98733,train
USA_cluster_98742,train
USA_cluster_98755,train
USA_cluster_98759,train
USA_cluster_98761,train
USA_cluster_98752,train
USA_cluster_98769,train
USA_cluster_98779,train
USA_cluster_98804,train
USA_cluster_98807,train
USA_cluster_98823,train
USA_cluster_98881,train
USA_cluster_98883,train
USA_cluster_98884,train
USA_cluster_98889,train
USA_cluster_98887,train
USA_cluster_98890,train
USA_cluster_98882,train
USA_cluster_98897,train
USA_cluster_98899,train
USA_cluster_98893,train
USA_cluster_98903,train
USA_cluster_98901,train
USA_cluster_98902,train
USA_cluster_98905,train
USA_cluster_98904,train
USA_cluster_98910,train
USA_cluster_98906,train
USA_cluster_98911,train
USA_cluster_98916,train
USA_cluster_98921,train
USA_cluster_98922,train
USA_cluster_98923,train
USA_cluster_98924,train
USA_cluster_98925,train
USA_cluster_98930,train
USA_cluster_98933,train
USA_cluster_98934,train
USA_cluster_98926,train
USA_cluster_98935,train
USA_cluster_98936,val
USA_cluster_98938,train
USA_cluster_98939,train
USA_cluster_98940,train
USA_cluster_98946,train
USA_cluster_98948,train
USA_cluster_98947,train
USA_cluster_98950,train
USA_cluster_98954,train
USA_cluster_98955,train
USA_cluster_98956,train
USA_cluster_98961,train
USA_cluster_98957,train
USA_cluster_98959,train
USA_cluster_98964,train
USA_cluster_98970,train
USA_cluster_98971,train
USA_cluster_98974,train
USA_cluster_98972,train
USA_cluster_98973,train
USA_cluster_98979,train
USA_cluster_98975,train
USA_cluster_98978,train
USA_cluster_98983,train
USA_cluster_98982,train
USA_cluster_98980,train
USA_cluster_98986,train
USA_cluster_98987,train
USA_cluster_98988,train
USA_cluster_98993,train
USA_cluster_98995,train
USA_cluster_98996,train
USA_cluster_98998,train
USA_cluster_98999,train
USA_cluster_99000,train
USA_cluster_99001,train
USA_cluster_99004,train
USA_cluster_98960,train
USA_cluster_99005,train
USA_cluster_99008,train
USA_cluster_99009,train
USA_cluster_99012,train
USA_cluster_99013,train
USA_cluster_99011,train
USA_cluster_99014,train
USA_cluster_99016,train
USA_cluster_99017,train
USA_cluster_99021,train
USA_cluster_99028,train
USA_cluster_99025,train
USA_cluster_99026,train
USA_cluster_99029,train
USA_cluster_99034,train
USA_cluster_99031,train
USA_cluster_99039,train
USA_cluster_99036,train
USA_cluster_99042,train
USA_cluster_99040,train
USA_cluster_99043,train
USA_cluster_99047,train
USA_cluster_99049,train
USA_cluster_99051,train
USA_cluster_99048,train
USA_cluster_99052,train
USA_cluster_99053,train
USA_cluster_99054,train
USA_cluster_99061,train
USA_cluster_99055,train
USA_cluster_99056,train
USA_cluster_99058,train
USA_cluster_99068,train
USA_cluster_99073,train
USA_cluster_99067,train
USA_cluster_99078,train
USA_cluster_99075,train
USA_cluster_99084,train
USA_cluster_99079,train
USA_cluster_99086,train
USA_cluster_99087,train
USA_cluster_99088,train
USA_cluster_99089,train
USA_cluster_99091,train
USA_cluster_99092,train
USA_cluster_99093,train
USA_cluster_99094,train
USA_cluster_99095,train
USA_cluster_99101,train
USA_cluster_99100,train
USA_cluster_99102,train
USA_cluster_99105,train
USA_cluster_99106,train
USA_cluster_99098,train
USA_cluster_99107,train
USA_cluster_99108,train
USA_cluster_99112,train
USA_cluster_99113,train
USA_cluster_99116,train
USA_cluster_99115,train
USA_cluster_99117,train
USA_cluster_99119,train
USA_cluster_99124,train
USA_cluster_99121,train
USA_cluster_99125,train
USA_cluster_99126,train
USA_cluster_99129,train
USA_cluster_99127,train
USA_cluster_99131,train
USA_cluster_99133,train
USA_cluster_99134,train
USA_cluster_99137,train
USA_cluster_99139,train
USA_cluster_99140,train
USA_cluster_99138,train
USA_cluster_99145,train
USA_cluster_99143,train
USA_cluster_99141,train
USA_cluster_99148,train
USA_cluster_99149,train
USA_cluster_99153,train
USA_cluster_99118,train
USA_cluster_99151,train
USA_cluster_99154,train
USA_cluster_99157,train
USA_cluster_99156,train
USA_cluster_99159,train
USA_cluster_99155,train
USA_cluster_99158,train
USA_cluster_99160,train
USA_cluster_99161,train
USA_cluster_99163,train
USA_cluster_99164,train
USA_cluster_99165,train
USA_cluster_99167,train
USA_cluster_99168,train
USA_cluster_99169,train
USA_cluster_99178,train
USA_cluster_99179,train
USA_cluster_99175,train
USA_cluster_99173,train
USA_cluster_99181,train
USA_cluster_99182,train
USA_cluster_99183,train
USA_cluster_99184,train
USA_cluster_99189,train
USA_cluster_99188,train
USA_cluster_99192,train
USA_cluster_99187,train
USA_cluster_99196,train
USA_cluster_99197,train
USA_cluster_99198,train
USA_cluster_99199,train
USA_cluster_99200,train
USA_cluster_99201,train
USA_cluster_99204,train
USA_cluster_99206,train
USA_cluster_99207,train
USA_cluster_99208,train
USA_cluster_99209,train
USA_cluster_99211,train
USA_cluster_99203,train
USA_cluster_99212,train
USA_cluster_99213,train
USA_cluster_99219,train
USA_cluster_99217,train
USA_cluster_99220,train
USA_cluster_99222,train
USA_cluster_99221,train
USA_cluster_99223,train
USA_cluster_99224,train
USA_cluster_99230,train
USA_cluster_99231,train
USA_cluster_99227,train
USA_cluster_99233,train
USA_cluster_99235,train
USA_cluster_99240,train
USA_cluster_99239,train
USA_cluster_99238,train
USA_cluster_99243,train
USA_cluster_99237,train
USA_cluster_99248,train
USA_cluster_99246,train
USA_cluster_99245,train
USA_cluster_99250,train
USA_cluster_99251,train
USA_cluster_99255,train
USA_cluster_99244,train
USA_cluster_99258,train
USA_cluster_99259,train
USA_cluster_99266,train
USA_cluster_99262,train
USA_cluster_99267,train
USA_cluster_99268,train
USA_cluster_99269,train
USA_cluster_99272,train
USA_cluster_99275,train
USA_cluster_99278,train
USA_cluster_99279,train
USA_cluster_99280,train
USA_cluster_99281,train
USA_cluster_99285,train
USA_cluster_99286,train
USA_cluster_99283,train
USA_cluster_99288,train
USA_cluster_99292,train
USA_cluster_99284,train
USA_cluster_99295,train
USA_cluster_99294,train
USA_cluster_99287,train
USA_cluster_99296,train
USA_cluster_99298,train
USA_cluster_99297,train
USA_cluster_99299,train
USA_cluster_99300,train
USA_cluster_99301,train
USA_cluster_99302,train
USA_cluster_99305,train
USA_cluster_99311,train
USA_cluster_99312,train
USA_cluster_99303,train
USA_cluster_99309,train
USA_cluster_99321,train
USA_cluster_99313,train
USA_cluster_99317,train
USA_cluster_99324,train
USA_cluster_99323,train
USA_cluster_99325,train
USA_cluster_99318,train
USA_cluster_99330,train
USA_cluster_99335,train
USA_cluster_99336,train
USA_cluster_99329,train
USA_cluster_99337,train
USA_cluster_99331,train
USA_cluster_99341,train
USA_cluster_99342,train
USA_cluster_99346,train
USA_cluster_99348,train
USA_cluster_99345,train
USA_cluster_99349,train
USA_cluster_99344,train
USA_cluster_99350,train
USA_cluster_99352,train
USA_cluster_99356,train
USA_cluster_99355,train
USA_cluster_99362,train
USA_cluster_99351,train
USA_cluster_99365,train
USA_cluster_99366,val
USA_cluster_99369,train
USA_cluster_99368,train
USA_cluster_99367,train
USA_cluster_99370,train
USA_cluster_99372,train
USA_cluster_99378,train
USA_cluster_99375,train
USA_cluster_99376,train
USA_cluster_99385,train
USA_cluster_99389,train
USA_cluster_99391,train
USA_cluster_99387,train
USA_cluster_99395,train
USA_cluster_99401,train
USA_cluster_99400,train
USA_cluster_99404,train
USA_cluster_99405,train
USA_cluster_99406,train
USA_cluster_99407,train
USA_cluster_99414,train
USA_cluster_99410,train
USA_cluster_99425,train
USA_cluster_99422,train
USA_cluster_99399,train
USA_cluster_99449,train
USA_cluster_99452,train
USA_cluster_99441,train
USA_cluster_99453,train
USA_cluster_99454,train
USA_cluster_99461,train
USA_cluster_99462,train
USA_cluster_99457,train
USA_cluster_99464,train
USA_cluster_99469,train
USA_cluster_99468,train
USA_cluster_99470,train
USA_cluster_99473,train
USA_cluster_99478,train
USA_cluster_99477,train
USA_cluster_99484,train
USA_cluster_99506,train
USA_cluster_99490,train
USA_cluster_995,train
USA_cluster_99510,train
USA_cluster_99512,train
USA_cluster_99567,train
USA_cluster_99532,train
USA_cluster_99572,train
USA_cluster_99593,train
USA_cluster_99624,train
USA_cluster_99631,train
USA_cluster_99632,train
USA_cluster_99649,train
USA_cluster_99656,train
USA_cluster_99644,train
USA_cluster_99677,train
USA_cluster_99704,train
USA_cluster_99700,train
USA_cluster_99709,train
USA_cluster_99715,train
USA_cluster_99716,test
USA_cluster_99743,train
USA_cluster_99747,train
USA_cluster_99795,train
USA_cluster_99799,train
USA_cluster_99798,train
USA_cluster_99814,inspected
USA_cluster_99827,train
USA_cluster_99833,inspected
USA_cluster_99850,train
USA_cluster_99842,train
USA_cluster_99882,train
USA_cluster_99947,train
USA_cluster_99955,train
USA_cluster_99613,train
AFG_cluster_121,inspected
AFG_cluster_151,inspected
AFG_cluster_19,inspected
AFG_cluster_243,inspected
AFG_cluster_514,inspected
AFG_cluster_266,inspected
AFG_cluster_18,inspected
AFG_cluster_446,inspected
AFG_cluster_219,inspected
AFG_cluster_390,inspected
AFG_cluster_496,inspected
AFG_cluster_214,inspected
AFG_cluster_168,inspected
AFG_cluster_253,inspected
AFG_cluster_516,inspected
AFG_cluster_153,inspected
AGO_cluster_152,inspected
AGO_cluster_273,inspected
AGO_cluster_220,inspected
AFG_cluster_560,inspected
AGO_cluster_153,inspected
BDI_cluster_22,inspected
AGO_cluster_317,inspected
AGO_cluster_271,inspected
BDI_cluster_45,inspected
AFG_cluster_599,inspected
AFG_cluster_53,inspected
AGO_cluster_261,inspected
AFG_cluster_55,inspected
BFA_cluster_31,inspected
BFA_cluster_75,inspected
BGD_cluster_448,inspected
BGD_cluster_463,inspected
BGD_cluster_462,inspected
BGD_cluster_288,inspected
BGD_cluster_396,inspected
BGD_cluster_465,inspected
BGD_cluster_528,inspected
AFG_cluster_89,inspected
BGD_cluster_636,inspected
BWA_cluster_13,inspected
BWA_cluster_75,inspected
BWA_cluster_8,inspected
BWA_cluster_177,inspected
BWA_cluster_7,inspected
BGD_cluster_633,inspected
BWA_cluster_167,inspected
BWA_cluster_151,inspected
CAN_cluster_3744,inspected
COD_cluster_205,inspected
COD_cluster_299,inspected
COD_cluster_291,inspected
CAN_cluster_5121,inspected
COD_cluster_269,inspected
COD_cluster_57,inspected
CAN_cluster_5435,inspected
COD_cluster_44,inspected
COD_cluster_63,inspected
CAN_cluster_908,inspected
COG_cluster_14,inspected
COG_cluster_17,inspected
COD_cluster_59,inspected
COG_cluster_18,inspected
COG_cluster_15,inspected
COG_cluster_46,inspected
COG_cluster_28,inspected
COG_cluster_45,inspected
DZA_cluster_2004,inspected
DZA_cluster_124,inspected
DZA_cluster_143,inspected
DZA_cluster_2421,inspected
DZA_cluster_3772,inspected
ECU_cluster_2157,inspected
ECU_cluster_2139,inspected
DZA_cluster_2441,inspected
DZA_cluster_2796,inspected
COG_cluster_31,inspected
DZA_cluster_407,inspected
ECU_cluster_2165,inspected
ECU_cluster_2179,inspected
ECU_cluster_2186,inspected
DZA_cluster_3632,inspected
ECU_cluster_519,inspected
ECU_cluster_401,inspected
EGY_cluster_4651,inspected
EGY_cluster_1625,inspected
EGY_cluster_1653,inspected
ERI_cluster_13,inspected
EGY_cluster_2650,inspected
ERI_cluster_34,inspected
EGY_cluster_6140,inspected
ETH_cluster_156,inspected
ERI_cluster_49,inspected
EGY_cluster_6337,inspected
EGY_cluster_2675,inspected
EGY_cluster_4663,inspected
ETH_cluster_153,inspected
ERI_cluster_1,inspected
ETH_cluster_254,inspected
ETH_cluster_157,inspected
ETH_cluster_294,inspected
ETH_cluster_272,inspected
IDN_cluster_10570,inspected
ETH_cluster_372,inspected
ETH_cluster_373,inspected
ETH_cluster_370,inspected
GMB_cluster_5,inspected
ETH_cluster_380,inspected
IDN_cluster_2149,inspected
ETH_cluster_418,inspected
IDN_cluster_2138,inspected
GMB_cluster_0,inspected
IDN_cluster_5328,inspected
IDN_cluster_6377,inspected
IND_cluster_10458,inspected
IDN_cluster_509,inspected
IDN_cluster_3611,inspected
IDN_cluster_8074,inspected
IND_cluster_31632,inspected
IND_cluster_27134,inspected
IND_cluster_35907,inspected
IND_cluster_37557,inspected
IND_cluster_18677,inspected
KEN_cluster_359,inspected
IND_cluster_38427,inspected
IND_cluster_4902,inspected
KEN_cluster_400,inspected
KEN_cluster_447,inspected
KEN_cluster_866,inspected
LBR_cluster_13,inspected
KEN_cluster_402,inspected
IND_cluster_11930,inspected
KEN_cluster_442,inspected
LBR_cluster_17,inspected
LBR_cluster_8,inspected
LBR_cluster_28,inspected
LBR_cluster_2,inspected
KEN_cluster_827,inspected
KEN_cluster_576,inspected
KEN_cluster_92,inspected
KEN_cluster_544,inspected
EGY_cluster_4646,inspected
LBY_cluster_115,inspected
LBY_cluster_1751,inspected
LBY_cluster_1076,inspected
LBY_cluster_92,inspected
LBY_cluster_829,inspected
MDG_cluster_106,inspected
LBY_cluster_12,inspected
LBY_cluster_1644,inspected
LBY_cluster_26,inspected
LBY_cluster_293,inspected
MDG_cluster_49,inspected
LSO_cluster_23,inspected
MDG_cluster_66,inspected
MDG_cluster_71,inspected
MOZ_cluster_171,inspected
MLI_cluster_8,inspected
MLI_cluster_5,inspected
MLI_cluster_13,inspected
MOZ_cluster_127,inspected
MOZ_cluster_59,inspected
MOZ_cluster_45,inspected
MOZ_cluster_76,inspected
MOZ_cluster_44,inspected
MOZ_cluster_50,inspected
MOZ_cluster_61,inspected
MOZ_cluster_51,inspected
MOZ_cluster_60,inspected
MRT_cluster_18,inspected
MRT_cluster_2,inspected
MRT_cluster_23,inspected
MRT_cluster_19,inspected
MRT_cluster_17,inspected
MRT_cluster_37,inspected
MWI_cluster_138,inspected
MWI_cluster_160,inspected
MRT_cluster_4,inspected
MRT_cluster_42,inspected
MWI_cluster_162,inspected
MWI_cluster_38,inspected
MWI_cluster_175,inspected
MWI_cluster_35,inspected
MWI_cluster_6,inspected
MWI_cluster_222,inspected
MWI_cluster_41,inspected
MWI_cluster_44,inspected
NAM_cluster_116,inspected
MWI_cluster_85,inspected
NAM_cluster_105,inspected
NAM_cluster_100,inspected
NAM_cluster_93,inspected
NAM_cluster_108,inspected
NAM_cluster_73,inspected
NAM_cluster_107,inspected
NAM_cluster_125,inspected
NAM_cluster_95,inspected
NGA_cluster_198,inspected
NGA_cluster_319,inspected
NGA_cluster_124,inspected
NGA_cluster_935,inspected
NER_cluster_13,inspected
NGA_cluster_83,inspected
NGA_cluster_76,inspected
NGA_cluster_68,inspected
NAM_cluster_99,inspected
PAK_cluster_2248,inspected
PAK_cluster_5119,inspected
PAK_cluster_1402,inspected
NGA_cluster_901,inspected
PAK_cluster_5322,inspected
NGA_cluster_945,inspected
PAK_cluster_5135,inspected
RUS_cluster_17891,inspected
PAK_cluster_5614,inspected
PAK_cluster_9249,inspected
PAK_cluster_5873,inspected
PAK_cluster_6335,inspected
RUS_cluster_19923,inspected
RUS_cluster_22457,inspected
RUS_cluster_27280,inspected
RUS_cluster_25967,inspected
RUS_cluster_41367,inspected
RUS_cluster_32830,inspected
RWA_cluster_2,inspected
RUS_cluster_41115,inspected
RWA_cluster_5,inspected
RWA_cluster_17,inspected
RUS_cluster_35491,inspected
RWA_cluster_7,inspected
RUS_cluster_35147,inspected
RWA_cluster_100,inspected
RWA_cluster_70,inspected
RWA_cluster_63,inspected
RWA_cluster_66,inspected
SAU_cluster_1081,inspected
RWA_cluster_62,inspected
SAU_cluster_1501,inspected
SAU_cluster_1458,inspected
SAU_cluster_1495,inspected
SAU_cluster_3757,inspected
SDN_cluster_121,inspected
SAU_cluster_1489,inspected
SAU_cluster_1432,inspected
SDN_cluster_500,inspected
SAU_cluster_3743,inspected
SDN_cluster_111,inspected
SDN_cluster_669,inspected
SDN_cluster_768,inspected
SAU_cluster_3964,inspected
SLE_cluster_11,inspected
SDN_cluster_667,inspected
SLE_cluster_8,inspected
SDN_cluster_769,inspected
SDN_cluster_685,inspected
SDN_cluster_773,inspected
SLE_cluster_10,inspected
SOM_cluster_26,inspected
SOM_cluster_27,inspected
SOM_cluster_19,inspected
SOM_cluster_4,inspected
SOM_cluster_3,inspected
ZAF_cluster_1498,inspected
SDN_cluster_684,inspected
ZAF_cluster_1465,inspected
ZAF_cluster_1493,inspected
ZAF_cluster_1289,inspected
ZAF_cluster_3364,inspected
ZAF_cluster_2607,inspected
ZAF_cluster_1542,inspected
SOM_cluster_23,inspected
ZAF_cluster_286,inspected
ZAF_cluster_1543,inspected
TCD_cluster_0,inspected
ZAF_cluster_3620,inspected
TUN_cluster_1049,inspected
SYR_cluster_414,inspected
SYR_cluster_704,inspected
TCD_cluster_1,inspected
TUN_cluster_1029,inspected
TGO_cluster_21,inspected
SYR_cluster_504,inspected
TGO_cluster_34,inspected
SYR_cluster_646,inspected
TUN_cluster_1177,inspected
SLE_cluster_24,inspected
TUN_cluster_349,inspected
TZA_cluster_279,inspected
TUN_cluster_743,inspected
TZA_cluster_278,inspected
TUN_cluster_765,inspected
TZA_cluster_244,inspected
TUN_cluster_979,inspected
TUN_cluster_821,inspected
TUN_cluster_351,inspected
SAU_cluster_1431,inspected
TZA_cluster_284,inspected
TZA_cluster_282,inspected
TZA_cluster_285,inspected
SYR_cluster_169,inspected
TZA_cluster_306,inspected
TZA_cluster_359,inspected
UGA_cluster_244,inspected
TZA_cluster_364,inspected
UGA_cluster_126,inspected
TZA_cluster_281,inspected
UGA_cluster_156,inspected
UGA_cluster_39,inspected
UGA_cluster_281,inspected
UGA_cluster_282,inspected
UGA_cluster_129,inspected
UGA_cluster_153,inspected
UGA_cluster_268,inspected
TZA_cluster_283,inspected
YEM_cluster_1313,inspected
YEM_cluster_1308,inspected
YEM_cluster_58,inspected
YEM_cluster_1307,inspected
YEM_cluster_635,inspected
YEM_cluster_59,inspected
ZMB_cluster_163,inspected
ZMB_cluster_169,inspected
YEM_cluster_843,inspected
ZMB_cluster_171,inspected
ZMB_cluster_449,inspected
ZMB_cluster_170,inspected
ZMB_cluster_243,inspected
YEM_cluster_921,inspected
ZMB_cluster_446,inspected
ZMB_cluster_441,inspected
ZMB_cluster_502,inspected
ZWE_cluster_296,inspected
ZWE_cluster_134,inspected
ZWE_cluster_352,inspected
ZWE_cluster_463,inspected
ZWE_cluster_325,inspected
ZWE_cluster_554,inspected
ZWE_cluster_506,inspected
ZWE_cluster_762,inspected
ZWE_cluster_529,inspected
ZMB_cluster_209,inspected
BWA_cluster_89,inspected
